priority_rank	accession	title	instrument_model	is_pure_timstof	acquisition_mode	acq_confidence	acq_source	organisms	organism_keys	lab	submitter	tissue	publication_date	has_bruker_files	n_bruker_files	bruker_size_gb	warnings
1	PXD073446	Proteomic Insights into Rice Protein Palmitoylation and Its Role in Cytosolic Translation	timsTOF	TRUE	DDA	0.6	software_inference:maxquant	Oryza sativa (rice)	oryza_sativa_(rice)	for Conservation and Utilization of Subtropical Agro-bioresources, College of Agriculture, Guangxi University, Nanning 530004, China	Qiutao Xu	leaf	2026-02-11				
2	PXD073076	Doublet Microtubule-Associated Tektins and Enzymes Differentially Regulate Sperm Flagellar Integrity and Motility	timsTOF HT	FALSE	PASEF	0.9	protocol_text	Mus musculus (mouse)	mouse	Liangzhu Lab, Zhejiang University	Miao Gui	spermatozoon	2026-01-15				mixed_instruments
3	PXD072749	Functional characterisation of components in two Plasmodium falciparum Cullin-RING-Ligase complexes	timsTOF Pro	FALSE	diaPASEF	0.95	protocol_text	Plasmodium falciparum (isolate 3d7)	plasmodium_falciparum_(isolate	The Walter and Eliza Hall institute of Medical Research, Department of Medical Biology, Faculty of Medicine, Dentistry and Health Sciences, The University of Melbourne	Alan Cowman	erythrocyte	2026-01-09				mixed_instruments
4	PXD070239	Application of VHH-immobilized cryogel-based immunoaffinity chromatography for isolation of extracellular vesicles from human plasma	timsTOF fleX	TRUE	DIA	0.85	protocol_text	"Homo sapiens (human); Escherichia coli"	"human; ecoli"	Proteomics Core Facility, School of Science, National and Kapodistrian University of Athens, Athens, Greece	Guillaume Médard	blood plasma	2025-12-08				multi_organism
5	PXD071478	Proteomic Analysis of Lysine Crotonylation (Kcr) in Reynoutria japonica Seedlings	timsTOF Pro 2	TRUE	PASEF	0.9	protocol_text	Reynoutria japonica	reynoutria_japonica	Hubei University of Medicine	Lei You	plant cell	2025-12-03				
6	PXD066053	The Aged Neuronal Aggregome Identified by BONCAT	timsTOF Ultra	TRUE	unknown	0.0	none	Mus musculus (mouse)	mouse	Department of Neurology and Neurological Sciences, Stanford University, Stanford, CA, USA	Tony Wyss-Coray	brain	2025-11-07				unknown_acquisition_mode
7	PXD064049	Extrachromosomal DNA-driven oncogene dosage heterogeneity promotes rapid adaptation to therapy in MYCN-amplified cancers	timsTOF SCP	TRUE	single-cell	0.9	protocol_text	Homo sapiens (human)	human	Max Delbrück Center  Robert-Rössle-Straße 10 13125 Berlin, Germany	Dr. Fabian Coscia	neuroblastoma cell line	2025-07-05				
8	PXD054488	Heterogeneity Assessment and Protein Pathway Prediction via Spatial Lipidomic and Proteomic Correlation: Advancing Dry Proteomics concept for Human Glioblastoma Prognosis	timsTOF fleX	TRUE	MALDI	0.95	protocol_text	Rattus norvegicus (rat)	rat	PRISM laboratory - Inserm U1192	Salzet Michel	brain	2025-05-07				
9	PXD072314	"Additional files for Project PXD047856 ""Exploring the extracellular landscape of cyanobacteria with deep exoproteomics"""	timsTOF	TRUE	diaPASEF	0.95	protocol_text	"Nostoc punctiforme (strain atcc 29133 / pcc 73102); Synechocystis sp. pcc 6803; Picosynechococcus sp. pcc 11901"	"nostoc_punctiforme_(strain_atc; synechocystis_sp._pcc_6803; picosynechococcus_sp._pcc_1190"	Friedrich Schiller University Jena	David A. Russo	cell culture	2026-01-05				multi_organism
10	PXD069059	Proteomic and morphologic characterization of ovine macrophage differentiation and polarization – cell lysates	timsTOF Pro	TRUE	DDA	0.85	protocol_text	Ovis aries	ovis_aries	University of Vienna, Faculty of Chemistry, Department of Analytical Chemistry	Christopher Gerner	monocyte	2026-01-12				
11	PXD068303	Melatonin Rescues Triclosan-Disrupted Porcine Oocyte Meiosis via Suppression of p53-Mediated Apoptosis	timsTOF Pro 2	TRUE	DIA	0.85	protocol_text	Sus scrofa (pig)	pig	College of Animal Science, Shanxi Agricultural University	Guoqing Cao	oocyte	2025-11-17				
12	PXD064017	Single-Cell and Spatial Multi-Omics Reveal Mechanical Stress Driving Heterogeneous Xylem Development in Populus [Phosphoproteomics]	timsTOF HT	TRUE	single-cell	0.9	protocol_text	Populus trichocarpa (western balsam poplar) (populus balsamifera subsp. trichocarpa)	populus_trichocarpa_(western_b	Department of Life Science, College of Life Science, National Taiwan University, Taipei, Taiwan	Ying-Chung Jimmy	xylem	2025-06-18				
13	PXD068416	The molecular structure of Photosystem I from Chromera velia: A Mehler machine at 1.84 A resolution	timsTOF SCP	TRUE	PASEF	0.9	protocol_text	Chromera velia	chromera_velia	Institute of Microbiology of the Czech Academy of Sciences	Petr Man	photosynthetic cell	2026-01-02				
14	PXD066948	Repost of Proteomics characterization of barnacle shell matrix protein	timsTOF Pro	TRUE	unknown	0.0	none	Amphibalanus amphitrite (striped barnacle) (balanus amphitrite)	amphibalanus_amphitrite_(strip	Duke University in Rittschof Lab	B. Mitchell	exoskeleton	2025-08-16				unknown_acquisition_mode
15	PXD068118	Tracking Arabidopsis PCNA1 and PCNA2 with a Human PCNA Nanobody-Based Chromobody	timsTOF Pro 2	TRUE	DDA	0.85	protocol_text	Arabidopsis thaliana (mouse-ear cress)	arabidopsis	DIADE, IRD, CIRAD, Université de Montpellier, Montpellier, France	Mathieu Ingouff	bud	2025-09-11				
16	PXD059560	Data-independent acquisition parallel accumulation-serial fragmentation (diaPASEF) analysis of the separated zebrafish lens improves identifications	timsTOF HT	FALSE	diaPASEF	0.95	protocol_text	Danio rerio (zebrafish) (brachydanio rerio)	zebrafish	Department of Biochemistry, Vanderbilt University, USA	Kevin Schey	lens	2025-03-20				mixed_instruments
17	PXD069035	Stramonita haemastoma - salivary glands of two specimens (S-0622-42 and S-0622-58)	timsTOF fleX	TRUE	PASEF	0.9	protocol_text	Stramonita haemastoma	stramonita_haemastoma	Dept. CMIM y Química Inorgánica-INBIO, Facultad de Ciencias, Universidad de Cádiz	Manuel Jiménez Tenorio	salivary gland cell	2025-12-18				
18	PXD061447	Taxonomic identification of bone fragments in resin-embedded sediment blocks through palaeoproteomics	timsTOF	FALSE	DDA	0.85	protocol_text	"Bos taurus (bovine); Pecora; Ursus arctos (brown bear) (grizzly bear); Ursus; Bovinae; Caprinae; Canis lupus; Equus caballus (horse)"	"bovine; pecora; ursus_arctos_(brown_bear)_(gri; ursus; bovinae; caprinae; canis_lupus; equus_caballus_(horse)"	Globe Institute, University of Copenhagen, Denmark	Frido Welker	bone	2025-09-02				"mixed_instruments; multi_organism"
19	PXD067756	Proteomic and phosphoproteomic study in the retina, choroid, and sclera of guinea pigs with form-deprivation myopia	timsTOF Pro	TRUE	DIA	0.85	protocol_text	Cavia porcellus (guinea pig)	cavia_porcellus_(guinea_pig)	Affiliated Eye Hospital of Shandong University of Traditional Chinese Medicine	Hongsheng Bi	sclera	2025-11-17				
20	PXD063833	Serological paroteomic biomarkers for monitoring liver fibrosis regression in on-treatment hepatities b patients	timsTOF Pro 2	TRUE	PRM	0.85	protocol_text	Homo sapiens (human)	human	Beijing Friendship Hospital, Capital Medical University	Hong You	blood cell	2025-08-24				
21	PXD063225	Loss of Serine/Threonine Protein Phosphatase 6 Severely Impairs Sexual Stage Development in Malaria Parasite Plasmodium berghei	timsTOF Pro	TRUE	unknown	0.0	none	Plasmodium berghei	plasmodium_berghei	Department of Immunology, College of Basic Medical Science, China Medical University, Shenyang, Liaoning 110122, China	Xiaotong Zhu	gametocyte	2025-06-03				unknown_acquisition_mode
22	PXD055742	Discovery of a novel antifungal compound, ilicicolin K, through genetic activation of the ilicicolin biosynthetic pathway in Trichoderma reesei	timsTOF HT	TRUE	diaPASEF	0.95	protocol_text	Trichoderma reesei	trichoderma_reesei	TU Wien, Institute of Chemical Technologies and Analytics, 1060 Wien, Austria	Matthias Schittmayer	mycelium	2025-03-13				
23	PXD024578	Comparative proteomic analysis of the plant-pathogen interaction in resistant and susceptible peanut cultivars infected by Cylindrocladium parasiticum	timsTOF Pro	TRUE	single-cell	0.9	protocol_text	Arachis hypogaea (peanut)	arachis_hypogaea_(peanut)	Innovative Institute for Plant Health, Zhongkai University of Agriculture and Engineering, Guangzhou, China	Zhangyong Dong	root	2022-10-14				
24	PXD061528	Proteome profiling of cerebrospinal fluid-derived extracellular vesicles reveals potential biomarkers for drug-resistant epilepsy	timsTOF fleX	TRUE	PASEF	0.9	protocol_text	Canis lupus	canis_lupus	Head of Proteomics	Tuula Nyman	cerebrospinal fluid	2025-12-22				
25	PXD044628	Expression profile of Rhodnius prolixus midgut associated-aspartic proteases	timsTOF	TRUE	DDA	0.6	software_inference:maxquant	Rhodnius prolixus (triatomid bug)	rhodnius_prolixus_(triatomid_b	Laboratory of Vector-Pathogen Biology, Proteomic Platform, Department of Molecular Biology, Université Libre de Bruxelles	Radouane OUALI	anterior midgut	2024-04-28				
26	PXD050498	Distinct SIV-specific lymphoid tissue CD8 T cells exhibit simultaneous effector and stem-like profiles and associate with limited SIV persistence	timsTOF Pro 2	TRUE	DIA	0.65	software_inference:spectronaut	Macaca mulatta (rhesus macaque)	macaca_mulatta_(rhesus_macaque	"Division of Microbiology and Immunology, Emory National Primate Research Center, Emory University; Atlanta, Georgia, USA"	Mirko Paiardini	blood	2024-06-11				
27	PXD060584	Biphasic in vitro maturation (CAPA-IVM) on equine oocytes	timsTOF SCP	TRUE	diaPASEF	0.95	protocol_text	Equus caballus (horse)	equus_caballus_(horse)	Department of Biomolecular Medicine, Ghent University, Ghent, Belgium VIB Center for Medical Biotechnology, VIB, Ghent, Belgium	Kris Gevaert	oocyte	2025-06-07				
28	PXD069594	A new role for lipoproteins LpqZ and FecB in orchestrating mycobacterial cell envelope biogenesis	timsTOF HT	TRUE	PASEF	0.9	protocol_text	"Bacteria; Mycobacterium marinum atcc baa-535"	"bacteria; mycobacterium_marinum_atcc_baa"	OncoProteomics Laboratory, Dept of Medical Oncology, Amsterdam University Medical Center, Amsterdam, The Netherlands	Dr Connie Jimenez	tuberculosis	2025-12-12				multi_organism
29	PXD066030	Neuron-Microglia Protein Transfer	timsTOF Ultra	TRUE	unknown	0.0	none	Mus musculus (mouse)	mouse	Dept of Neurology and Neurological Sciences, Stanford University, Stanford, CA, USA	Tony Wyss-Coray	microglial cell	2025-11-07				unknown_acquisition_mode
30	PXD039304	Proteome-wide analysis and functional identification of lysine β-hydroxybutyrylation in Ustilaginoidea virens	timsTOF	TRUE	PASEF	0.9	protocol_text	Ustilaginoidea virens	ustilaginoidea_virens	College of Plant Protection, Anhui Agricultural University	Xiaoyang Chen	mycelial felt	2023-10-24				
31	PXD043166	Global profiling of the proteome, phosphoproteome, and N-glycoproteome of protoscolex and adult worms of Echinococcus granulosus	timsTOF Pro	TRUE	DIA	0.65	software_inference:encyclopedia	Echinococcus granulosus	echinococcus_granulosus	Institute of Animal Husbandry and Veterinary Medicine, Xinjiang Academy of Agricultural and Reclamation Sciences	Zhengrong Wang	protoscolex	2023-11-01				
32	PXD066612	Coral color morphs exhibit distinct microbial and proteomic profiles linked to stress and immune mechanisms in a changing ocean	timsTOF Pro 2	TRUE	diaPASEF	0.95	protocol_text	Pocillopora verrucosa	pocillopora_verrucosa	Analytical Chemistry Core Lab (ACL) – Proteomics Unit King Abdullah University of Science and Technology (KAUST) Thuwal, 23955-6900, Kingdom of Saudi Arabia	Huoming Zhang	whole body	2025-09-01				
33	PXD061574	Lactobacillus acidophilus potentiates oncolytic virotherapy through modulating gut microbiota homeostasis in hepatocellular carcinoma	timsTOF Pro 2	TRUE	DDA	0.9	experimentTypes	Lactobacillus acidophilus dsm 9126	lactobacillus_acidophilus_dsm_	Sun Yat-sen University	Jiayu Zhang	epithelial cell	2025-05-07				
34	PXD068370	The seed mitochondrial proteome of Lupinus albus provides insight into energy metabolism during germination	timsTOF HT	TRUE	PASEF	0.9	protocol_text	Lupinus albus	lupinus_albus	University of Cologne CEPLAS/ Institute for Plant Sciences Plant Metabolic Biochemistry Department Zülpicher Straße 47a D-50674 Cologne Germany	Prof. Dr. Tatjana Hildebrandt	seed	2025-09-18				
35	PXD036596	NP-6A4 activates a novel signaling network of protective autophagy in obese female rat heart and attenuates cardiac dysfunction and coronary microvascular damage	timsTOF Pro	TRUE	DIA	0.85	keywords	Rattus rattus (black rat)	rattus_rattus_(black_rat)	Professor of Medicine  Tufts University School of Medicine  Principal Investigator  Molecular Cardiology Research Institute  Tufts Medical Center  Boston, MA, USA	Lakshmi Pulakat	heart	2023-09-25				
36	PXD039192	Bacillus subtilis spo0A trade-off	timsTOF	TRUE	PASEF	0.9	protocol_text	Bacillus subtilis subsp. subtilis str. 168	bacillus_subtilis_subsp._subti	School of Life Sciences, Central China Normal University, Wuhan, Hubei province, China	Xiongfeng Dai	bacteriocyte	2023-05-10				
37	PXD060973	Transcriptome and proteome analyses reveal the virulence of the Vibrio alginolyticus effector gene vopR	timsTOF Pro 2	TRUE	DDA	0.85	protocol_text	Epinephelus lanceolatus	epinephelus_lanceolatus	Neijiang normal university	Fan Da	spleen	2025-06-09				
38	PXD060461	Assessing Customized Multivalent Chemokine-Binding Peptide Treatment in a Murine Model of Coxsackievirus B3 Infection	timsTOF Pro	TRUE	diaPASEF	0.95	protocol_text	"Coxsackievirus; Mus musculus (mouse)"	"coxsackievirus; mouse"	"Charité – Universitätsmedizin Berlin, corporate member of Freie Universität Berlin and Humboldt-Universität zu Berlin, Institute of Biochemistry, 10117 Berlin, Germany; Deutsches Zentrum für Herz-Kreislauf-Forschung, partner site Berlin, 10117 Berlin, Germany"	Prof. Dr. med. Antje Beling	liver	2025-05-07				multi_organism
39	PXD060632	¬Helicobacter pylori CagA and Cag type IV secretion system activity have key roles in triggering gastric transcriptional and proteomic alterations	timsTOF HT	TRUE	PASEF	0.9	protocol_text	Meriones unguiculatus	meriones_unguiculatus	Vanderbilt University departments of Medicine and Pathology, Microbiology, and Immunology	Timothy L. Cover	stomach	2025-02-28				
40	PXD036936	Independent bivalve evolutionary adaptation towards chemosymbiosis, insights from the genome of vent thyasirid	timsTOF	TRUE	PASEF	0.9	protocol_text	Conchocele bisecta	conchocele_bisecta	Institute of Oceanology, Chinese Academy of Sciences	Yang Guo	gill	2023-01-13				
41	PXD058939	Response of Sorghum bicolor to salt stress	timsTOF Pro 2	TRUE	diaPASEF	0.95	protocol_text	Sorghum bicolor	sorghum_bicolor	Department of Plant and Environmental Sciences, Section for Plant Biochemistry, Dynamic Metabolons Group	Tomas Laursen	shoot tip	2025-12-05				
42	PXD059645	Novel in vivo models of autosomal optic atrophy show conserved pathological changes in mitochondrial structure and function Dataset 2 Drosophila	timsTOF Pro	TRUE	DDA	0.6	software_inference:maxquant	Drosophila melanogaster (fruit fly)	drosophila	Lecturer/Associate Professor,  School of Biomolecular and Biomedical Science, UCD Conway Institute, University College Dublin, Belfield, Dublin 4, Ireland	Niamh O'Sullivan	head	2025-05-07				
43	PXD047255	Global proteomic analysis for pellet of Chlamydomonas reinhardtii for parental strain and DYRKP KO mutant	timsTOF	TRUE	unknown	0.0	none	Chlamydomonas reinhardtii	chlamydomonas_reinhardtii	CEA, CNRS, Aix-Marseille University, Institute of Biosciences and Biotechnologies of Aix-Marseille (BIAM), UMR7265, CEA Cadarache, 13108 Saint-Paul-lez-Durance, France	Yonghua Li-Beisson	cell culture	2025-09-01				unknown_acquisition_mode
44	PXD058874	Identification of Amblyomma americanum antigens after vaccination with tick extracellular vesicles in white-tailed deer	timsTOF Pro 2	TRUE	diaPASEF	0.95	protocol_text	"Amblyomma americanum; Odocoileus virginianus"	"amblyomma_americanum; odocoileus_virginianus"	Entomology Dept., 740 Russell Labss, University of Wisconsin-Madison, USA	Adela Oliva Chávez	gut juice	2025-05-26				multi_organism
45	PXD057920	Proteomic insight into the ontogeny of blood-meal digestion in the tick Ixodes ricinus	timsTOF Pro	TRUE	DDA	0.6	software_inference:maxquant	Ixodes ricinus	ixodes_ricinus	Institute of Parasitology, Biology Centre of the Czech Academy of Sciences, Branisovska 1160/31, 37005 Ceske Budejovice, Czech Republic	Petr Kopáček	midgut	2025-10-06				
46	PXD057158	Metaproteomics reveals age-specific alterations of gut microbiome in hamsters with SARS-CoV-2 infection	timsTOF Pro 2	TRUE	diaPASEF	0.95	protocol_text	Mesocricetus auratus (golden hamster)	mesocricetus_auratus_(golden_h	Regulatory Research Division, Biologic and Radiopharmaceutical Drugs Directorate, Health Products and Food Branch, Health Canada, Ottawa K1A 0K9, Canada	Xu Zhang	feces	2025-05-13				
47	PXD048184	Asp23-controlled cell wall imbalance promotes membrane vesicles biogenesis in Staphylococcus aureus	timsTOF Pro	TRUE	DDA	0.6	software_inference:proteome discoverer	Staphylococcus aureus (strain newman)	staphylococcus_aureus_(strain_	Department of Emergency Medicine, Xinqiao Hospital, Army Medical University, 83 Xinqiao Street, Shapingba District, Chongqing 400037, China	Keting Zhu	blastoderm	2024-01-10				
48	PXD050980	Resting skeletal muscle reduces ATP turnover during hibernation	timsTOF Pro 2	TRUE	diaPASEF	0.95	protocol_text	Ursus arctos (brown bear) (grizzly bear)	ursus_arctos_(brown_bear)_(gri	Venetian Institute of Molecular Medicine (VIMM), Via Orus 2, 35129, Padova, Italy Department of Biomedical Sciences, 35137, University of Padova, Padova, Italy	Bert Blaauw	muscle fibre	2024-12-06				
49	PXD045479	Proteomic study of salivary gland starvation stress in Hirudo nipponia based on non-labeling quantitative method	timsTOF Pro	TRUE	DDA	0.6	software_inference:maxquant	Hirudo nipponia	hirudo_nipponia	China Jiliang University	Meixiang Cai	salivary gland	2024-07-03				
50	PXD071057	Identification of maize ZmCRY1c interacting proteins	timsTOF	TRUE	DIA	0.65	software_inference:spectronaut	Zea mays (maize)	zea_mays_(maize)	College of Life Sciences and Oceanography, Shenzhen University, Shenzhen, 518060, China	Hongtao Liu	leaf	2025-11-22				
51	PXD068555	A genetic screen reveals a key role for Reg1 in 2-deoxyglucose sensing and yeast AMPK inhibition	timsTOF Pro 2	TRUE	PASEF	0.9	protocol_text	Saccharomyces cerevisiae (baker's yeast)	yeast	Université Paris Cité, CNRS, Institut Jacques Monod, F-75013 Paris, France	Sebastien Leon	eukaryotic cell	2025-10-03				
52	PXD057118	Deciphering functional tumor-immune crosstalk through highly multiplexed imaging and deep visual proteomics	timsTOF SCP	FALSE	single-cell	0.9	protocol_text	Homo sapiens (human)	human	Proteomics and Signal Transduction, Max Planck Institute of Biochemistry, Martinsried, Germany	Matthias Mann	tonsil	2024-12-19				mixed_instruments
53	PXD048683	Quantitative LC-MSMS of Southern elephant seal muscles	timsTOF Pro 2	TRUE	diaPASEF	0.95	protocol_text	Mirounga leonina	mirounga_leonina	Laboratoire de Spectrométrie de Masse BioOrganique, Analytical Science department, IPHC, CNRS, Strasbourg University, UMR7178, Strasbourg, France	Fabrice Bertile	skeletal muscle	2025-03-17				
54	PXD044696	SIRT5-mediated lysine desuccinylation regulates oxidative stress adaptation for intracellular infection of Magnaporthe oryzae	timsTOF Pro	TRUE	DDA	0.6	software_inference:maxquant	Magnaporthe oryzae (rice blast fungus) (pyricularia oryzae)	magnaporthe_oryzae_(rice_blast	Huazhong Agricultural University	Xiao-Lin Chen	mycelial cord	2024-03-06				
55	PXD070278	Multiple Evolutionary Mechanisms Underlie the Venom Composition of the Green Lacewing	timsTOF Pro	FALSE	PASEF	0.9	protocol_text	Chrysoperla carnea	chrysoperla_carnea	Centre for Ecological and Evolutionary Synthesis, Department of Biosciences, University of Oslo, PO Box 1066 Blindern, 0316 Oslo, Norway	Eivind Andreas Baste Undheim	venom	2026-01-12				mixed_instruments
56	PXD043702	Silver carp (Hypophthalmichthys molitrix) dorsal muscle LC-MSMS data	timsTOF Pro 2	TRUE	DDA	0.85	protocol_text	Hypophthalmichthys molitrix	hypophthalmichthys_molitrix	"School of Food Science and Technology, Jiangnan University, Wuxi 214122, China;"	Daming Fan, Xidong Jiao	white muscle	2024-01-26				
57	PXD042820	CF-MS experiment in honey bee midgut	timsTOF Pro	TRUE	diaPASEF	0.95	protocol_text	Apis mellifera (honeybee)	apis_mellifera_(honeybee)	University of British Columbia, Biochemistry and Molecular Biology Michael Smith Laboratories, Canada	Leonard Foster	gut	2023-12-11				
58	PXD042336	A novel strategy to characterize the pattern of β-lactam antibiotic-induced drug resistance in Acinetobacter baumannii.	timsTOF Pro 2	TRUE	PASEF	0.9	protocol_text	"Acinetobacter baumannii a424; Bacteria"	"acinetobacter_baumannii_a424; bacteria"	Department of Pharmaceutical Sciences, Northeast Ohio Medical University, Rootstown, OH	Woo Shik Shin	bacterial infectious disease	2023-07-20				multi_organism
59	PXD055289	Decoding pancreatic islet cell diversity through cell type-resolved proteomics and phosphoproteomics	timsTOF Ultra	TRUE	DIA	0.85	protocol_text	Mus musculus (mouse)	mouse	Director Dept. Proteomics and Signal Transduction Max Planck Institute of Biochemistry Am Klopferspitz 18 82152 Martinsried (near Munich) Germany	Matthias Mann	pancreas	2025-10-02				
60	PXD037561	The claudin-like apicomplexan microneme protein is essential for Plasmodium berghei sporozoite infectivity in the mosquito and mammalian hosts	timsTOF Pro	TRUE	DDA	0.6	software_inference:mascot	Plasmodium berghei anka	plasmodium_berghei_anka	Sorbonne Université, INSERM, UMS PASS, Plateforme Post-génomique de la Pitié Salpêtrière (P3S), 75013, Paris, France	Solenne Chardonnet	malaria	2023-05-10				
61	PXD071199	Dual-Optimized Surface Hydrophobicity and Rigidity Determines Protein Corona Absorption and Composition on Orally Delivered Nanoparticles Treating Colitis	timsTOF HT	TRUE	unknown	0.0	none	Rattus norvegicus (rat)	rat	Sichuan University	Mingjie Ni	colon	2026-01-21				unknown_acquisition_mode
62	PXD059087	Membrane Proteome of Phytophthora parasitica Zoospores: How Does Sensing Occur?	timsTOF Pro	TRUE	PASEF	0.9	protocol_text	Phytophthora nicotianae	phytophthora_nicotianae	ISA UMR1355	Aurelie Seassau	zoospore	2025-06-20				
63	PXD037089	Ciona savignyi notochord LC-MS/MS based on 4D Mass Spectromete	timsTOF Pro	TRUE	DDA	0.6	software_inference:maxquant	Ciona savignyi	ciona_savignyi	Sars-Fang Centre, MoE Key Laboratory of Marine Genetics and Breeding, College of Marine Life Sciences, Ocean University of China, Qingdao 266003, China.	Bo DONG	embryo	2023-05-10				
64	PXD055970	Proteomic profiling of porcine seminal extracellular vesicles reveals potential in vivo fertility biomark	timsTOF fleX	TRUE	diaPASEF	0.95	protocol_text	Sus scrofa domesticus (domestic pig)	pig	Department of Medicine and Animal Surgery, Faculty of Veterinary Science, University of Murcia, Murcia, Spain	Jordi Roca	seminal plasma	2026-02-02				
65	PXD058695	In vivo identification of Toxoplasma gondii antigenic proteins and in silico study of their polymorphism.	timsTOF Pro	TRUE	PASEF	0.9	protocol_text	Toxoplasma gondii	toxoplasma_gondii	Laboratoire de Spectrométrie de Masse BioOrganique (LSMBO), Université de Strasbourg, CNRS, IPHC UMR 7178, 67087 Strasbourg, France	Sarah Cianferani	tachyzoite	2026-02-09				
66	PXD031701	Proteomic analysis on different tissues of Pteria penguin	timsTOF Pro	TRUE	DDA	0.6	software_inference:maxquant	Pteria penguin	pteria_penguin	"1. College of Marine Science, Hainan University, Haikou 570228, China; 2. State Key Laboratory of Marine Resource Utilization in South China Sea, Haikou 570228, China)"	Xin Zhan	byssus	2023-12-20				
67	PXD049374	IL-17A-producing MAIT cells and epidermolyis bullosa inflammation	timsTOF Pro	TRUE	PASEF	0.9	protocol_text	Staphylococcus aureus	staphylococcus_aureus	Proteomics platform Necker, Université Paris Cité - Structure Fédérative de Recherche Necker, INSERM US24/CNRS UAR3633, Paris 75015, France.	Ida Chiara Guerrera	recessive dystrophic epidermolysis bullosa	2025-07-21				
68	PXD031194	Proteomic profiling of various rabbit eye tissues	timsTOF Pro	TRUE	DDA	0.85	protocol_text	Oryctolagus cuniculus (rabbit)	oryctolagus_cuniculus_(rabbit)	University of Houston, Houston, TX 77204	Guoting Qin	eye	2022-02-21				
69	PXD045094	Outer membrane vesicle of Pseudomonas aerugionsa	timsTOF Pro	TRUE	PASEF	0.9	protocol_text	Pseudomonas aeruginosa	pseudomonas_aeruginosa	KOREA BASIC SCIENCE INSTITUTE	JaeKwan Kim	urine	2023-09-18				
70	PXD029263	Differential impact of phosphate availability on primary and specialized metabolism of Streptomyces lividans and Streptomyces coelicolor.	timsTOF Pro	TRUE	DDA	0.6	software_inference:maxquant	"Streptomyces coelicolor; Streptomyces lividans tk24"	"streptomyces_coelicolor; streptomyces_lividans_tk24"	Université Paris-Saclay, CEA, CNRS, Institute for Integrative Biology of the Cell (I2BC), 91198, Gif-sur-Yvette, France.	Marie-Joelle Virolle	spore	2022-02-04				multi_organism
71	PXD061640	Proteomics of Cistus creticus hard and soft seed shells, LC-MSMS	timsTOF fleX	TRUE	DIA	0.85	protocol_text	Cistus creticus	cistus_creticus	Proteomics Core Facility, School of Science, National and Kapodistrian University of Athens, Athens, Greece	Guillaume Médard	seed	2025-11-10				
72	PXD041510	Tenacibaculum maritimum secretome	timsTOF Pro	TRUE	PASEF	0.9	protocol_text	Tenacibaculum maritimum	tenacibaculum_maritimum	University of Santiago de Compostela	Manuel L. Lemos	extracellular vesicle	2023-05-31				
73	PXD019648	LC-MSMSMass Spectrometric detection of SARS-CoV-2 virus in scrapings of the epithelium of the nasopharynx of infected patients via Nucleocapsid N protein	timsTOF Pro	TRUE	DDA	0.6	software_inference:maxquant	Severe acute respiratory syndrome coronavirus 2	severe_acute_respiratory_syndr	Skolkovo institute of science and technology	Alexey Kononikhin	nasopharynx	2020-08-14				
74	PXD070262	Proteome profiling of rabies-infected and uninfected dog brain tissues, cerebrospinal fluids and serum samples	timsTOF HT	TRUE	diaPASEF	0.95	protocol_text	"Lyssavirus rabies; Canis familiaris (dog) (canis lupus familiaris)"	"lyssavirus_rabies; canis_familiaris_(dog)_(canis_"	Proteomics Facility, Council of Scientific and Industrial Research (CSIR), Pretoria, South Africa	Rethabile Mokoena	brain	2026-01-05				multi_organism
75	PXD041348	Mechanistic insights into the biological activity of S-Sulfocysteine in CHO cells using a multi-omics approach	timsTOF Pro	TRUE	PASEF	0.9	protocol_text	Cricetulus griseus (chinese hamster) (cricetulus barabensis griseus)	cricetulus_griseus_(chinese_ha	Upstream R&D, Merck Life Science KGaA, Frankfurter Straße 250, 64293 Darmstadt, Germany	Dr. Aline Zimmer	cell suspension culture	2023-08-03				
76	PXD055869	Establishment of Salivary Tissue-Organoid Biorepository	timsTOF SCP	TRUE	single-cell	0.9	protocol_text	Homo sapiens (human)	human	Department of Laboratory Medicine and Pathology, Mayo Clinic, Rochester, MN, USA	Akhilesh Pandey	saliva	2025-05-26				
77	PXD035724	Proteomic screening for potentially amyloidogenic proteins of Rhizobium leguminosarum in effective and ineffective root nodules of Pisum sativum L.	timsTOF Pro	TRUE	PASEF	0.9	protocol_text	"Pisum sativum (garden pea); Rhizobium leguminosarum bv. viciae"	"pisum_sativum_(garden_pea); rhizobium_leguminosarum_bv._vi"	Laboratory for Proteomics of Supra-Organismal Systems, All-Russia Research Institute for Agricultural Microbiology, St. Petersburg, Russia	Anton Nizhnikov	root nodule	2022-10-25				multi_organism
78	PXD034989	Fish coelomic fluid proteomic analysis by LC-MSMS	timsTOF Pro	TRUE	PASEF	0.9	protocol_text	"Salmo trutta; Carassius auratus; Sander lucioperca; Salmo salar (atlantic salmon); Cyprinus carpio (common carp); Acipenser gueldenstaedtii; Acipenser baerii; Oncorhynchus mykiss (rainbow trout) (salmo gairdneri)"	"salmo_trutta; carassius_auratus; sander_lucioperca; salmo_salar_(atlantic_salmon); cyprinus_carpio_(common_carp); acipenser_gueldenstaedtii; acipenser_baerii; oncorhynchus_mykiss_(rainbow_t"	UR1037 – Laboratoire de Physiologie et Génomique des Poissons (LPGP), INRAE, France	Julien Bobe	ovarian fluid	2024-05-21				multi_organism
79	PXD032054	Mutations in epitope flanking regions for SARS-CoV-2 nucleoprotein affect proteasomal processing to alter CD8+ T cell responses	timsTOF Pro	TRUE	PASEF	0.9	protocol_text	Recombinant sars coronavirus	recombinant_sars_coronavirus	Discovery Proteomics Facility, Target Discovery Institute,University of Oxford	Roman Fischer	covid-19	2023-10-24				
80	PXD028805	Quantitative proteomics during anthers development in Oryza longistaminata	timsTOF Pro	TRUE	PASEF	0.9	protocol_text	Oryza longistaminata	oryza_longistaminata	Key Laboratory of Crop Physiology, Ecology and Genetic Breeding, Ministry of Education,Research Center of Super Rice Engineering and Technology, Jiangxi Agricultural University, Nanchang 330045, Jiangxi Province, China	Xiaosong Peng,Haohua He	anther	2022-02-16				
81	PXD022572	Protein recruitment on chromatin in the presence or absence of Plk1	timsTOF Pro	TRUE	PASEF	0.9	protocol_text	Xenopus laevis (african clawed frog)	xenopus_laevis_(african_clawed	Université Paris-Saclay, CEA, CNRS, Institute for Integrative Biology of the Cell (I2BC), 91198, Gif-sur-Yvette, France	David Cornu	egg	2021-08-25				
82	PXD071309	Candida Albicans mutant LC-MSMS	timsTOF HT	TRUE	DDA	0.85	protocol_text	Candida albicans (yeast)	candida_albicans_(yeast)	Shanghai Institute of Infectious Disease and Biosecurity, State Key Laboratory of Genetics and Development of Complex Phenotypes, School of Life Sciences, Department of Laboratory Medicine, Department of Infectious Diseases, Huashan Hospital, Fudan University, Shanghai, China  College of Pharmaceutical Sciences, Southwest University, Chongqing, China	Guanghua Huang	cell culture	2026-01-20				
83	PXD068409	Effects of dietary methionine supplementation on vaccination efficacy in rainbow trout	timsTOF Pro 2	TRUE	diaPASEF	0.95	protocol_text	Oncorhynchus mykiss (rainbow trout) (salmo gairdneri)	oncorhynchus_mykiss_(rainbow_t	CIIMAR, Matosinhos, Portugal	Benjamin Costas Refojos	blood plasma	2025-10-21				
84	PXD068414	Synthetic peptides - Data-independent immunopeptidomics discovery of low-abundant bacterial epitopes	timsTOF Ultra	TRUE	diaPASEF	0.95	protocol_text	Listeria monocytogenes egd	listeria_monocytogenes_egd	VIB-UGent Center for Medical Biotechnology	Francis Impens		2025-09-16				
85	PXD060459	Digestive physiology in the carnivorous rainbow plant Byblis filifolia Planch	timsTOF Pro 2	TRUE	DDA	0.9	experimentTypes	Byblis filifolia	byblis_filifolia	Laboratory of Growth Regulators, Faculty of Science, Palacký University and Institute of Experimental Botany of the Czech Academy of Sciences, Šlechtitelů 241/27, CZ-77900, Olomouc-Holice, Czech Republic	prof. Ondrej Novak	plant cell	2025-05-20				
86	PXD038699	Spatial single-cell mass spectrometry defines zonation of the hepatocyte proteome	timsTOF SCP	TRUE	single-cell	0.9	protocol_text	Mus musculus (mouse)	mouse	Department of Proteomics and Signal Transduction, Max Planck Institute of Biochemistry, Martinsried, Germany	Matthias Mann	hepatocyte	2023-10-02				
87	PXD056293	Azotobacter vinelandii coculture with Bacillus subtilis in low N	timsTOF	TRUE	DDA	0.85	protocol_text	"Azotobacter vinelandii dj; Bacillus subtilis subsp. subtilis str. 168"	"azotobacter_vinelandii_dj; bacillus_subtilis_subsp._subti"	Département de Chimie, Université de Sherbrooke (QC), Canada	Jean-Philippe Bellenger	cell culture	2024-10-15				multi_organism
88	PXD058676	Quantitative Analysis of Lysine Malonylation Proteome Unravels Physiological and Biochemical Mechanism in Responding to Salicylic Acid in Roots of Platycodon grandiflorus	timsTOF Pro 2	TRUE	DDA	0.6	software_inference:maxquant	Platycodon grandiflorus	platycodon_grandiflorus	College of Pharmacy, Anhui University of Chinese Medicine, Hefei 230012, China.	Wanyue Ding	root	2025-05-07				
89	PXD039398	Spatial Proteomics of a Human Brain Tumour	timsTOF fleX	TRUE	MALDI	0.95	protocol_text	Homo sapiens (human)	human	Discovery Proteomics Facility, University of Oxford	Roman Fischer	brain	2023-10-10				
90	PXD040521	Succinylation in pseudorabies virus infection	timsTOF Pro 2	TRUE	PASEF	0.9	protocol_text	"Viruses; Sus scrofa domesticus (domestic pig)"	"viruses; pig"	Wenzhou Academy of Agricultural Sciences	Xiaoyong Chen	epithelial cell	2023-03-02				multi_organism
91	PXD059781	Phosphoproteomic analysis of resistant and susceptible stylo against C. gloeosporioides	timsTOF Pro	TRUE	DIA	0.85	protocol_text	Stylosanthes guianensis subsp. guianensis	stylosanthes_guianensis_subsp.	School of Tropical Agriculture and Forestry, Hainan University	Liyun Yang	leaf	2025-07-13				
92	PXD061699	Psychoactive contaminants alter fish sperm function via neurotransmitter signaling	timsTOF Pro	TRUE	diaPASEF	0.95	protocol_text	Perca fluviatilis	perca_fluviatilis	Faculty of Fisheries and Protection of Water, South Bohemian Research Center of Aquaculture and Biodiversity of Hydrocenoses, University of South Bohemia in Ceske Budejovice, Czech Republic	Ganna Fedorova	spermatozoon	2025-12-11				
93	PXD027592	Protein profile analysis of 12 human vitreous samples using labelfree method	timsTOF Pro	TRUE	PRM	0.85	protocol_text	Homo sapiens (human)	human	Department of Ophthalmology, Shanghai General Hospital,Shanghai Jiao Tong University School of Medicine, National Clinical Research Center for Eye Diseases, Shanghai Key Laboratory of Ocular Fundus Diseases, Shanghai Engineering Center for Visual Science and Photomedicine, Shanghai engineering center for precise diagnosis and treatment of eye diseases	Zhi Zheng	vitreous humor	2022-08-12				
94	PXD069492	Deciphering degradation pathways for hydrocarbons in Acinetobacter towneri RMS-02	timsTOF	TRUE	PASEF	0.9	protocol_text	Acinetobacter towneri	acinetobacter_towneri	Faculty of Chemistry, Biotechnology and Food Science. Norwegian University of Life Sciences.	Sabina Leanti	cell culture	2026-01-21				
95	PXD052902	A Labrador DIA spectral assay library - resource for proteomics research in dogs	timsTOF Pro	TRUE	diaPASEF	0.95	protocol_text	Canis familiaris (dog) (canis lupus familiaris)	canis_familiaris_(dog)_(canis_	Institute for Systems Biology, Seattle, WA, US	Robert L.	spleen	2025-12-16				
96	PXD061247	Integrated Single-Tip IMAC-HILIC Enrichment Enables Simultaneous and Efficient Analysis of Plant Phosphoproteomics and N-glycoproteomics	timsTOF HT	TRUE	DDA	0.6	software_inference:msfragger	Arabidopsis thaliana (mouse-ear cress)	arabidopsis	Institute of Plant and Microbial Biology, Academia Sinica	Chuan-Chih Hsu	plant culture	2025-05-14				
97	PXD054577	Intragenic DNA inversions expand bacterial coding capacity	timsTOF Ultra	TRUE	diaPASEF	0.95	protocol_text	Bacteroides thetaiotaomicron (strain atcc 29148 / dsm 2079 / nctc 10582 / e50 / vpi-5482)	bacteroides_thetaiotaomicron_(	Princeton University	Ileana M. Cristea		2024-08-06				
98	PXD052829	Mitochondrial perturbation in the intestine causes microbiota-dependent injury and gene signatures discriminative of inflammatory disease	timsTOF Pro	TRUE	diaPASEF	0.95	protocol_text	"Akkermansia muciniphila cag:154; Mus musculus (mouse); Bacteroides caecimuris"	"akkermansia_muciniphila_cag:15; mouse; bacteroides_caecimuris"	Division of Pharmacology & Toxicology, Department of Pharmaceutical Sciences, Faculty of Life Sciences, University of Vienna	Manuela Schmidt	feces	2024-07-15				multi_organism
99	PXD055749	Global proteome of mid- and late-development Petunia inflata flower petal protoplasts	timsTOF Pro 2	TRUE	diaPASEF	0.95	protocol_text	Petunia integrifolia subsp. inflata	petunia_integrifolia_subsp._in	Department of Plant and Environmental Sciences, Section for Plant Biochemistry, Dynamic Metabolons Group	Tomas Laursen	flower	2024-09-11				
100	PXD044484	UHPLC-MS/MS analysis of S-nitrosylated proteins involved in autophagy in Triticum aestivum roots	timsTOF Pro 2	TRUE	DDA	0.85	protocol_text	Triticum aestivum (wheat)	triticum_aestivum_(wheat)	Laboratory of Analytical Biochemistry and Biotechnology, Timiryazev Institute of Plant Physiology, Russian Academy of Sciences	Andrej Aleksandrovich Frolov	root	2023-12-31				
101	PXD050205	Protein bL38 facilitates incorporation of uL6 during assembly of the 50S subunit in Flavobacterium johnsoniae	timsTOF	TRUE	PASEF	0.9	protocol_text	Flavobacterium johnsoniae	flavobacterium_johnsoniae	Department of Biochemistry and Biology, UBC	Leonard J. Foster	cell culture	2025-05-06				
102	PXD056024	Metalloproteome factory: from crude extract to identification of metalloproteins via 3-dimensional HPLC-ICP-sfMS	timsTOF Pro	TRUE	DDA	0.6	software_inference:maxquant	"Trichodesmium erythraeum ims101; Glycine max"	"trichodesmium_erythraeum_ims10; glycine_max"	1. Czech Academy of Sciences, Biology Centre, Institute of Plant Molecular Biology, Laboratory of Plant Biophysics & Biochemistry, Branišovská 1160/31, 370 05 České Budějovice, Czech Republic 2. University of South Bohemia, Faculty of Science, Branišovská 1160/31, 370 05 České Budějovice, Czech Republic	Hendrik Küpper	whole body	2025-08-25				multi_organism
103	PXD067461	Elenbecestat and compound 89 potently inhibit BACE1 but not BACE2 when subchronically dosed in non-human primates	timsTOF Pro	FALSE	PASEF	0.9	protocol_text	Macaca fascicularis (crab-eating macaque) (cynomolgus monkey)	macaca_fascicularis_(crab-eati	DZNE Munich / TU Munich	Stefan F. Lichtenthaler	cerebrospinal fluid	2025-11-07				mixed_instruments
104	PXD038824	A simple non-invasive method to collect soft tick saliva reveals differences in Ornithodoros moubata saliva composition between ticks infected and uninfected with Borrelia duttonii spirochetes	timsTOF Pro	TRUE	PASEF	0.9	protocol_text	"Borrelia; Ornithodoros moubata"	"borrelia; ornithodoros_moubata"	Institute of Parasitology, Centre for Biology, Academy of Science of the Czech Republic, Czech Republic Faculty of Science, University of South Bohemia in Ceske Budejovice, Czech Republic	Ryan O. Rego	saliva	2023-01-10				multi_organism
105	PXD038175	Genome sequence and annotation of the fungus Periconia digitata	timsTOF Pro	TRUE	PASEF	0.9	protocol_text	Periconia digitata	periconia_digitata	UMR Institut Sophia Agrobiotech, INRAE 1355, CNRS and Université Côte d’Azur, 400, Route des Chappes, BP 167, 06903 Sophia Antipolis Cedex, France	Aurélie Seassau	mycelium	2023-08-04				
106	PXD055823	A proteomic approach to identify vaccine candidates based on host cell attachment provides a novel protective Pseudomonas aeruginosa vaccine antigen: cell division protein, FtsZ	timsTOF	FALSE	unknown	0.0	none	"Pseudomonas aeruginosa pa14; Bacteria"	"pseudomonas_aeruginosa_pa14; bacteria"	UCD Conway Institute of Biomolecular & Biomedical Research, University College Dublin, Dublin, Ireland	Siobhán McClean		2025-05-07				"mixed_instruments; multi_organism; unknown_acquisition_mode"
107	PXD047762	An automated and fast sample preparation workflow for laser microdissection guided ultrasensitive proteomics	timsTOF SCP	TRUE	single-cell	0.9	protocol_text	"Homo sapiens (human); Mus musculus (mouse)"	"human; mouse"	Max Delbrueck Center  Robert-Roessle-Strasse 10 13125 Berlin, Germany	Dr. Fabian Coscia	b cell	2024-03-22				multi_organism
108	PXD040947	Expanding the Characterization of Microbial Ecosystems using DIA-PASEF Metaproteomics	timsTOF Pro	TRUE	diaPASEF	0.95	protocol_text	Microbiota	microbiota	Division of Pharmacology & Toxicology, Department of Pharmaceutical Sciences, University of Vienna	Manuela Schmidt	feces	2023-05-04				
109	PXD029914	Different Oligomeric States of the Tumor Suppressor p53 Show Identical Binding Behavior Towards the S100β Homodimer	timsTOF	TRUE	unknown	0.0	none	Escherichia coli	ecoli	Department of Pharmaceutical Chemistry and Bioanalytics, Center for Structural Mass Spectrometry, Institute of Pharmacy, Martin-Luther University Halle-Wittenberg	Andrea Sinz		2022-10-14				unknown_acquisition_mode
110	PXD056927	Cell-autonomous targeting of arabinogalactan by host immune factors inhibits mycobacterial growth	timsTOF Pro	TRUE	DIA	0.65	software_inference:encyclopedia	Mycobacterium tuberculosis na-a0009	mycobacterium_tuberculosis_na-	Shanghai Pulmonary Hospital 1Shanghai Key Laboratory of Tuberculosis, Shanghai Pulmonary Hospital, Tongji University School of Medicine, Shanghai 200433, PR China 2Department of Microbiology and Immunology, Tongji University School of Medicine, Shanghai 200049, PR China	Haipeng Liu	cell culture	2024-10-18				
111	PXD053532	AVATARS - Tissue-specific multi-omics analyses in developing Brassica napus seeds [proteomics]	timsTOF Pro	TRUE	DDA	0.6	software_inference:maxquant	Brassica napus (rape)	brassica_napus_(rape)	Leibniz University Hannover Institute of Plant Genetics  Section Plant Molecular Biology and Plant Proteomics	Hans-Peter Braun	plant cell	2025-03-19				
112	PXD053074	LC-MSMS in axenically cultured C. elegans	timsTOF Pro	TRUE	DDA	0.6	software_inference:msfragger	Caenorhabditis elegans	c_elegans	Laboratory of Aging Physiology and Molecular Evolution, Biology Department,Ghent University.	Bart P.Braeckman	whole body	2025-07-21				
113	PXD049994	goose follicular fluid exosomes proteomic	timsTOF Pro	TRUE	DDA	0.6	software_inference:maxquant	Anser cygnoides domesticus	anser_cygnoides_domesticus	Yangzhou University	Zhang Yu	oocyte	2024-08-10				
114	PXD046789	Proteome remodeling and amino acid metabolism during germination and seedling establishment in Lupinus albus	timsTOF Pro 2	TRUE	DDA	0.85	keywords	Lupinus albus	lupinus_albus	University of Cologne CEPLAS/ Institute for Plant Sciences Plant Metabolic Biochemistry Lab Center of Molecular Biosciences (CoMB), Room 3.10 Zülpicher Straße 47a D-50674 Cologne Germany	Tatjana Manuela Hildebrandt	cotyledon	2024-07-26				
115	PXD072352	Shotgun proteomic analysis of the marine bacteria Alcanivorax sp. 24 and Alcanivorax borkumensis SK2 grown with weathered polyethylene.	timsTOF fleX	TRUE	diaPASEF	0.95	protocol_text	"Alcanivorax borkumensis sk2; Bacteria; Alcanivorax sp. 24"	"alcanivorax_borkumensis_sk2; bacteria; alcanivorax_sp._24"	University of the Balearic Islands	Joseph Alexander Christie-Oleza		2026-01-09				multi_organism
116	PXD068782	LF2 phosphorylation of the CDKL5 activation loop controls CDKL5’s activity	timsTOF Pro 2	TRUE	PASEF	0.9	protocol_text	Chlamydomonas reinhardtii	chlamydomonas_reinhardtii	Program in Molecular Medicine UMass Chan Medical School Worcester MA 01605 USA	Gregory Pazour	cilium	2025-11-15				
117	PXD054561	Decoding bull fertility in vitro: A proteomics exploration from sperm to blastocyst	timsTOF SCP	FALSE	diaPASEF	0.95	protocol_text	Bos taurus (bovine)	bovine	VIB Center for Medical Biotechnology, Zwijnaarde, Belgium and Department of Biomolecular Medicine, Ghent University, Ghent, Belgium	Kris Gevaert	spermatozoon	2025-03-28				mixed_instruments
118	PXD067551	Bidirectional interaction between PGE₂-preconditioned mesenchymal stem cells and myofibroblasts mediates antifibrotic effects: A proteomic investigation into equine endometrial fibrosis reversal	timsTOF Pro 2	TRUE	PASEF	0.9	protocol_text	Equus caballus (horse)	equus_caballus_(horse)	Laboratory of Animal Biotechnology, Faculty of Veterinary Sciences, Department of Animal Science, Universidad de Concepción, Chillán, Chile.	Fidel O. Castro	myofibroblast	2025-09-29				
119	PXD059509	Cryo-EM structure of photosystem II supercomplex from Chlorella ohadii, a green microalga with extreme phototolerance	timsTOF Pro	TRUE	diaPASEF	0.95	protocol_text	Chlorella ohadii	chlorella_ohadii	Proteomics Core Facility and Research Group Proteomics, CEITEC-MU, Masaryk University, Brno, Czech Republic	Zbynek Zdrahal	leaf	2025-10-06				
120	PXD063196	Proximity labeling of active and inactive neuronal Rab2 in flies	timsTOF Pro 2	TRUE	PASEF	0.9	protocol_text	Drosophila melanogaster (fruit fly)	drosophila	Department of Neuroscience University of Copenhagen	Ole Kjaerulff	motor neuron	2026-01-12				
121	PXD041836	Design principles for cyclin K molecular glue degraders	timsTOF Pro 2	TRUE	diaPASEF	0.95	protocol_text	Hordeum vulgare (barley)	hordeum_vulgare_(barley)	Department of Cancer Biology, Dana-Farber Cancer Institute, Boston, MA 02215, USA., Department of Biological Chemistry and Molecular Pharmacology, Harvard Medical School, Boston, MA 02115, USA	Eric Fischer	cell culture	2023-10-20				
122	PXD055074	Blinded rerun of infected and uninfected pig wound fluids	timsTOF HT	TRUE	PASEF	0.9	protocol_text	Sus scrofa domesticus (domestic pig)	pig	Lund University, Faculty of Medicine, Dermatology and Venereology, Sweden	Artur Schmidtchen	wound fluid	2025-05-13				
123	PXD044986	Diversity of post-translational modifications and signaling networks revealed by single cell and organelle mass spectrometry	timsTOF SCP	TRUE	single-cell	0.9	protocol_text	Homo sapiens (human)	human	Mayo Clinic, Rochester, USA	Akhilesh Pandey	cholangiocyte	2024-08-02				
124	PXD066529	Protein phosphorylation networks in Baylisascaris procyonis revealed by phosphoproteomic analysis	timsTOF Pro	TRUE	PASEF	0.9	protocol_text	Baylisascaris procyonis	baylisascaris_procyonis	Research Center for Parasites & Vectors, College of Veterinary Medicine, Hunan Agricultural University, Changsha 410128, PR China	Wei Liu	whole body	2025-08-04				
125	PXD054723	Arabidopsis thaliana proteome in response to cysteine treatment and Pseudomonas syringae pv. tomato DC3000	timsTOF HT	TRUE	PASEF	0.9	protocol_text	"Arabidopsis thaliana (mouse-ear cress); Pseudomonas syringae pv. tomato str. dc3000"	"arabidopsis; pseudomonas_syringae_pv._tomat"	University of Cologne CEPLAS/ Institute for Plant Sciences Plant Metabolic Biochemistry Lab Zülpicher Straße 47a D-50674 Cologne Germany	Tatjana Hildebrandt	seedling	2025-09-15				multi_organism
126	PXD037955	Immunological and Metabolic Characteristics of the Omicron Variants Infection	timsTOF Pro 2	FALSE	DDA	0.6	software_inference:proteome discoverer	Cercopithecus aethiops (green monkey) (grivet)	cercopithecus_aethiops_(green_	School of Medicine, Shanghai University, Shanghai 200444, China.	Liang Chen	cell culture	2023-03-11				mixed_instruments
127	PXD053879	Porin expression in clinical isolates of Klebsiella pneumoniae: a comparison of SDS-PAGE and MALDI-TOF/MS and limitations of whole genome sequencing analysis Porin expression in clinical isolates of Klebsiella pneumoniae: a comparison of SDS-PAGE and MALDI-TOF/MS and limitations of whole genome sequencing analysis	timsTOF fleX	TRUE	PASEF	0.9	protocol_text	"Klebsiella pneumoniae subsp. rhinoscleromatis atcc 13884; Bacteria"	"klebsiella_pneumoniae_subsp._r; bacteria"	Department of Agricultural Chemistry, Soil sciences and Microbiology, University of Cordoba, Cordoba, Spain.	Luis Martínez Martínez		2025-05-07				multi_organism
128	PXD021024	Comprehensive Proteome and Lysine Acetylome Analysis Reveals the Widespread Involvement of Acetylation in Cold Resistant of Peppers (Capsicum annuum L.)	timsTOF Pro	TRUE	DDA	0.6	software_inference:maxquant	Capsicum annuum	capsicum_annuum	College of Horticulture, Hunan Agricultural University	Zhoubin Liu	leaf	2022-02-15				
129	PXD040818	Proteomic mapping reveals dysregulated angiogenesis in the cerebral arteries of rats with early-onset hypertension	timsTOF	TRUE	PASEF	0.9	protocol_text	Rattus norvegicus (rat)	rat	Department of Biomedical Sciences, Panum Institute, University of Copenhagen, Blegdamsvej 3, 2200 Copenhagen N, Denmark.	Thomas Jepps	cerebral artery	2023-09-20				
130	PXD042131	Comparative proteome profiling of Egg, Larva and Adult of Hermetia illucens (Diptera: Stratiomyidae)	timsTOF Pro	TRUE	PASEF	0.9	protocol_text	Hermetia illucens	hermetia_illucens	Division of Biotechnology, MELISA Institute, Concepción, Chile.	Elard Koch	whole body	2025-12-29				
131	PXD044067	Peptide profiling of sheep milk kefir through peptidomic analysis at different fermentation times	timsTOF Pro	TRUE	DDA	0.6	software_inference:maxquant	Ovis aries	ovis_aries	"Departamento de Bioquímica y Biología Molecular, Universidad de Córdoba; Campus de Excelencia Internacional CeiA3, 14071 Córdoba (Spain)"	Manuel J. Rodríguez-Ortega	milk	2023-08-20				
132	PXD062310	Lipid Scrambling Pathways in the Sec61 Translocon Complex	timsTOF SCP	TRUE	PASEF	0.9	protocol_text	Ovis canadensis sierrae	ovis_canadensis_sierrae	J. Heyrovsk´y Institute of Physical Chemistry, CZ-18223 Prague 8, Czech Republic	Jan Simek		2025-05-26				
133	PXD070030	Mucosal innate immune activation as the trigger to Prevotella species-induced arthritis in genetically resistant mice	timsTOF Pro 2	TRUE	PASEF	0.9	protocol_text	Palleniella intestinalis	palleniella_intestinalis	Department of Chemistry and Pharmacy, Chair of Food Chemistry, Friedrich-Alexander-Universität Erlangen-Nürnberg, Nikolaus-Fiebiger-Str. 10, Erlangen 91058, Germany  FAU NeW − Research Center New Bioactive Compounds, Friedrich-Alexander-Universität Erlangen-Nürnberg (FAU), Nikolaus-Fiebiger-Str. 10, Erlangen 91058, Germany	Monika Pischetsrieder	cell culture	2025-11-20				
134	PXD056504	Discovery of Trypanosoma brucei inhibitors enabled by a unified synthesis of diverse sulfonyl fluorides	timsTOF Pro 2	TRUE	PASEF	0.9	protocol_text	Trypanosoma brucei	trypanosoma_brucei	Professor of Chemical Biology School of Chemistry University of Leeds LS2 9JT	Adam Nelson	cell culture	2024-10-16				
135	PXD067691	Temporal analysis of tear fluid proteome reveals critical corneal repair events after photorefractive surgery	timsTOF HT	TRUE	DIA	0.85	protocol_text	Mus musculus (mouse)	mouse	LBPC-PPC, Montpellier University, IRMB CHU Montpellier, INM INSERM, Montpellier, Occitanie, France	Christophe HIRTZ	tear	2025-11-10				
136	PXD060667	Cryo-EM structure of endogenous Plasmodium falciparum Pfs230 and Pfs48/45 fertilization complex	timsTOF Pro	FALSE	PASEF	0.9	protocol_text	Plasmodium falciparum (isolate 3d7)	plasmodium_falciparum_(isolate	The Walter and Eliza Hall Institute of Medical Research, 1G Royal Parade, Parkville, Victoria 3052, Australia	Wai-Hong Tham	plasmodium falciparum malaria	2025-08-08				mixed_instruments
137	PXD045211	HLA-peptidome of human primary islets	timsTOF SCP	TRUE	unknown	0.0	none	Homo sapiens (human)	human	University of Oxford	Nicola Ternette	pancreatic islet	2025-01-08				unknown_acquisition_mode
138	PXD037605	Proteomics analysis of zebrafish spinal cord regeneration following extracellular matrix manipulations	timsTOF Pro	TRUE	PASEF	0.9	protocol_text	Danio rerio (zebrafish) (brachydanio rerio)	zebrafish	Max Planck Institute for the Science of Light &  Max-Planck-Zentrum für Physik und Medizin Division Biological Optomechanics Staudtstr. 2 91058 Erlangen Germany	Dr. Daniel Wehner	spinal cord	2023-09-06				
139	PXD024670	Quantitative proteomics reveals SnRK1-dependent protein in rice sheaths during grain filling	timsTOF Pro	TRUE	PASEF	0.9	protocol_text	Oryza sativa (rice)	oryza_sativa_(rice)	College of Agriculture, Nanjing Agricultural University, Nanjing, China	Yuxiang Hu	leaf sheath	2022-03-18				
140	PXD044590	In vivo digestion of rabbit hemoglobin by Rhodnius prolixus midgut-associated peptidases	timsTOF	TRUE	PASEF	0.9	protocol_text	"Rhodnius prolixus (triatomid bug); Oryctolagus cuniculus (rabbit)"	"rhodnius_prolixus_(triatomid_b; oryctolagus_cuniculus_(rabbit)"		radouane OUALI	blood	2024-04-28				multi_organism
141	PXD029134	Melatonin promotes chilling tolerance of cucumber seedlings by regulating antioxidant systems and relieving photoinhibition	timsTOF Pro	TRUE	PASEF	0.9	protocol_text	Cucumis sativus	cucumis_sativus	Shandong Agricultural University	Huan gai Bi	leaf	2022-02-15				
142	PXD024836	Improving sperm cryopreservation with type III antifreeze proteins: effect on proteomic profiles of Cynomolgus macaque sperm	timsTOF Pro	TRUE	PASEF	0.9	protocol_text	Cynomolgus macaque cytomegalovirus strain mauritius	cynomolgus_macaque_cytomegalov	Institute of Biothermal Science and Technology, School of Medical Instruments and Food Engineering, University of Shanghai for Science and Technology	Bingbing Chen	whole body	2022-02-17				
143	PXD063779	Exploring the mode of action of a novel antileishmanial compound using thermal proteome profiling and other OMICs tools	timsTOF HT	TRUE	diaPASEF	0.95	protocol_text	"Leishmania mexicana; Leishmania major"	"leishmania_mexicana; leishmania_major"	Newcastle University, United Kingdom	Matthias Trost		2025-05-10				multi_organism
144	PXD060913	Two pairs of back-to-back α-helices of Kingella kingae RtxA toxin are crucial for the formation of a membrane pore	timsTOF SCP	TRUE	PASEF	0.9	protocol_text	Kingella sp. (in: b-proteobacteria)	kingella_sp._(in:_b-proteobact	Laboratory of Molecular Biology of Bacterial Pathogens Cell and Molecular Microbiology Division Institute of Microbiology, v.v.i. The Czech Academy of Sciences	Radim Osička		2025-02-18				
145	PXD060914	SND3 is the membrane insertase within a distinct SEC61 translocon complex	timsTOF HT	FALSE	diaPASEF	0.95	protocol_text	Chaetomium thermophilum	chaetomium_thermophilum	Max Planck Institute of Biophysics	Julian Langer		2025-09-24				mixed_instruments
146	PXD024788	Multi-level microbial fingerprinting in anaerobic digestion reveals consistent fingerprinting profiles	timsTOF Pro	FALSE	single-cell	0.9	protocol_text	"Human gut metagenome; Anaerobic digester metagenome"	"human_gut_metagenome; anaerobic_digester_metagenome"	Otto von Guericke Universität Magdeburg	Dirk Benndorf		2021-05-26				"mixed_instruments; multi_organism"
147	PXD072230	Non-viral in situ gene editing effectively and safely rescues congenital ichthyosis-causing mutations in human skin	timsTOF Ultra	TRUE	diaPASEF	0.95	protocol_text	Homo sapiens (human)	human	Max Delbrück Center for Molecular Medicine Berlin	Fabian Coscia	skin	2026-01-23				
148	PXD028098	Turnip succinylation modification	timsTOF Pro	TRUE	PASEF	0.9	protocol_text	Brassica rapa var. rapa	brassica_rapa_var._rapa	Kunming Institute of Botany, CAS	Xiong Li	leaf	2022-08-11				
149	PXD053642	Molecular structure of blue laccase BP76, a unique termite suicidal defense weapon	timsTOF SCP	TRUE	PASEF	0.9	protocol_text	Neocapritermes taracua	neocapritermes_taracua	Laboratory of structural biology and cell signaling Institute of Microbiology Videnska 1083, 142 20 Prague Czech Republic	Petr Novak		2025-03-13				
150	PXD064369	Retromer-Driven Membrane Trafficking of MOSPD2 Enables LEAP2-Induced Chemotaxis via VPS35 Interaction in Boleophthalmus pectinirostris	timsTOF Pro	TRUE	diaPASEF	0.95	protocol_text	Boleophthalmus pectinirostris	boleophthalmus_pectinirostris	Laboratory of Biochemistry and Molecular Biology, School of Marine Sciences, Ningbo University, Ningbo, Zhejiang 315211, China	Tingfang zhu	cell culture	2026-01-12				
151	PXD070766	PacL1-ALFA tag based proximity proteomics in Mycobacterium tuberculosis	timsTOF	TRUE	diaPASEF	0.95	protocol_text	Mycobacterium tuberculosis	mycobacterium_tuberculosis	"Immunology and Microbial Pathogenesis Program, Graduate School of Medical Sciences, Weill Cornell Medicine, New York, NY, USA; Immunology Program, Sloan Kettering Institute, New York, NY, USA; Infectious Diseases Service, Department of Medicine, Memorial Sloan Kettering Cancer Center, New York, NY, USA."	Michael Glickman		2025-12-15				
152	PXD059040	Molecular basis of the biogenesis of a protein organelle for ethanolamine utilization	timsTOF HT	TRUE	diaPASEF	0.95	protocol_text	"Salmonella typhimurium (strain lt2 / sgsc1412 / atcc 700720); Bacteria"	"salmonella_typhimurium_(strain; bacteria"	Institute of Systems, Molecular and Integrative Biology, University of Liverpool, Crown Street, Liverpool L69 7ZB United Kingdom MOE Key Laboratory of Evolution and Marine Biodiversity, Frontiers Science Center for 10 Deep Ocean Multispheres and Earth System & College of Marine Life Sciences, Ocean University of China, Qingdao 266003, China.	Lu-Ning Liu		2025-10-06				multi_organism
153	PXD059669	Proteomic study of evolved P. aeruginosa strains grown in S. aureus- and K. pneumoniae-conditioned media	timsTOF Pro	TRUE	unknown	0.0	none	Pseudomonas aeruginosa pao1	pseudomonas_aeruginosa_pao1	Chemical and Biological Engineering, The Hong Kong University of Science and Technology (HKUST), Hong Kong (lab head)	Henry Lam		2025-05-21				unknown_acquisition_mode
154	PXD047705	Proteins of anti-sigma70 and anti-RNAP immunoprecipitates in bacteria	timsTOF SCP	TRUE	PASEF	0.9	protocol_text	"Corynebacterium glutamicum atcc 13032; Mycobacterium smegmatis (strain atcc 700084 / mc(2)155)"	"corynebacterium_glutamicum_atc; mycobacterium_smegmatis_(strai"	Laboratory of Structural Biology and Cell Signaling Institute of Microbiology of the CAS Division BIOCEV Průmyslová 595 252 50 Vestec Czech Republic	Petr Novak		2024-03-06				multi_organism
155	PXD064343	Proteome Analysis of Phylogenetically Distant Yeast Species	timsTOF Pro	FALSE	diaPASEF	0.95	protocol_text	"Komagataella phaffii; Candida tropicalis cab54-6763-3; Kluyveromyces lactis; Lachancea thermotolerans; Kluyveromyces marxianus; Wickerhamomyces anomalus; Candida albicans (yeast); Saccharomyces cerevisiae by4741"	"komagataella_phaffii; candida_tropicalis_cab54-6763-; kluyveromyces_lactis; lachancea_thermotolerans; kluyveromyces_marxianus; wickerhamomyces_anomalus; candida_albicans_(yeast); yeast"	Charité Universitätsmedizin – Chariteplatz 1, 10117 Berlin	Markus Ralser	cell culture	2025-07-04				"mixed_instruments; multi_organism"
156	PXD053848	Pull down of enzymes using alpha-amylase activity based probes from a complex compost sample	timsTOF HT	TRUE	DDA	0.6	software_inference:msfragger	"Parageobacillus toebii; Pseudoxanthomonas suwonensis j47; Aeribacillus pallidus; Geobacillus thermodenitrificans"	"parageobacillus_toebii; pseudoxanthomonas_suwonensis_j; aeribacillus_pallidus; geobacillus_thermodenitrifican"	University of York	Gideon J. Davies		2025-06-16				multi_organism
157	PXD062481	Proteome of the six eyes sand-spider Sicarius thomisoides venom	timsTOF	TRUE	diaPASEF	0.95	protocol_text	Sicarius thomisoides	sicarius_thomisoides	Biochemistry and Molecular Biology, Michael Smith Laboratories, University of British Columbia, Canada	Leonard Foster		2025-11-10				
158	PXD038840	Immunization with a heat-killed Prm1 deletion strain protects the host from Cryptococcus neoformans infection	timsTOF Pro	TRUE	DDA	0.6	software_inference:maxquant	Cryptococcus neoformans ad hybrid	cryptococcus_neoformans_ad_hyb	College of Life and Health Sciences, Northeastern University	Chao li	cell culture	2023-10-11				
159	PXD052386	Rhodosporidium toruloides haplotypes IFO0559 and IFO0880 rapamycin treatment	timsTOF Pro	TRUE	unknown	0.0	none	Rhodotorula toruloides	rhodotorula_toruloides	Werner Siemens-Chair of Synthetic Biotechnology TUM School of Natural Sciences Technical University of Munich	Thomas Brück		2025-05-07				unknown_acquisition_mode
160	PXD058903	Discovery of a distinct BAM complex in the Bacteroidetes	timsTOF HT	TRUE	diaPASEF	0.95	protocol_text	Bacteroides thetaiotaomicron	bacteroides_thetaiotaomicron	Newcastle University Biosciences Institute Cookson Building Newcastle University NE2 4HH United Kingdom	Matthias Trost		2025-08-12				
161	PXD048315	Response and recovery of biogas-producing microbiomes after loading disturbances with microalgae as feedstock	timsTOF	TRUE	DDA	0.6	software_inference:msfragger	"Archaea; Bacteria"	"archaea; bacteria"	Norwegian University of Life Sciences	Magnus Øverlie Arntzen		2025-02-21				multi_organism
162	PXD060124	Alterations in Proteomic and Metabolomic Profiles of Cryptococcus neoformans following Hsl101 and Urk1 Deletion	timsTOF Pro	TRUE	diaPASEF	0.95	protocol_text	Cryptococcus neoformans var. grubii serotype a (strain h99 / atcc 208821 / cbs 10515 / fgsc 9487) (filobasidiella neoformans var. grubii)	cryptococcus_neoformans_var._g	Nantong Key Laboratory of Environmental Toxicology, Department of Occupational Medicine and Environmental Toxicology, School of Public Health, Nantong University, Nantong, China	Peng Xue	cell culture	2025-05-07				
163	PXD047091	Pseudomonas putida SQ1 pull-down	timsTOF	TRUE	DDA	0.85	protocol_text	Pseudomonas putida	pseudomonas_putida	York Structural Biology Laboratory, Department of Chemistry, University of York, UK	Gideon J		2024-07-10				
164	PXD058905	Discovery of a distinct BAM complex in the Bacteroidetes	timsTOF HT	TRUE	diaPASEF	0.95	protocol_text	Porphyromonas gingivalis	porphyromonas_gingivalis	Newcastle University Biosciences Institute  Cookson Building Newcastle University NE2 4HH United Kingdom	Matthias Trost		2025-08-12				
165	PXD038833	Analysis of proteome refines key molecular reprogramming mechanisms during oil production in Nannochloropsis oceanica	timsTOF Pro	TRUE	DDA	0.6	software_inference:maxquant	Nannochloropsis oceanica strain imet1	nannochloropsis_oceanica_strai	Hainan Normal University	Li WEI	cell culture	2024-07-03				
166	PXD057104	Sex-specific molecular hallmarks of atherogenesis susceptibility in senescence-accelerated mice	timsTOF fleX	TRUE	diaPASEF	0.95	protocol_text	Mus musculus (mouse)	mouse	School of Medicine, Universidad Autónoma de Madrid.	Fernando de la Cuesta Marina	aorta	2025-09-02				
167	PXD046281	Borrelia PeptideAtlas: A proteome resource of common Borrelia burgdorferi isolates for Lyme community	timsTOF	FALSE	DDA	0.9	experimentTypes	Borreliella burgdorferi	borreliella_burgdorferi	Institute for Systems Biology	Robert Moritz		2024-09-03				mixed_instruments
168	PXD055842	Paramecium subcellular spatial proteomics	timsTOF HT	TRUE	diaPASEF	0.95	protocol_text	Paramecium bursaria	paramecium_bursaria	IMB Academia Sinica	Leu, Jun-Yi		2024-10-18				
169	PXD053049	"Recurrent innovation of protein-protein interactions in the Drosophila piRNA pathway
"	timsTOF Pro	TRUE	DIA	0.85	protocol_text	"Drosophila simulans; Drosophila persimilis; Drosophila virilis; Drosophila melanogaster (fruit fly); Drosophila erecta"	"drosophila_simulans; drosophila_persimilis; drosophila_virilis; drosophila; drosophila_erecta"	University of Graz, Pharmaceutical Sciences, Pharmaceutical Chemistry	Ulrich Stelzl		2024-10-05				multi_organism
170	PXD044571	Microbiome adaptations and the role of abundant metagenomically assembled genomes (MAGs) from a production-scale biogas plant consisting of three independent digesters as revealed by MAG-centric metagenomics and metaproteomics	timsTOF	TRUE	DDA	0.9	experimentTypes	Anaerobic digester metagenome	anaerobic_digester_metagenome	ISAS Bunsen-Kirchhoff-Str. 11 44139 Dortmund Germany	Robert Heyer		2024-01-26				
171	PXD062015	Title Bacillus subtilis proteome	timsTOF Pro	TRUE	PASEF	0.9	protocol_text	Bacillus subtilis	bacillus_subtilis	School of Life Sciences, Central China Normal University, Wuhan, Hubei province, China	Xiongfeng Dai & Manlu Zhu	bacteriocyte	2025-08-04				
172	PXD057761	5′ terminal nucleotide determines the immunogenicity of IVT RNAs	timsTOF Ultra	TRUE	diaPASEF	0.95	protocol_text	Homo sapiens (human)	human	International Institute of Molecular and Cell Biology, Laboratory of RNA-Protein Interactions - Dioscuri Centre, Warsaw, Poland	Gracjan Michlewski	permanent cell line cell	2025-02-18				
173	PXD040329	The mode of action of antimicrobial agents albofungins in eradicating penicillins and cephalosporins-resistant Vibrio parahaemolyticus biofilm	timsTOF	TRUE	DDA	0.6	software_inference:maxquant	Vibrio parahaemolyticus s039	vibrio_parahaemolyticus_s039	The Hong Kong University of Science and Technology	Weiyi She		2023-07-29				
174	PXD055395	"Kamrad et al Interspecies interactions drive proteome reorganization and emergent metabolism in gut bacteria"""	timsTOF	TRUE	diaPASEF	0.95	protocol_text	"Bacteroides uniformis; Clostridium sporogenes; Escherichia coli; Ruminococcus gnavus; Parabacteroides merdae; Klebsiella aerogenes; Lactobacillus acidophilus; Phocaeicola vulgatus; Bacteroides thetaiotaomicron; Agathobacter rectalis; Collinsella aerofaciens; Bacteria; Clostridioides difficile; Segatella copri; [clostridium] saccharolyticum; Lactobacillus gasseri"	"bacteroides_uniformis; clostridium_sporogenes; ecoli; ruminococcus_gnavus; parabacteroides_merdae; klebsiella_aerogenes; lactobacillus_acidophilus; phocaeicola_vulgatus; bacteroides_thetaiotaomicron; agathobacter_rectalis; collinsella_aerofaciens; bacteria; clostridioides_difficile; segatella_copri; [clostridium]_saccharolyticum; lactobacillus_gasseri"	MRC Toxicology Unit, University of Cambridge	Kiran Patil		2025-05-12				multi_organism
175	PXD064586	Multi-omics analysis of arboviral capsid targets in mosquitoes reveals a pro-viral function of the chromatin-remodeling Brahma complex	timsTOF Pro	TRUE	PASEF	0.9	protocol_text	"Orthobunyavirus; Alphavirus; Orthoflavivirus; Aedes aegypti; Flaviviridae"	"orthobunyavirus; alphavirus; orthoflavivirus; aedes_aegypti; flaviviridae"	Leibniz Institute of Virology (LIV), Hamburg, Germany	Pietro Scaturro	cell culture	2026-02-05				multi_organism
176	PXD037241	Bacteriocin producing Enterococcus faecium	timsTOF	TRUE	DDA	0.6	software_inference:mascot	"Enterococcus faecium; Bacteria"	"enterococcus_faecium; bacteria"	Laboratory of Food Hygiene and Control. Department of Analytical Chemistry, Nutrition and Food Science, School of Veterinary Sciences, University of Santiago de Compostela, Lugo, Spain.	Marcos Quintela-Baluja		2023-03-11				multi_organism
177	PXD067757	Proteomic and phosphoproteomic study in the retina, choroid, and sclera of guinea pigs with form-deprivation myopia	timsTOF Pro	TRUE	DIA	0.85	protocol_text	Cavia porcellus (guinea pig)	cavia_porcellus_(guinea_pig)	Affiliated Eye Hospital of Shandong University of Traditional Chinese Medicine	Hongsheng Bi	retina	2025-11-17				
178	PXD061464	Extracellular Vesicles of Minimalistic Mollicutes as Mediators of Immune Modulation and Horizontal Gene Transfer	timsTOF HT	TRUE	PASEF	0.9	protocol_text	"Mycoplasma mycoides; Mycoplasmopsis bovis"	"mycoplasma_mycoides; mycoplasmopsis_bovis"	Institute of Veterinary Bacteriology, Vetsuisse Faculty – University of Bern, Switzerland, Multidisciplinary Center for Infectious Diseases (MCID), University of Bern, Bern, Switzerland	Joerg Jores		2025-05-07				multi_organism
179	PXD058801	Systemic acetylome analysis of evolution in fluconazole resistance Candida auris	timsTOF Pro	TRUE	PASEF	0.9	protocol_text	[candida] auris	[candida]_auris	Department of Medical Mycology, Institute of Dermatology, Chinese Academy of Medical Sciences & Peking Union Medical College	XiaoWei Zhou	cell culture	2025-04-22				
180	PXD046477	Characterization of  Campylobacter jejuni proteome  profiles in co-incubation scenarios	timsTOF	TRUE	diaPASEF	0.95	protocol_text	Campylobacter jejuni subsp. jejuni 81-176	campylobacter_jejuni_subsp._je	University Medical Center Goettingen, Department of Clinical Chemistry, Core Facility Proteomics	Christof Lenz		2023-11-02				
181	PXD057886	Fission yeast Whi5-GFP interactome in MM and in MM-N (16 hours)	timsTOF Pro	TRUE	PASEF	0.9	protocol_text	Schizosaccharomyces pombe 927	schizosaccharomyces_pombe_927	Instituto de Biología Funcional y Genómica CSIC / Salamanca University SPAIN	Sergio Moreno	cell culture	2025-12-20				
182	PXD041262	Heat and Cold Shock Response in Pyrococcus furiosus	timsTOF	TRUE	diaPASEF	0.95	protocol_text	Pyrococcus furiosus	pyrococcus_furiosus	University Medical Center Goettingen, Department of Clinical Chemistry, Core Facility Proteomics, Göttingen, Germany	Christof Lenz		2023-10-11				
183	PXD052311	Transcriptional and proteomic dynamics of severe fever with thrombocytopenia syndrome virus infection in Rhipicephalus microplus cells identify antiviral host factors.	timsTOF Pro	TRUE	PASEF	0.9	protocol_text	"Severe fever with thrombocytopenia syndrome virus; Bunyavirales; Rhipicephalus microplus"	"severe_fever_with_thrombocytop; bunyavirales; rhipicephalus_microplus"	Systems Arbovirology,  Leibniz Institute of Virology (LIV),  Hamburg, Germany	Pietro Scaturro	cell culture	2025-05-26				multi_organism
184	PXD048800	Pmk1 kinase-dependent phosphosite mapping on Slp1	timsTOF Pro	TRUE	PASEF	0.9	protocol_text	Schizosaccharomyces pombe	schizosaccharomyces_pombe	State Key Laboratory of Cellular Stress Biology, School of Life Sciences, Faculty of Medicine and Life Sciences, Xiamen University, Xiamen, Fujian, China	Quan-wen Jin	cell culture	2024-10-15				
185	PXD029545	Quantitative phosphoproteomic analysis of Eimeria tenella six stages (unsporulated oocysts (USO), partial sporulated 7 h oocysts (SO7h), sporulated oocysts (SO), sporozoites (S), second generation merozoite (M2) and gametocyte (G))	timsTOF Pro	TRUE	PASEF	0.9	protocol_text	Eimeria tenella	eimeria_tenella	Lanzhou VeterinaLanzhou Veterinary Research Institute, Chinese Academy of Agricultural Sciences (LVRI, CAASLanzhou Veterinary Research Institute, Chinese Academy of Agricultural Sciences (LVRI, CAAS)	Jianping Cai	cell culture	2022-02-16				
186	PXD027388	Integrative proteomics and phosphoproteomics reveals phosphorylation networks involved in maintenance and expression of embryogenic competence in sugarcane callus	timsTOF Pro	FALSE	PASEF	0.9	protocol_text	Saccharum hybrid cultivar sp80-3280	saccharum_hybrid_cultivar_sp80	Laboratório de Biotecnologia, Centro de Biociências e Biotecnologia (CBB), Universidade Estadual do Norte Fluminense Darcy Ribeiro (UENF), Av. Alberto Lamego, Campos dos Goytacazes, RJ, Brazil. Unidade de Biologia Integrativa, Setor de Genômica e Proteômica, UENF, Campos dos Goytacazes, RJ, Brazil.	Vanildo Silveira	cell culture	2022-05-07				mixed_instruments
187	PXD068032	Localisation-dependent variations in articular cartilage ECM: implications for tissue engineering and cartilage repair	timsTOF Pro 2	TRUE	diaPASEF	0.95	protocol_text	Sus scrofa domesticus (domestic pig)	pig	Dr. Rolf M. Schwiete Osteoarthritis Research Unit, Department of Trauma Surgery and Orthopedics, University Hospital, Goethe University, Frankfurt, Germany	Frank Zaucke	cartilage	2025-10-15				
188	PXD059108	CE-MS Top Down Proteomics Multi-lab Study	timsTOF fleX	FALSE	unknown	0.0	none	Saccharomyces cerevisiae (baker's yeast)	yeast	Barnett Institute of Chemical and Biological Analysis and Department of Chemistry & Chemical Biology, Northeastern University, Boston, MA, USA.	Alexander R. Ivanov		2025-12-18				"mixed_instruments; unknown_acquisition_mode"
189	PXD021297	N-glycoproteomic profiling reveals new therapeutic targets against coronavirus infestation which may be involved in Cepharanthine’s intervention	timsTOF Pro	TRUE	PASEF	0.9	protocol_text	Chlorocebus sabaeus	chlorocebus_sabaeus	College of Life Science and Technology, Beijing University of Chemical Technology, Beijing 100029, China.	Wenlin An	cell culture	2022-08-12				
190	PXD056459	A Novel Two-Step Proteome Extraction Protocol for Bone Tissue: Enhancing Low-Abundance Protein Detection and Multi-Omics Compatibility	timsTOF Pro 2	TRUE	diaPASEF	0.95	protocol_text	Rattus norvegicus (rat)	rat	"1) Department Preclinical Development and Validation, Fraunhofer Institute for Cell Therapy and Immunology IZI, Leipzig, Germany; 2) Institute for Bioanalysis, University of Applied Science Coburg, Coburg, Germany"	Stefan Kalkhof	long bone	2025-08-13				
191	PXD055852	A new paradigm of islet adaptations in human pregnancy: insights from immunohistochemistry and proteomics.	timsTOF Ultra	TRUE	diaPASEF	0.95	protocol_text	Homo sapiens (human)	human	Discovery Proteomics Laboratory, University of Oxford, UK	Roman Fischer	exocrine pancreas	2025-06-30				
192	PXD061007	Screening of candidate proteins affecting spermatogenesis by DIA analysis of testis proteomics in Shandong black cattle	timsTOF Pro	TRUE	diaPASEF	0.95	protocol_text	Bos taurus (bovine)	bovine	College of Animal Science and Technology, Qingdao Agricultural University, China	YAJUAN DONG	testis	2025-06-11				
193	PXD066570	Molecular characterization of the group A Streptococcus virulence-regulatory system FasBCAX	timsTOF	TRUE	PASEF	0.9	protocol_text	Streptococcus pyogenes m1 gas	streptococcus_pyogenes_m1_gas	Department of Microbiology & Immunology, University of Nevada, Reno School of Medicine, Reno, Nevada, USA.	Paul Sumby		2025-10-20				
194	PXD054971	ubiquitylome analyses of virus-infected maize	timsTOF Pro 2	TRUE	DIA	0.65	software_inference:encyclopedia	Zea mays (maize)	zea_mays_(maize)	Shenyang agricultural university	Zihao Xia	leaf	2025-09-08				
195	PXD060321	cryo-EM study of Mycolicibacterium smegmatis  membrane protein MmpL5S5	timsTOF	TRUE	PASEF	0.9	protocol_text	Mycobacterium smegmatis (strain atcc 700084 / mc(2)155)	mycobacterium_smegmatis_(strai	Case Western Reserve University	Edward, W, Yu		2025-08-25				
196	PXD031463	The AMA1-RON complex drives Plasmodium sporozoite invasion in the mosquito and mammalian hosts	timsTOF Pro	TRUE	DDA	0.6	software_inference:mascot	Plasmodium berghei anka	plasmodium_berghei_anka	Plateforme P3S - UMS PASS 37 - Sorbonne Universite - INSERM	Solenne Chardonnet	malaria	2022-08-12				
197	PXD060118	Latent infection of an active giant endogenous virus in a unicellular green alga	timsTOF	TRUE	PASEF	0.9	protocol_text	Nucleocytoviricota	nucleocytoviricota	Department of Biological Sciences and the Center for Emerging, Zoonotic, and Arthropod-Borne Pathogens, Virginia Tech, Blacksburg, VA	Dr. Frank O. Aylward		2025-06-16				
198	PXD057942	Trichodesmium metaproteome samples across three ocean regions	timsTOF	TRUE	PASEF	0.9	protocol_text	Trichodesmium sp.	trichodesmium_sp.	"Department of Earth and Environmental Science, Columbia University; Lamont-Doherty Earth Observatory, Columbia University"	Sonya T		2025-06-17				
199	PXD056871	Nanocarrier imaging at single-cell resolution across entire mouse bodies with deep learning	timsTOF SCP	TRUE	single-cell	0.9	protocol_text	Mus musculus (mouse)	mouse	Helmholtz Munich	Prof. Ali	heart	2024-12-06				
200	PXD049242	Bacillus subtilis, sediment, diaPASEF	timsTOF Pro	TRUE	diaPASEF	0.85	keywords	"Bacillus subtilis subsp. subtilis; Bacteria"	"bacillus_subtilis_subsp._subti; bacteria"	College of life Sciences, Sichuan Normal University, Chengdu, Sichuan 610101, China	Wu Cai yun	cell suspension culture	2025-05-06				multi_organism
201	PXD050424	Understanding with environmental proteomics the underlying processes triggered by ornamental lighting on phototrophic biofilms growing on stone-built heritage.	timsTOF	TRUE	PASEF	0.9	protocol_text	"Cyanobacteria; Bacteria"	"cyanobacteria; bacteria"	GEMAP (GI-1243), Departamento de Edafoloxía e Química Agrícola, Facultade de Farmacia, Universidade de Santiago de Compostela, Santiago de Compostela, 15782, Spain.  CRETUS, Universidade de Santiago de Compostela, Santiago de Compostela, Spain.	Prof. Patricia Sanmartin Sánchez		2025-05-13				multi_organism
202	PXD044316	Detection, isolation and characterization of phage-host complexes using BONCAT and click chemistry	timsTOF	TRUE	PASEF	0.9	protocol_text	Escherichia phage lambda	escherichia_phage_lambda	Hochschule Anhalt Fachbereich 7 - Angewandte Biowissenschaften und Prozesstechnik (BWP) Bernburger Straße 55 06366 Köthen Germany	Dirk Benndorf		2024-08-29				
203	PXD036520	Proteomic profiling of tissue-engineered, small-diameter vascular grafts implanted into the ovine carotid artery	timsTOF Pro	TRUE	PASEF	0.9	protocol_text	Ovis aries	ovis_aries	Head of the Laboratory for Vascular Biology, Department of Experimental Medicine,Research Institute for Complex Issues of Cardiovascular Diseases, Kemerovo, Russian Federation	Anton G. Kutikhin	arterial system	2022-11-26				
204	PXD063336	A histone methyltransferase-independent function of PRC2 controls small RNA dynamics during programmed DNA elimination in Paramecium	timsTOF Pro 2	TRUE	PASEF	0.9	protocol_text	Paramecium tetraurelia	paramecium_tetraurelia	Université Paris Cité, CNRS, Institut Jacques Monod, F-75013 PARIS, FRANCE	Sandra Duharcourt		2025-09-22				
205	PXD059079	Single-Cell Proteomic and Transcriptomic Characterization of Drug-Resistant Prostate Cancer Cells Reveals Molecular Signatures Associated with Morphological Changes	timsTOF HT	FALSE	single-cell	0.9	protocol_text	Homo sapiens (human)	human	Department of Pathology, Department of Urology, Department of Oncology, Department of Ophthalmology, Johns Hopkins University School of Medicine, Baltimore, MD 21231	Hui Zhang	epithelial cell of prostate	2025-03-20				mixed_instruments
206	PXD052473	Molecular mechanisms of Acanthamoeba castellanii response to different sources of oxidative stress.	timsTOF Pro 2	TRUE	PASEF	0.9	protocol_text	Acanthamoeba castellanii	acanthamoeba_castellanii	Department of Parasitology, Faculty of Science, Charles University, BIOCEV, Vestec, Czech Republic.	Robert Sutak		2025-01-21				
207	PXD037586	nitric oxide-reducing microbial community metaproteomics	timsTOF Pro 2	TRUE	PASEF	0.9	protocol_text	Sterolibacteriaceae	sterolibacteriaceae	Translational Metabolic Laboratory, Radboudumc, Nijmegen, The Netherlands	Hans Wessels		2023-06-09				
208	PXD055230	Global Lysine Lactylation Dynamics during HCMV and HSV-1 Infections	timsTOF Ultra	FALSE	diaPASEF	0.95	protocol_text	"Homo sapiens (human); Human alphaherpesvirus 1; Human cytomegalovirus (hhv-5) (human herpesvirus 5)"	"human; human_alphaherpesvirus_1; human_cytomegalovirus_(hhv-5)_"	Department of Molecular Biology, Princeton University	Ileana Cristea	lung fibroblast cell line	2024-11-23				"mixed_instruments; multi_organism"
209	PXD025863	Macaca fascicularis liver LC-MS/MS	timsTOF Pro	TRUE	PASEF	0.9	protocol_text	Macaca fascicularis (crab-eating macaque) (cynomolgus monkey)	macaca_fascicularis_(crab-eati	School of Life Sciences, Xiamen University, Xiamen, Fujian, China.	Shuhai Lin	liver	2022-02-17				
210	PXD063326	Analysis of serum IgG of Vλ2315m+/-TCR-TG+/- mice	timsTOF fleX	TRUE	PASEF	0.9	protocol_text	Mus musculus (mouse)	mouse	Institute of Immunology Rikshospitalet, University hospitla Oslo, Norway	Tuula Anneli	blood serum	2026-01-06				
211	PXD054562	Unraveling molecular and functional responses across three lung injury models to expand the donor lung pool	timsTOF Pro 2	TRUE	diaPASEF	0.95	protocol_text	Sus scrofa domesticus (domestic pig)	pig	Lund University	Sandra Lindstedt	lung	2025-06-30				
212	PXD065899	Secretome profiling of Onygena corvina on keratin-rich substrates	timsTOF Pro	TRUE	DDA	0.6	software_inference:msfragger	Onygena corvina	onygena_corvina	Faculty of Chemistry, Biotechnology and Food Science, Norwegian University of Life Sciences, Ås, Norway	Sabina Leanti La Rosa		2025-11-26				
213	PXD062851	DIA-MS workflows for cyanobacterial proteomics	timsTOF HT	TRUE	DIA	0.85	protocol_text	Synechococcus elongatus (strain pcc 7942) (anacystis nidulans r2)	synechococcus_elongatus_(strai	Friedrich Schiller University Jena	David A. Russo		2025-09-15				
214	PXD048597	Exploring roles of the chitinase ChiC in modulating Pseudomonas aeruginosa virulence phenotypes	timsTOF Pro	TRUE	DDA	0.6	software_inference:maxquant	"Pseudomonas aeruginosa (strain ucbpp-pa14); Bacteria"	"pseudomonas_aeruginosa_(strain; bacteria"	Faculty of Chemistry, Biotechnology and Food Science Norwegian University of Life Sciences	Gustav Vaaje-Kolstad		2024-04-30				multi_organism
215	PXD034385	Mechanistic insight into elasnin’s inhibitory effect on marine biofilms	timsTOF Pro	TRUE	DDA	0.9	experimentTypes	Pseudoteredinibacter isoporae	pseudoteredinibacter_isoporae	Chemical and Biological Engineering Department, The Hong Kong University of Science and Technology (HKUST)	Henry Lam		2023-06-21				
216	PXD033855	Proteome of NtrY defective mutant in Paracoccus denitrificans PD1222	timsTOF Pro	TRUE	DDA	0.6	software_inference:maxquant	"Paracoccus denitrificans pd1222; Bacteria"	"paracoccus_denitrificans_pd122; bacteria"	Department of Biochemistry and Molecular Biology, University of Córdoba	María Dolores Roldán Ruiz		2022-10-13				multi_organism
217	PXD031437	Chitinolytic enzymes confer pathogenicity of Aliivibrio salmonicida LFI1238 in the invasive phase of cold-water vibriosis	timsTOF Pro	TRUE	DDA	0.6	software_inference:maxquant	Aliivibrio salmonicida lfi1238	aliivibrio_salmonicida_lfi1238	Faculty of Chemistry, Biotechnology and Food Science Norwegian University of Life Sciences, 1432, Ås Norway	Gustav Vaaje-Kolstad		2022-10-13				
218	PXD062684	Spatial tissue proteomics analysis of laser capture microdisscted intestinal crypt compartment	timsTOF fleX	TRUE	PASEF	0.9	protocol_text	Mus musculus (mouse)	mouse	Proteomics Core Facility, University of Oslo and Oslo University Hospital	Jorunn Stamnæs	small intestine	2025-08-08				
219	PXD028347	Inactivation of the response regulator AgrA has a pleiotropic effect on biofilm formation, pathogenesis and stress response in Staphylococcus lugdunensis	timsTOF Pro	TRUE	DDA	0.6	software_inference:maxquant	Staphylococcus lugdunensis	staphylococcus_lugdunensis	Plateforme Proteogen SF ICORE 4206, US EMerode Université de Caen Normandie Esplanade de la paix, 14032 Caen cedex	Benoit Bernay		2022-02-22				
220	PXD050500	A complete telomere-to-telomere genome of bread wheat presents insights into the evolution, transcriptome, and proteome of a hexaploid genome	timsTOF Pro 2	TRUE	PASEF	0.9	protocol_text	Triticum aestivum (wheat)	triticum_aestivum_(wheat)	Pku-iaas, Shandong,China	Guochen Qin	plant cell	2024-12-29				
221	PXD050993	Tailored phenyl ureas eradicate drug-resistant Mycobacterium tuberculosis by targeting mycolic acid cell wall assembly	timsTOF Pro	FALSE	diaPASEF	0.95	protocol_text	Mycobacterium tuberculosis h37ra	mycobacterium_tuberculosis_h37	TUM Center for Functional Protein Assemblies (CPA), Department of Chemistry and Chair of Organic Chemistry II, Technical University of Munich, Lichtenbergstraße 4, 85748 Garching, Germany.	Stephan A. Sieber		2025-05-06				mixed_instruments
222	PXD055890	Laser capture proteomics reveals new candidates for sperm-interacting proteins in the bovine oviduct epithelium	timsTOF Pro	TRUE	diaPASEF	0.95	protocol_text	Bos taurus (bovine)	bovine	Protim Core facility - Irset Inserm U1085 - UAR Biosit CNRS 380 Inserm 018	Charles Pineau	oviduct epithelium	2025-07-28				
223	PXD055362	Two Types of Axonal Muscarinic Acetylcholine Receptors Mediate Formation of Saliva Cocktail in the Tick Ixodes ricinus	timsTOF Pro	TRUE	DDA	0.6	software_inference:maxquant	Ixodes ricinus	ixodes_ricinus	ANSES, INRAE, Ecole Nationale Vétérinaire d’Alfort, UMR BIPAR, Laboratoire de Santé Animale, 94700 Maisons-Alfort, France	Ladislav Šimo	saliva	2026-02-05				
224	PXD067996	Quantitative analysis of proteomic changes in monoclonal MDCK cell lines infected with human influenza A virus	timsTOF Pro	TRUE	diaPASEF	0.95	protocol_text	Canis familiaris (dog) (canis lupus familiaris)	canis_familiaris_(dog)_(canis_	Applied Biosciences and Process Engineering, Anhalt University of Applied Sciences, Köthen, Germany	Dirk Benndorf	epithelial cell	2025-09-29				
225	PXD056528	Bottom-up spatial proteomics MALDI MSI	timsTOF fleX	FALSE	MALDI	0.95	protocol_text	Homo sapiens (human)	human	Maastricht University	Ron M. A. Heeren	cell culture	2025-05-07				mixed_instruments
226	PXD057460	Large Extracellular Vesicles Derived from LPS-preconditioned Cardiomyocytes Alleviate Myocarditis via Mediating Macrophage Polarization and Modulating p38 MAPK Pathway	timsTOF Pro 2	TRUE	PASEF	0.9	protocol_text	Rattus norvegicus (rat)	rat	Shandong Provincial Hospital	Yanjie Jiang	cardiomyocyte cell line	2025-09-29				
227	PXD044992	Acetylomics on rhein treated NLRP3 activated J774A.1 macrophages	timsTOF	TRUE	DIA	0.65	software_inference:encyclopedia	Mus musculus (mouse)	mouse	Key Laboratory for Metabolic Diseases in Chinese Medicine, Nanjing University of Chinese Medicine	Wenbin Shang	macrophage	2024-10-17				
228	PXD060544	A degron-mimicking molecular glue drives CRBN homo-dimerization and degradation	timsTOF Ultra	TRUE	PASEF	0.9	protocol_text	Homo sapiens (human)	human	Monte Rosa Therapeutics	Debora Bonenfant	t cell	2025-09-08				
229	PXD067564	A subset of type 4 secretion system effectors of Brucella spp. associates to outer membrane vesicles	timsTOF Pro	TRUE	PASEF	0.9	protocol_text	Brucella abortus 2038	brucella_abortus_2038	Biozentrum, University of Basel, Basel, Switzerland	Christoph Dehio		2026-01-05				
230	PXD046365	Proteomic analysis of primary graft dysfunction and high particle flow rate	timsTOF Pro 2	FALSE	diaPASEF	0.95	protocol_text	Sus scrofa domesticus (domestic pig)	pig	IKVL, Lund University, Lund, Sweden	Sandra Lindstedt	bronchoalveolar lavage	2024-04-05				mixed_instruments
231	PXD067297	Atypical features of the disordered N-terminal region of a bacterial outer membrane copper transporter.	timsTOF Pro	TRUE	PASEF	0.9	protocol_text	Caulobacter crescentus (strain na1000 / cb15n)	caulobacter_crescentus_(strain	Research Unit in Biology of Microorganisms (URBM), Department of Biology, Namur Research Institute for Life Sciences (NARILIS), University of Namur, Namur, Belgium	Jean-Yves Matroule		2025-09-05				
232	PXD063434	Diversity and distribution of the lanthanome in aerobic methane-oxidizing bacteria	timsTOF Pro	TRUE	PASEF	0.9	protocol_text	Methylosinus trichosporium ob3b	methylosinus_trichosporium_ob3	School of Biosciences, University of Birmingham	Yin Chen		2025-04-29				
233	PXD061296	Local and Global Breathing Motions Prime the Access to Buried Binding Site in an Antibiotic-Sequestering Protein	timsTOF Pro	TRUE	PASEF	0.9	protocol_text	Klebsiella oxytoca	klebsiella_oxytoca	Institute of Microbiology of the CAS	Petr Man		2025-08-04				
234	PXD061198	Rumen-centric multi-omics of two beef cattle breeds	timsTOF Pro	TRUE	PASEF	0.9	protocol_text	Bovine gut metagenome	bovine_gut_metagenome	Professor, Centre for Microbiome Research, Queensland University of Technology | Translational Research Institute	Phil B. Pope		2025-06-10				
235	PXD044477	Single cell spatial proteomics identifies JAK/STAT pathway as actionable therapeutic target in toxic epidermal necrolysis	timsTOF	TRUE	single-cell	0.9	protocol_text	Homo sapiens (human)	human	"Department of Proteomics and Signal Transduction; Max-Planck Institute of Biochemistry; Martinsried, Bavaria, 82152; Germany"	Matthias Mann	keratinocyte	2025-01-13				
236	PXD060954	Proteome profiling of Akkermansia muciniphila, Bifidobacterium longum, and Bifidobacterium breve in different nutrient environments	timsTOF Pro	TRUE	PASEF	0.9	protocol_text	Akkermansia muciniphila atcc baa-835	akkermansia_muciniphila_atcc_b	Chemical and Biological Engineering, Hong Kong University of Science and Technology (HKUST)	Henry Lam		2025-09-24				
237	PXD054416	The role of the cotyledons after germination/during seedling development in Lupinus albus	timsTOF Pro 2	FALSE	PASEF	0.9	protocol_text	Lupinus albus	lupinus_albus	University of Cologne CEPLAS/ Institute for Plant Sciences Plant Metabolic Biochemistry Lab  Zülpicher Straße 47a D-50674 Cologne Germany	Tatjana Hildebrandt	cotyledon	2025-04-15				mixed_instruments
238	PXD059682	4D Label-Free Quantitative Proteomics of Six BCG vaccine Strains (2 Groups with 3 Biological Replicates Each)	timsTOF Pro	TRUE	PASEF	0.9	protocol_text	Mycobacterium bovis bcg	mycobacterium_bovis_bcg	State Key Laboratory for Conservation and Utilization of Subtropical Agro-bioresources, College of Life Science and Technology, Guangxi University, Nanning, 530004, China	Weihui Li		2025-02-28				
239	PXD058135	Proteomic analysis of the sponge (Porifera) Aggregation Factor implicates an ancient protein domain toolkit for allorecognition and adhesion in animals	timsTOF Pro	TRUE	PASEF	0.9	protocol_text	Clathria prolifera	clathria_prolifera	Associate Professor Department of Biological Sciences University of Denver	Scott Nichols		2025-06-23				
240	PXD057797	Mechanisms of recalcitrant fucoidan breakdown in marine Planctomycetota	timsTOF Pro	TRUE	PASEF	0.9	protocol_text	Planctomycetales	planctomycetales	Proteomics Platform CIC bioGUNE, Bizkaia Tech. Park Build. 800, 48160 (Derio) Spain	Felix Elortza		2024-11-22				
241	PXD057602	Protein modification by a eukaryotic-like ubiquitin-related modifier in the hyperthermophilic archaeon Saccharolobus islandicus	timsTOF Pro	TRUE	PASEF	0.9	protocol_text	Sulfolobus islandicus rey15a	sulfolobus_islandicus_rey15a	Southern Marine Science and Engineering Guangdong Laboratory (Guangzhou), Nansha, Guangzhou 511458, China	Li Huang		2025-08-21				
242	PXD057244	The lipid transport Mla Pqi Chimeric system is essential for Brucella abortus survival in macrophages	timsTOF Pro	TRUE	PASEF	0.9	protocol_text	Brucella abortus	brucella_abortus	Research Unit in Biology of Microorganisms (URBM), Namur Research Institute for life Sciences (Narilis), University of Namur, Namur, Belgium	Xavier De Bolle		2025-06-19				
243	PXD056185	Extracellular membrane vesicle-driven crosstalk between legume plants and rhizobia: the symbiosome space as protein trafficking interface	timsTOF Pro	TRUE	PASEF	0.9	protocol_text	"Lobelia burttii subsp. burttii; Sinorhizobium fredii hh103; Rhizobium tropici ciat 899"	"lobelia_burttii_subsp._burttii; sinorhizobium_fredii_hh103; rhizobium_tropici_ciat_899"	4Cellular Proteome Research, Helmholtz Centre for Infection Research, Braunschweig, Germany	Lothar Jaensch		2025-05-07				multi_organism
244	PXD047447	Membrane Vesicles in Acidithiobacillia class extreme acidophiles: influence on collective behaviours of 'Fervidacidithiobacillus caldus'	timsTOF Pro	TRUE	PASEF	0.9	protocol_text	Acidithiobacillaceae	acidithiobacillaceae	Centro Científico y Tecnológico de Excelencia Ciencia & Vida, Fundación Ciencia & Vida, Santiago, Chile.  Instituto Milenio de Oceanografía (IMO), Universidad de Concepción, Concepción, Chile.	Matías Castro		2023-12-30				
245	PXD046644	Inorganic Polyphosphate Affects Biofilm Assembly, Capsule Formation, and Virulence of Hypervirulent ST23 Klebsiella pneumoniae	timsTOF Pro	TRUE	PASEF	0.9	protocol_text	Klebsiella pneumoniae	klebsiella_pneumoniae	Laboratorio de Microbiología de Sistemas, Departamento de Biología, Facultad de Ciencias, Universidad de Chile, Santiago, Chile	Francisco P.		2024-08-23				
246	PXD043051	Horizontal acquisition of a DNA ligase improves DNA damage tolerance in eukaryotes	timsTOF Pro	TRUE	PASEF	0.9	protocol_text	Adineta vaga	adineta_vaga	Université Libre de Bruxelles, Molecular Biology and Evolution, Brussels, 1050, Belgium Université de Namur, Laboratory of Evolutionary Genetics and Ecology, Namur, 5000, Belgium	Karine Van		2024-01-24				
247	PXD041490	Proteome-wide analysis of Lysine 2-Hydroxyisobutyrylation in Aspergillus fumigatus	timsTOF Pro	TRUE	PASEF	0.9	protocol_text	Aspergillus fumigatus af293	aspergillus_fumigatus_af293	Department of Medical Mycology, Institute of Dermatology, Chinese Academy of Medical Sciences & Peking Union Medical College, Nanjing, China.	HaiLin Zheng		2024-01-26				
248	PXD041207	A conserved tryptophan in the acylated segment controls β2- integrin-independent cell penetration of RTX toxins	timsTOF Pro	TRUE	PASEF	0.9	protocol_text	Bordetella pertussis	bordetella_pertussis	Institute of Microbiology - BioCeV, Academy of Sciences of the Czech Republic	Peter Man		2023-07-11				
249	PXD037937	The effect of multiple phaJ deletions Pseudomonas putida KT2440 on polyhydroxyalkanoates synthesis (part2)	timsTOF Pro	TRUE	PASEF	0.9	protocol_text	Pseudomonas putida kt2440	pseudomonas_putida_kt2440	UCD Earth Institute and School of Biomolecular and Biomedical Science, University College Dublin, Belfield, Dublin 4, Ireland BiOrbic - Bioeconomy Research centre, Ireland, University College Dublin, Belfield, Dublin 4, Ireland	Kevin E. O’Connor		2023-05-10				
250	PXD029711	Sulfamethoxazole triggers specific microbial activities under aerobic heterotrophic conditions: A metaproteomic approach	timsTOF Pro	TRUE	PASEF	0.9	protocol_text	"Environmental samples <b-proteobacteria; Environmental samples <g-proteobacteria"	"environmental_samples_<b-prote; environmental_samples_<g-prote"	Biogroup - Group of Environmental Biotechnology  Department of Chemical Engineering . Universidade de Santiago de Compostela	Alba Trueba Santiso		2022-09-20				multi_organism
251	PXD029128	The proteome reveals serine/threonine kinase in pollen tube regulates S-RNase enzyme protein degradation in almond	timsTOF Pro	TRUE	PASEF	0.9	protocol_text	Prunus dulcis	prunus_dulcis	1College of Horticulture, Shenyang Agricultural University, Shenyang, 11086, Liaoning, China 2Institute of Horticulture Crops, Xinjiang Academy of Agricultural Sciences, Urumqi 830091, Xinjiang, China	Yeting XU		2022-02-10				
252	PXD045794	Regulation of mitochondrial function and protein homeostasis by hypoxia inducible factor 1 alpha in normoxia-mouse cells	timsTOF Pro 2	TRUE	DIA	0.85	protocol_text	Mus musculus (mouse)	mouse	Department of Inflammation and Immunity, Gastroenterology and Hepatology. Cleveland Clinic, Cleveland Ohio, USA	Srinivasan Dasarathy	skeletal muscle atrophy	2025-06-08				
253	PXD026569	A quantitative metabolic analysis reveals Acetobacterium woodii as a flexible and robust host for formate-based bioproduction	timsTOF Pro	TRUE	PASEF	0.9	protocol_text	Acetobacterium woodii	acetobacterium_woodii	Full Professor for Analytical Chemistry   Institute of Chemical Technologies and Analytics TU Wien Getreidemarkt 9/E164   A-1060 Vienna Austria	Ruth Birner-Gruenberger		2023-03-08				
254	PXD024041	Poplar acetylome profiling reveals lysine acetylation dynamics in seasonal dormancy release.	timsTOF Pro	TRUE	PASEF	0.9	protocol_text	Populus canescens (grey poplar) (populus tremula x populus alba)	populus_canescens_(grey_poplar	HuaZhong Agricultural University	Jihua Ding		2021-05-20				
255	PXD054153	The role of metal nanoparticles in the pathogenesis of stone formation	timsTOF	TRUE	unknown	0.0	none	Homo sapiens (human)	human	Gamaleya Research Center for Epidemiology and Microbiology, Moscow, 123098, Russia	Nikita Polyakov	tooth	2025-05-07				unknown_acquisition_mode
256	PXD022772	MS Annika: A new Cross-Linking Search Engine	timsTOF Pro	TRUE	PASEF	0.9	protocol_text	Streptococcus pyogenes abc020006030	streptococcus_pyogenes_abc0200	Protein Chemistry Facility, Institute for Molecular Pathology (IMP), Campus Vienna Biocenter 1, Vienna, Austria	Karl Mechtler		2021-05-27				
257	PXD021832	Proteomic approache of the response to iron-limited condition in Staphylococcus lugdunensis	timsTOF Pro	TRUE	PASEF	0.9	protocol_text	Staphylococcus lugdunensis n920143	staphylococcus_lugdunensis_n92	"Pr Jean-Christophe Giard Unité de Recherche Risques Microbiens (U2RM) Equipe ""Antibio-résistance"" Laboratoire de Microbiologie CHU Côte de Nacre 14033 Caen Cedex"	Jean-Christophe GIARD		2020-10-13				
258	PXD022077	Dynamic responses of barley root quantitative succinyl-proteome to short-term phosphate starvation and recovery	timsTOF Pro	TRUE	DDA	0.6	software_inference:maxquant	Hordeum vulgare (barley)	hordeum_vulgare_(barley)	Gansu Provincial Key Lab of Aridland Crop Science/ Gansu Agricultural University, Lanzhou, China	Wang juncheng	root	2021-07-13				
259	PXD046023	Staphylococcus aureus ST398 LC-MSMS	timsTOF Pro	TRUE	PASEF	0.9	protocol_text	Staphylococcus aureus	staphylococcus_aureus	Department of Laboratory Medicine, Ren Ji Hospital, School of Medicine, Shanghai Jiao Tong University, Shanghai, China.	Yanan Wang	cell suspension culture	2024-10-08				
260	PXD037007	Liquid biopsy protein biomarkers of cholangiocarcinoma risk, early diagnosis and survival mirroring tumor cells - timsTOF (2/2)	timsTOF	TRUE	single-cell	0.9	protocol_text	Homo sapiens (human)	human	Protemics Service CIC bioGUNE Bizkaia Tech. Park Build. 800 48160 Derio (Spain)	Felix Elortza	primary sclerosing cholangitis	2023-07-20				
261	PXD060146	Targeted Translation Inhibition of Chloroplast and Mitochondrial mRNAs by Designer Pentatricopeptide Repeat Proteins	timsTOF HT	TRUE	PASEF	0.9	protocol_text	Arabidopsis thaliana (mouse-ear cress)	arabidopsis	MSBioLMU Großhaderner Str. 2-4 82152 Planegg-Martinsried Germany	Serena Schwenkert	photosynthetic cell	2025-03-05				
262	PXD057152	Role of Late Endosomal Autophagy-Dependent Secretion in Regulating ER and Mitochondrial Stress and Stress Communication	timsTOF Pro 2	TRUE	PASEF	0.9	protocol_text	Rattus norvegicus (rat)	rat	Université Paris Cité, Institute of Psychiatry and Neuroscience of Paris, INSERM U1266 102-108 rue de la Santé 75014 Paris France	Thierry Galli	fibroblast	2026-01-26				
263	PXD067750	PURA Syndrome as a Congenital Myasthenic Disorder: Evidence from Muscle Morphology, Proteomics, and Blood Biomarkers	timsTOF HT	FALSE	DIA	0.85	protocol_text	Homo sapiens (human)	human	Proteomics, Leibniz-Institut für analytische Wissenschaften -ISAS - e.V., Germany	Albert Sickmann	muscle	2026-02-02				mixed_instruments
264	PXD065562	Hypoxia induces histone clipping and H3K4me3 loss in neutrophil progenitors resulting in long-term impairment of neutrophil immunity	timsTOF SCP	TRUE	PASEF	0.9	protocol_text	Mus musculus (mouse)	mouse	Personal Chair of Cancer Network Biology, Centre for Cancer Research, Institute of Genetics and Cancer, The University of Edinburgh	Prof. Alexander von Kriegsheim	neutrophil	2025-09-22				
265	PXD051126	β-Hydroxybutyrate Boosts Plant Immunity through Enhanced H3K9bhb Levels and Gene Expression Regulation	timsTOF Pro	TRUE	DDA	0.6	software_inference:maxquant	Oryza sativa (rice)	oryza_sativa_(rice)	Anhui Agricultural University	Xiaoyang Chen	flower	2025-07-05				
266	PXD056325	Characterization of Heterorhabditis bacteriophora Response to Insect-Derived and Non-Biological Stimuli: Insights into Nematode Recovery and Released Proteins	timsTOF Pro	TRUE	PASEF	0.9	protocol_text	Heterorhabditis bacteriophora	heterorhabditis_bacteriophora	Proteomics Core Facility and Research Group Proteomics, CEITEC-MU, Masaryk University, Brno, Czech Republic	Zbynek Zdrahal	whole body	2025-02-10				
267	PXD060311	A boundary-defining protein facilitates megabase-scale regulatory chromosomal loop formation in Drosophila neurons	timsTOF Pro	TRUE	diaPASEF	0.95	protocol_text	Drosophila melanogaster (fruit fly)	drosophila	Center for Integrative Genomics (CIG) University of Lausanne (UNIL) Quartier Sorge, Genopode room 3030 CH-1015 Lausanne Switzerland	Maria Cristina	embryo	2025-04-11				
268	PXD064948	Impact of collagenase treatment on the proteome and transcriptome of human articular chondrocytes	timsTOF HT	TRUE	DIA	0.85	protocol_text	Homo sapiens (human)	human	Laboratory for Biomedical Mass Spectrometry, Newcastle University Biosciences Institute, Newcastle University, England	Matthias Trost	primary cell	2025-10-20				
269	PXD067906	Nucleocapsid protein captures DDX5 and RNMT facilitating viral RNA synthesis and viral protein translation for coronavirus replication	timsTOF	TRUE	PASEF	0.9	protocol_text	"Sus scrofa (pig); Chlorocebus sabaeus"	"pig; chlorocebus_sabaeus"	Shanghai Veterinary Research Institute, Chinese Academy of Agricultural Sciences, Shanghai, China.	Tongling Shan	llc-pk1 cell	2026-01-21				multi_organism
270	PXD039701	ChIP-MS reveals the local chromatin composition by label-free quantitative proteomics	timsTOF fleX	FALSE	DDA	0.6	software_inference:maxquant	Homo sapiens (human)	human	Cancer Science Institute of Singapore, National University of Singapore	Dennis Kappei	u2-os cell	2024-03-05				mixed_instruments
271	PXD036258	mTOR activity paces human blastocyst stage developmental progression (data set 2)	timsTOF SCP	TRUE	PASEF	0.9	protocol_text	Mus musculus (mouse)	mouse	Research Group Leader Bulut-Karslioglu lab Dept. of Genome Regulation Max Planck Institute for Molecular Genetics Ihnestrasse 63-73 14195 Berlin GERMANY	Aydan Bulut-Karslioglu	embryonic stem cell	2024-09-26				
272	PXD062696	Integrative Spatial Proteomics and Single-Cell RNA Sequencing Unveil Molecular Complexity in Rheumatoid Arthritis for Novel Therapeutic Targeting	timsTOF Pro 2	TRUE	single-cell	0.9	protocol_text	Homo sapiens (human)	human	QTAS, or previously DMPK, Abbvie Bioresearch Center	Yu Tian	synovium	2025-06-26				
273	PXD030915	Spatiotemporal profiling of the bovine oviduct fluid proteome around the time of ovulation	timsTOF Pro	TRUE	PASEF	0.9	protocol_text	Bos taurus (bovine)	bovine	UMS Biosit - CNRS 3480 - Inserm 018 Campus de Beaulieu - Bâtiment. 24 - CS2407 263 Avenue du Général Leclerc 35042 RENNES CEDEX FRANCE	Charles Pineau	oviductal fluid	2022-03-03				
274	PXD057803	Targeting FOXA1 and FOXA2 Disrupts the Lineage-Specific Oncogenic Output in Prostate Cancer	timsTOF HT	FALSE	DIA	0.85	protocol_text	Homo sapiens (human)	human	Institute of Oncology Research, Bellinzona, Switzerland	Jean-Philippe Theurillat	prostate cancer cell line	2026-01-27				mixed_instruments
275	PXD059171	Comparative proteomic analysis of the composition of decellularized extracellular matrix (dECM) and dECM-based inks as compared to the native tissue	timsTOF	TRUE	PASEF	0.9	protocol_text	Sus scrofa domesticus (domestic pig)	pig	"BioGipuzkoa Health Research Institute, Stem Cells & Aging Group, Donostia-San Sebastián, 20014, Spain; Donostia University Hospital, Advanced Therapies Unit, Donostia-San Sebastián, 20014, Spain."	Ander Izeta Permisán	biceps femoris	2025-05-15				
276	PXD054963	Proteome analyses of virus-infected maize	timsTOF Pro 2	TRUE	DIA	0.65	software_inference:encyclopedia	Zea mays (maize)	zea_mays_(maize)	Shenyang Agricultural University	Huiyan Guo	leaf	2025-09-08				
277	PXD060921	HCMV infection mitigate the ability of placental EVs to potentiate neurogenesis by altering their miRNA landscape	timsTOF fleX	TRUE	diaPASEF	0.95	protocol_text	Homo sapiens (human)	human	Univ.Lille, CHU Lille, Inserm U1192, Protéomique Réponse Inflammatoire Spectrométrie de Masse (PRISM), Lille, France	Etienne Coyaud	neuronal stem cell	2026-02-02				
278	PXD040429	New Pathophysiological Insights from Serum Proteome Profiling in Equine Atypical Myopathy.	timsTOF Pro	TRUE	PASEF	0.9	protocol_text	Equus caballus (horse)	equus_caballus_(horse)	Department of Functional Sciences, Faculty of Veterinary Medicine, Pharmacology and Toxicology, Fundamental and Applied Research for Animals & Health (FARAH), University of Liège, 4000 Liège 1 (Sart Tilman), Belgium	Dominique-M. Votion	blood cell	2024-02-09				
279	PXD060228	Insulin-degrading enzyme regulates mRNA processing and in-teracts with the CCR4-NOT transcription complex	timsTOF Pro 2	TRUE	single-cell	0.9	protocol_text	Homo sapiens (human)	human	Proteomics Platform Necker, Université Paris Cité - Structure Fédérative de Recherche Necker, INSERM US24/CNRS UAR3633, Paris 75015, France.	Ida Chiara Guerrera	pancreatic islet cell	2025-06-16				
280	PXD042540	Characterization of the biochemical activity and tumor-promoting role of the dual protein methyltransferase METL-13/METTL13 in Caenorhabditis elegans	timsTOF Pro	FALSE	DDA	0.6	software_inference:maxquant	Caenorhabditis elegans	c_elegans	Department of Biosciences University of Oslo	Jedrzej M. Malecki	whole body	2023-07-03				mixed_instruments
281	PXD045602	Mesenteric artery smooth muscle cells from hypertensive rats have increased microtubule acetylation	timsTOF Pro	TRUE	DDA	0.6	software_inference:maxquant	Rattus norvegicus (rat)	rat	Copenhagen University, Faculty of Health and Medicine, Biomedical Institute, Vascular Biology Group	Thomas Andrew	inferior mesenteric artery	2024-02-21				
282	PXD068387	Dysregulation of muscle myosin biochemical states in X-linked myotubular myopathy	timsTOF HT	TRUE	diaPASEF	0.95	protocol_text	Mus musculus (mouse)	mouse	Department of Biomedical Sciences, University of Copenhagen, Copenhagen, Denmark	Jenni Laitila	soleus	2025-10-31				
283	PXD053473	Enhanced feature matching in single-cell proteomics characterizes response to IFN-γ and reveals co-existence of different cell states - IFNy-200pg Vendor files	timsTOF Pro 2	TRUE	single-cell	0.9	protocol_text	Homo sapiens (human)	human	1 German Cancer Research Center (DKFZ), Heidelberg, Germany 2 Heidelberg University, Medical Faculty, Heidelberg, Germany (lab head)	Prof. Dr. Jeroen Krijesveld	bone cell	2024-08-22				
284	PXD024729	F1Fo-ATP synthase  subunit determines lethal infection in pathogenic fungi	timsTOF Pro	TRUE	DDA	0.9	experimentTypes	Candida albicans (yeast)	candida_albicans_(yeast)	Jinan University	Hong Zhang	whole body	2021-09-16				
285	PXD063539	Spatial Proteomic Profiling Reveals Increased Levels of Cholesterol Synthesis Proteins in Psoriasis Vulgaris	timsTOF SCP	TRUE	diaPASEF	0.95	protocol_text	Homo sapiens (human)	human	Zealand University Hospital Roskilde	Beatrice Dyring-Andersen	dendritic cell	2025-06-10				
286	PXD067006	Demographic variables shape longitudinal proteome signatures of peripheral nerve injury in mice	timsTOF HT	TRUE	diaPASEF	0.95	protocol_text	Mus musculus (mouse)	mouse	Department of Pharmaceutical Sciences, Faculty of Life Sciences, University of Vienna	Manuela Schmidt	sciatic nerve	2025-12-05				
287	PXD030669	Proteomic analyses of excess starch and early senescent leaf mutant lses1 in rice	timsTOF Pro	TRUE	unknown	0.0	none	Oryza sativa (rice)	oryza_sativa_(rice)	Key Laboratory of Ministry of Education for Genetic Improvement and Comprehensive Utilization of Crops, Fujian Provincial Key Laboratory of Crop Breeding by Design, College of Agriculture, Fujian Agriculture and Forestry University	Fangyu Chen	plant cell	2022-01-26				unknown_acquisition_mode
288	PXD047619	From the fat body to the hemolymph: Profiling tick immune and storage proteins through transcriptomics and proteomics	timsTOF Pro	TRUE	DDA	0.6	software_inference:maxquant	Ixodes ricinus	ixodes_ricinus	Institute of Parasitology, Biology Centre of the Czech Academy of Sciences, Branisovska 1160/31, 37005 Ceske Budejovice, Czech Republic	Petr Kopáček	hemolymph	2024-01-11				
289	PXD060011	Quantification of nuclear factors in hMADS adipocytes	timsTOF SCP	TRUE	diaPASEF	0.95	protocol_text	Homo sapiens (human)	human	Institut de Pharmacologie et de Biologie Structurale (IPBS), Université de Toulouse, CNRS, Université Toulouse III - Paul Sabatier (UT3), Toulouse, France	Odile Schiltz	white fat cell	2026-01-30				
290	PXD071320	Autonomous biogenesis of all thirty proteins of the E. coli translation machineryk	timsTOF Pro 2	FALSE	DIA	0.85	protocol_text	Escherichia coli	ecoli	Department of Chemical and Biological Physics, The Weizmann Institute of Science, Rehovot, Israel	Roy H. Bar-Ziv		2025-12-09				mixed_instruments
291	PXD051838	Mass-spectrometry analysis of brain endothelial cells (BECs) from Foxf2iECKO and Ctrl mice	timsTOF Pro	TRUE	single-cell	0.9	protocol_text	Mus musculus (mouse)	mouse	DZNE Munich, Neuroproteomics, Feodor-Lynen Str. 17, 81377 Munich, Germany	Stefan F.	brain microvascular endothelial cell	2025-09-02				
292	PXD063661	MYC deregulation sensitizes cancer cells to N-myristoyltransferase inhibition - Th-MycN tumour proteomics	timsTOF HT	TRUE	diaPASEF	0.95	protocol_text	Mus musculus (mouse)	mouse	GSK Chair in Chemical Biology, Imperial College London  Satellite Group Leader, Francis Crick Institute Founder & SAB, Myricx Bio https://myricxbio.com/ Room 301B, Molecular Sciences Research Hub, White City Campus 82 Wood Lane, London W12 0BZ, UK Tel.: 020759 + Ext. 43752 or 45821 (group) http://www.imperial.ac.uk/tate-group/	Professor Dr. Edward W. Tate	neural crest derived neuroblast	2025-07-30				
293	PXD046863	Beyond Myosin Heavy Chains in Human Skeletal Muscle Heterogeneity	timsTOF SCP	TRUE	diaPASEF	0.95	protocol_text	Homo sapiens (human)	human	Novo Nordisk Foundation Center for Basic Metabolic Research	Atul Shahaji	skeletal muscle fiber	2025-02-27				
294	PXD029818	Proteomic profiling of rabbit eyes	timsTOF Pro	TRUE	DDA	0.85	protocol_text	Oryctolagus cuniculus (rabbit)	oryctolagus_cuniculus_(rabbit)	University of Houston, Houston, TX 77204	Guoting Qin	eye	2021-11-24				
295	PXD036748	Towards optimised extracellular vesicle proteomics from cerebrospinal fluid	timsTOF fleX	TRUE	DDA	0.6	software_inference:maxquant	Canis familiaris (dog) (canis lupus familiaris)	canis_familiaris_(dog)_(canis_	Head of Proteomics	Tuula Nyman	cerebrospinal fluid	2023-07-20				
296	PXD069993	A protocol for robust discovery proteomics using nano liquid chromatography using pillar-array column technology and high-resolution mass spectrometry with data- independent acquisition	timsTOF	TRUE	DIA	0.85	protocol_text	Homo sapiens (human)	human	Vrije Universiteit Brussel, Department of Chemical Engineering	Sebastiaan Eeltink	hela cell	2026-01-13				
297	PXD051022	Shared behavioural impairments in visual perception and place avoidance across different autism models are driven by periaqueductal grey hypoexcitability in Setd5 haploinsufficient mice.	timsTOF HT	TRUE	diaPASEF	0.95	protocol_text	Mus musculus (mouse)	mouse	"Jösch Group ""Neuroethology"", ISTA (Institute of Science and Technology Austria), Am Campus 1, Klosterneuburg, Niederösterreich, Austria"	Maximilian Jösch	cerebral cortex	2024-05-15				
298	PXD032673	Analysis of Nipah virus replication and host proteome response patterns in differentiated porcine airway epithelial cells cultured at the air-liquid interface	timsTOF Pro	TRUE	DDA	0.6	software_inference:maxquant	Sus scrofa domesticus (domestic pig)	pig	Friedrich-Loeffler-Institut	Axel Karger	respiratory epithelial cell	2023-05-10				
299	PXD058385	Proteomic Profiling Reveals Differentially Expressed Proteins in TAMs	timsTOF	TRUE	DIA	0.85	protocol_text	Homo sapiens (human)	human	The University of Chicago	Peng Xia	cell lysate	2025-09-28				
300	PXD039646	Plasmepsin X activates function of the PCRCR complex in P. falciparum by processing PfRh5 for binding to basigin and invasion of human erythrocytes	timsTOF Pro	TRUE	PASEF	0.9	protocol_text	Plasmodium falciparum (isolate 3d7)	plasmodium_falciparum_(isolate	Deputy Director – Science Strategy The Walter and Eliza Hall institute of Medical Research Professor, Department of Medical Biology Faculty of Medicine, Dentistry and Health The University of Melbourne Australia	Professor Alan Cowman	blood	2023-04-05				
301	PXD038229	First identification of a large set of serine hydrolases by activity-based protein profiling in dibutyl phthalate-exposed zebrafish larvae	timsTOF Pro	TRUE	PASEF	0.9	protocol_text	Danio rerio (zebrafish) (brachydanio rerio)	zebrafish	Université de Lorraine, LIEC, UMR7360, Campus Bridoux, Metz, F-57070, France	Eric Battaglia	embryo	2023-03-11				
302	PXD021513	Biostimulant impacts of Glutacetine® and derivated formulations on bread wheat grain proteome	timsTOF Pro	TRUE	PASEF	0.9	protocol_text	Triticum aestivum (wheat)	triticum_aestivum_(wheat)	Normandie Univ, UNICAEN, INRAE, UMR EVA, SFR Normandie Végétal FED4277, Esplanade de la Paix, F-14032 Caen, France	Jean-Christophe AVICE	seed	2021-05-21				
303	PXD067446	Proteomic and phosphoproteomic study in the retina, choroid, and sclera of guinea pigs with form-deprivation myopia	timsTOF Pro	TRUE	DIA	0.85	protocol_text	Cavia porcellus (guinea pig)	cavia_porcellus_(guinea_pig)	Affiliated Eye Hospital of Shandong University of Traditional Chinese Medicine	Hongsheng Bi	choroid	2025-11-17				
304	PXD050655	Biopsy  proteome score performs well as an effect measure in a gluten-challenge trial of coeliac disease	timsTOF fleX	TRUE	PASEF	0.9	protocol_text	Homo sapiens (human)	human	Department of Immunology, University of Oslo, Norway	Jorunn Stamnæs	duodenum	2025-04-08				
305	PXD061767	New role for thioredoxins in plants: implication of TRXo1 in protein depersulfidation	timsTOF	TRUE	DDA	0.6	software_inference:mascot	Arabidopsis thaliana (mouse-ear cress)	arabidopsis	Centro de Edafología y Biología Aplicada del Segura-CSIC, Murcia, Spain	Ana Jiménez	photosynthetic cell	2025-05-07				
306	PXD050342	Systematic proteomics analysis of lysine acetylation reveals critical features of renal proteins in kidney calculi formation	timsTOF Pro	TRUE	PASEF	0.9	protocol_text	Rattus norvegicus (rat)	rat	the People’s Hospital of Longhua, Shenzhen	Qiong Deng	kidney	2026-02-09				
307	PXD054746	LC-MS of migrasomes and vesicles form human ccRCC 786-O cells	timsTOF	TRUE	DIA	0.95	experimentTypes	Homo sapiens (human)	human	State Key Laboratory of Cellular Stress Biology, School of Life Sciences, Xiamen University, Xiamen, Fujian 361102, China	Qi-tao Chen	rcc 786-o cell	2025-10-06				
308	PXD054347	Blood biomarkers in a cohort of patients with CHRNE-associated congenital myasthenic syndrome	timsTOF	FALSE	DIA	0.85	protocol_text	Homo sapiens (human)	human	Proteomics, Leibniz-Institut für Analytische Wissenschaften-ISAS-e.V., Dortmund, Germany	Prof. Dr. Albert Sickmann	leukocyte	2025-05-07				mixed_instruments
309	PXD056030	Analysis of photosynthetic protein supercomplexes from Physcomitrella patens	timsTOF Pro	FALSE	PASEF	0.9	protocol_text	Physcomitrella patens subsp. patens (moss)	physcomitrella_patens_subsp._p	Proteomics Core Facility and Research Group Proteomics, CEITEC-MU, Masaryk University, Brno, Czech Republic	Zbynek Zdrahal	whole body	2025-05-07				mixed_instruments
310	PXD034452	Chronic exercise remodels the lysine acetylome in the mouse hippocampus	timsTOF	TRUE	DDA	0.6	software_inference:maxquant	Mus musculus (mouse)	mouse	Beijing Municipal Key Laboratory of Child Development and Nutriomics, Capital Institute of Pediatrics, Beijing, China	Ping Qian	hippocampus	2023-03-11				
311	PXD046117	Fragmentation of mitochondrial mt-tRNA-LeuTAA provides a regulator of metabolic physiology	timsTOF Pro	FALSE	PASEF	0.9	protocol_text	Rattus norvegicus (rat)	rat	Department of Fundamental Neurosciences, University of Lausanne, Lausanne, Switzerland	Romano Regazzi	islet of langerhans	2024-06-16				mixed_instruments
312	PXD053722	SDH deficiency-driven succinate accumulation dictates the drug resistance of AML through regulating p-UBC12/cullin activity	timsTOF Pro 2	TRUE	DIA	0.85	protocol_text	Homo sapiens (human)	human	College of Pharmaceutical Sciences, Zhejiang University	Meidan Ying	myeloid leukocyte	2024-08-28				
313	PXD029641	Proteomic study of Naa20 inactivation in MEFs	timsTOF	FALSE	DDA	0.6	software_inference:maxquant	Mus musculus (mouse)	mouse	Protein Maturation, Cell Fate and Therapeutics Institute for Integrative Biology of the Cell (I2BC) CNRS UMR9198, Bt. 21, 1 Avenue de la Terrasse F-91198 Gif-sur-Yvette cedex, France	Carmela GIGLIONE	mef cell	2025-08-25				mixed_instruments
314	PXD064449	Tailoring Polymer Surface for Long-term Reliable Xenogeneic-free Culture of Intestinal Stem Cells via Regulated Dynamic Migratory Behavior 	timsTOF Pro	TRUE	unknown	0.0	none	Homo sapiens (human)	human	Department of Chemical and Biomolecular Engineering, Korea Advanced Institute of Science and Technology (KAIST), 291 Daehak-ro, Yuseong-gu, Daejeon 34141, Republic of Korea	Sung Gap	stem cell	2025-07-07				unknown_acquisition_mode
315	PXD038551	De novo BCR-ABL linear kinase motifs revealed by phosphoproteomics in yeast	timsTOF Pro	TRUE	PASEF	0.9	protocol_text	Saccharomyces cerevisiae (baker's yeast)	yeast	Network pharmacology, Institute of Pharmaceutical Sciences, University of Graz, Austria	Ulrich Stelzl	cell suspension culture	2023-07-20				
316	PXD059519	Pluripotent stem cell-based screening uncovers sildenafil as a mitochondrial disease therapy	timsTOF SCP	TRUE	PASEF	0.9	protocol_text	Homo sapiens (human)	human	Department of General Pediatrics, Neonatology and Pediatric Cardiology, Heinrich Heine University, Duesseldorf, Germany	Alessandro Prigione	capillary endothelial cell	2026-02-09				
317	PXD051294	Products differentially secreted from perigonadal adipose tissue of db/db mice.	timsTOF	TRUE	diaPASEF	0.95	protocol_text	Mus musculus (mouse)	mouse	Tilden-Weger-Bieler Professor of Medicine Chief of Preventive Medicine & Nutrition Columbia University	Anthony Ferrante Jr.	adipose tissue	2025-02-23				
318	PXD047854	timsTOF HT improves protein identification and quantitative reproducibility for deep unbiased plasma protein biomarker discovery (Loading curve dataset)	timsTOF Pro 2	TRUE	DIA	0.85	protocol_text	Homo sapiens (human)	human	PrognomiQ Inc.	Bruce Wilcox	plasma	2024-01-16				
319	PXD051564	Development of Automated Proteomic Workflows Utilizing Silicon-Based Coupling Agents	timsTOF SCP	TRUE	PASEF	0.9	protocol_text	Homo sapiens (human)	human	Professor Biochemistry and Molecular Biology Director, Life Sciences Institute	Leonard Foster	jurkat cell	2024-06-10				
320	PXD047396	Reprogramming neuroblastoma by diet-enhanced polyamine depletion	timsTOF	TRUE	diaPASEF	0.95	protocol_text	Mus musculus (mouse)	mouse	Pediatric Cancer Metabolism Laboratory, Children's Research Center, University of Zurich, 8032 Zurich, Switzerland. Division of Oncology, University Children's Hospital Zurich and Children's Research Center, University of Zurich, 8032 Zurich, Switzerland.	Raphael J. Morscher	malignant cell	2025-07-24				
321	PXD044344	Interactome of P21 Activated Kinase 1 (PAK1) in oligodendrocytes	timsTOF Pro	TRUE	PASEF	0.9	protocol_text	Rattus norvegicus (rat)	rat	Paris Brain Institute – ICM, Sorbonne Université, Inserm, CNRS, AP-HP, Hôpital Pitié-Salpêtrière, Paris, France	Lamia BOUSLAMA-OUEGHLANI	oligodendrocyte	2024-06-03				
322	PXD052511	Competition and interdependence: The multifaceted interaction of symbiotic Nostoc sp. and Agrobacterium sp. under inorganic carbon limitation	timsTOF	TRUE	diaPASEF	0.95	protocol_text	Nostoc punctiforme (strain atcc 29133 / pcc 73102)	nostoc_punctiforme_(strain_atc	Bioorganic Analytics, Institute for Inorganic and Analytical Chemistry, Friedrich Schiller University Jena, Lessingstr. 8, 07743 Jena, Gemany	David A. Russo		2025-04-09				
323	PXD037725	Proteomic analysis of the role of RALF34 small signaling peptides in the regulation of cucumber (Cucumis sativus) root development	timsTOF Pro 2	TRUE	DDA	0.85	protocol_text	Cucumis sativus	cucumis_sativus	Department of Bioorganic Chemistry, Leibniz Institute of Plant Biochemistry, 06120 Halle (Saale), Germany	Andrej Frolov		2023-05-10				
324	PXD041154	G4-RNA binding proteins from K562	timsTOF SCP	TRUE	PASEF	0.9	protocol_text	Homo sapiens (human)	human	Institute of Molecular Biology and Genetics Aarhus University Denmark	Ulf Andersson Vang Ørom	bone marrow	2024-02-20				
325	PXD050369	High-Throughput Screening Unveils Nitazoxanide as a Potent PRRSV Inhibitor by Targeting NMRAL1	timsTOF Pro 2	TRUE	diaPASEF	0.95	protocol_text	Chlorocebus sabaeus	chlorocebus_sabaeus	State Key Laboratory for Animal Disease Control and Prevention, College of Veterinary Medicine, Lanzhou University, Lanzhou Veterinary Research Institute, Chinese Academy of Agricultural Sciences, Lanzhou 730000, China	Zhanding Cui		2024-06-10				
326	PXD050408	Klebsiella pneumoniae peptide hijacks a Streptococcus pneumoniae permease to subvert pneumococcal growth and colonization	timsTOF Pro	TRUE	PASEF	0.9	protocol_text	"Bacteria; Streptococcus pneumoniae serotype 2 (strain d39 / nctc 7466)"	"bacteria; streptococcus_pneumoniae_serot"	Institute for Infectious Diseases, Faculty of Medicine, University of Bern, Bern, Switzerland	Lucy Jane Hathaway	cell culture	2024-04-08				multi_organism
327	PXD025400	Translational activators and mitoribosomal isoforms cooperate to mediate mRNA-specific translation in Schizosaccharomyces pombe mitochondria	timsTOF Pro	TRUE	PASEF	0.9	protocol_text	Schizosaccharomyces pombe 927	schizosaccharomyces_pombe_927	Institute of Integrative Biology of the Cell (I2BC), CEA, CNRS, Univ Paris-Sud, Université Paris-Saclay, 91198, Gif-sur-Yvette cedex, France	David Cornu	cell culture	2021-10-11				
328	PXD067319	Epiblast production and thereby totipotency of the first two blastomeres is balanced or unbalanced depending on the region where the oocyte was fertilized	timsTOF Pro 2	TRUE	diaPASEF	0.95	protocol_text	Mus musculus (mouse)	mouse	Max Planck Institute for Molecular Biomedicine Mass Spectrometry Unit Röntgenstr. 20 48149 Münster Germany	Hannes C. A. Drexler	early embryonic cell	2026-01-19				
329	PXD070354	Chromatin architecture reprogramming reveals novel epigenetic dependencies in breast cancer	timsTOF HT	TRUE	DDA	0.85	protocol_text	Homo sapiens (human)	human	Department of Biochemistry, Albert Einstein College of Medicine, Bronx, NY 10461, United States	Simone Sidoli	breast	2025-11-05				
330	PXD018054	Phosphorylation mediates hormonal, epigenetic and stress responses related to sugarcane somatic embryogenesis competence	timsTOF Pro	TRUE	PASEF	0.9	protocol_text	Saccharum hybrid cultivar sp80-3280	saccharum_hybrid_cultivar_sp80	Laboratório de Biotecnologia Centro de Biociências e Biotecnologia Universidade Estadual do Norte Fluminense Darcy Ribeiro	Vanildo Silveira	cell culture	2020-10-02				
331	PXD043917	Neddylation is a global orchestrator of the molecular network driving Schwann cell myelination	timsTOF Pro	TRUE	PASEF	0.9	protocol_text	Rattus norvegicus (rat)	rat	Proteomics Service CIC bioGUNE Bizkaia Tech. Park. Build. 800 Derio 48160 Spain	Felix Elortza	schwann cell	2024-06-16				
332	PXD063665	The transcriptional landscape of metastatic hormone-naïve prostate cancer	timsTOF Pro	TRUE	single-cell	0.9	protocol_text	Homo sapiens (human)	human	Proteomics Platform CIC bioGUNE Bizkaia Tech. Park Build. 800 Derio 48160 Spain	Felix Elortza	prostate adenocarcinoma	2025-05-07				
333	PXD064240	TUG protein acts through a disordered region to organize the early secretory pathway	timsTOF Pro 2	TRUE	diaPASEF	0.95	protocol_text	Mus musculus (mouse)	mouse	Université Paris Cité/CNRS, Institut Jacques Monod, FRANCE	Ishier RAOTE	embryonic fibroblast	2025-06-10				
334	PXD068410	Peptide profiling of pasteurized milk during storage	timsTOF Pro	TRUE	DDA	0.85	protocol_text	Bos taurus (bovine)	bovine	Food Chemistry, Department of Chemistry and Pharmacy, Friedrich-Alexander-Universität Erlangen-Nürnberg (FAU)	Sevim Dalabasmaz	milk	2026-01-19				
335	PXD058542	Activated gold-decorated nanoparticles enhance PD-1 blockade and promote cytotoxic T cell anti-tumor responses in cholangiocarcinoma	timsTOF Pro 2	TRUE	diaPASEF	0.95	protocol_text	Mus musculus (mouse)	mouse	Faculty of Medecine, University Paris Cité  SFR Necker INSERM US24 160 rue de Vaugirard | 75015  Paris	Chiara Guerrera	cholangiocarcinoma cell line	2025-10-17				
336	PXD050814	Photosynthesis drives pre-protein processing and progression of chloroplast biogenesis during early plant development	timsTOF Pro	TRUE	diaPASEF	0.95	protocol_text	Arabidopsis thaliana (mouse-ear cress)	arabidopsis	Laboratory of Plant Physiology, Institute of Biology, University of Neuchâtel, Neuchâtel, Switzerland	Felix Kessler	seedling	2024-12-13				
337	PXD045864	Dual-Probe Activity-Based Protein Profiling Reveals Site-Specific Binding Dynamics of EGFR-Directed Drugs	timsTOF Pro	TRUE	single-cell	0.9	protocol_text	Homo sapiens (human)	human	Biomolecular Mass Spectrometry and Proteomics, Bijvoet Center for Biomolecular Research and Utrecht Institute for Pharmaceutical Sciences, University of Utrecht, Padualaan 8, Utrecht 3584 CH, The Netherlands Netherlands Proteomics Center, Padualaan 8, Utrecht 3584 CH, The Netherlands	Albert J.R. Heck	a-549 cell	2024-10-17				
338	PXD067859	abdominal aortic aneurysm (AAA) proteomics	timsTOF HT	TRUE	diaPASEF	0.95	protocol_text	Homo sapiens (human)	human	OncoProteomics Laboratory, Dept of Medical Oncology, Amsterdam University Medical Centers, Amsterdam, The Netherlands	Connie Jimenez	aorta endothelium	2025-09-29				
339	PXD059963	Metformin Protects Against Persistent Atrial Fibrillation in an Equine Model	timsTOF Pro	TRUE	PASEF	0.9	protocol_text	Equus caballus (horse)	equus_caballus_(horse)	Department of Biomedical Sciences, Jepps lab, University of Copenhagen, Denmark	Thomas Jepps	heart	2025-12-03				
340	PXD055815	Wolbachia-induced protein changes in D. melanogaster	timsTOF Pro 2	TRUE	PASEF	0.9	protocol_text	Drosophila melanogaster (fruit fly)	drosophila	Carnegie Mellon University	Jonathan Minden	brain	2025-04-10				
341	PXD052932	A Labrador PeptideAtlas - resource for proteomics research in dogs	timsTOF Pro	FALSE	PASEF	0.9	protocol_text	Canis familiaris (dog) (canis lupus familiaris)	canis_familiaris_(dog)_(canis_	Institute for Systems Biology, Seattle, WA, USA	Robert L.	spleen	2025-12-16				mixed_instruments
342	PXD037316	Jiangu granules treated OVX rat cone bone 4D-LC-MS analysis	timsTOF Pro	TRUE	PASEF	0.9	protocol_text	Rattus norvegicus (rat)	rat	College of Integrated Chinese and Western Medicine, Fujian University of Traditional Chinese Medicine, Fuzhou, China	Haiming Lin	vertebra	2022-10-25				
343	PXD051963	Effect of Mavacamten on skeletal muscle fibre proteome in nemaline myopathy	timsTOF Pro 2	TRUE	diaPASEF	0.95	protocol_text	Mus musculus (mouse)	mouse	University of Copenhagen Department of Biomedical Sciences Blegdamsvej 3B København N, DK-2200	Julien Ochala	skeletal muscle cell	2025-10-14				
344	PXD061227	A comparison of human skeletal muscle cell maturation in 2D versus 3D culture: A quantitative proteomic study C4PR_LIV	timsTOF HT	TRUE	diaPASEF	0.95	protocol_text	Homo sapiens (human)	human	Institute of Life Course & Medical Sciences Faculty of Health and Life Sciences University of Liverpool Liverpool UK	Professor Anne McArdle	myoblast	2025-06-23				
345	PXD047703	0518_4  Fission yeast Paa1 interactome	timsTOF	TRUE	PASEF	0.9	protocol_text	Schizosaccharomyces pombe	schizosaccharomyces_pombe	IBFG. Instituto de Biologia Funcional y Genomica. CSIC / Salamanca University	Sergio Moreno		2024-12-02				
346	PXD061919	Proteomics of B16-F10 cells treated by carboxylic acids	timsTOF Pro	TRUE	DIA	0.85	protocol_text	Mus musculus (mouse)	mouse	The School of Public Health and Medical Technology, Xiamen Medical College, Xiamen 361023, China	Yu-Pei Chen	melanocyte	2025-05-07				
347	PXD044302	Breakdown of hardly degradable carbohydrates (lignocellulose) in a two-stage anaerobic digestion plant is favored in the main fermenter	timsTOF	TRUE	PASEF	0.9	protocol_text	Anaerobic digester metagenome	anaerobic_digester_metagenome	Applied Biosciences and Process Engineering, Anhalt University of Applied Sciences, Microbiology, Bernburger Straße 55, 06354 Köthen, Germany	Dirk Benndorf		2023-11-13				
348	PXD061129	Bulk proteomics of naive human dorsal root ganglion	timsTOF HT	TRUE	diaPASEF	0.95	protocol_text	Homo sapiens (human)	human	University of Vienna	Manuela Schmidt	peripheral nerve	2025-09-22				
349	PXD051298	Developmental regulation of Erk signaling by mitotic kinases	timsTOF Pro 2	TRUE	diaPASEF	0.95	protocol_text	Mus musculus (mouse)	mouse	Max Planck Institut for Molecular Biomedicine Bioanalytical Mass Spectrometry Röntgenstr. 20 48149 Münster Germany	Hannes Drexler	epiblast	2025-11-20				
350	PXD038112	Genome sequence and annotation of the fungus Periconia digitata	timsTOF Pro	TRUE	PASEF	0.9	protocol_text	Periconia digitata	periconia_digitata	UMR Institut Sophia Agrobiotech, INRAE 1355, CNRS and Université Côte d’Azur, 400, Route des Chappes, BP 167, 06903 Sophia Antipolis Cedex, France	Aurélie Seassau	mycelium	2023-08-04				
351	PXD060218	Plasma proteomics of Ghanian children from high malaria transmission (HMT) and low malaria transmission (LMT) zones	timsTOF HT	TRUE	diaPASEF	0.95	protocol_text	"Homo sapiens (human); Plasmodium falciparum"	"human; plasmodium_falciparum"	Department of Microbiology, Immunology, and Molecular Genetics (MIMG) Institute for Quantitative and Computational Biosciences (QCBio) University of California, Los Angeles (UCLA)	Mehdi Bouhaddou	bodily fluid	2025-02-11				multi_organism
352	PXD058961	Investigation of cerebrum proteomic changes in CX3CR1 deficient middle aged mouse	timsTOF Pro	TRUE	DIA	0.65	software_inference:spectronaut	Mus musculus (mouse)	mouse	Shenzhen eye hospital	Jiantao Wang	telencephalon	2025-07-05				
353	PXD048861	GID/CTLH E3 ligase complex control cell fate programs for sexual development of Plasmodium falciparum	timsTOF Pro	FALSE	single-cell	0.9	protocol_text	Plasmodium falciparum (isolate 3d7)	plasmodium_falciparum_(isolate	The Walter and Eliza Hall institute of Medical Research, Department of Medical Biology, Faculty of Medicine, Dentistry and Health Sciences, The University of Melbourne	Alan Cowman	erythrocyte	2026-01-25				mixed_instruments
354	PXD058294	Endothelial inflammation inhibitor screen	timsTOF HT	TRUE	diaPASEF	0.95	protocol_text	Homo sapiens (human)	human	Department of Molecular Hematology, Sanquin Research, Amsterdam	Maartje van den Biggelaar	endothelial colony forming cell	2025-07-17				
355	PXD052483	The role of FoxA, FiuA, and FpvB in iron acquisition via hydroxamate-type siderophores in Pseudomonas aeruginosa	timsTOF Pro 2	FALSE	PASEF	0.9	protocol_text	Pseudomonas aeruginosa pao1	pseudomonas_aeruginosa_pao1	CNRS, University of Strasbourg, UMR7242, UMR7242, ESBS, Bld Sébastien Brant, F-67412 Illkirch, Strasbourg, France	Isabelle J.		2024-08-26				mixed_instruments
356	PXD054663	Proteomics dataset of knockdown of AKT3 on protein expression and function in female germline stem cells	timsTOF Pro	TRUE	DIA	0.85	protocol_text	Mus musculus (mouse)	mouse	Key Laboratory for the Genetics of Developmental & Neuropsychiatric Disorders (Ministry of Education), Bio-X Institutes, Shanghai Jiao Tong University, Shanghai, 200240, China.	Xiaoyong Li	adult stem cell	2024-08-15				
357	PXD052209	mTOR activity paces human blastocyst stage developmental progression	timsTOF HT	TRUE	diaPASEF	0.95	protocol_text	Homo sapiens (human)	human	Institute of Molecular Biotechnology of the Austrian Academy of Sciences (IMBA), Vienna BioCenter (VBC), Vienna, Austria	Nicolas Rivron	pluripotent stem cell	2024-09-16				
358	PXD033341	Identification of lysine succinylome and acetylome in vancomycin-intermediate Staphylococcus aureus XN108	timsTOF Pro	TRUE	DDA	0.6	software_inference:maxquant	Staphylococcus aureus	staphylococcus_aureus	Department of Microbiology, Army Medical University	Li Tan	whole body	2022-11-09				
359	PXD036542	Succinate mediates inflammation-induced adrenocortical dysfunction	timsTOF Pro 2	TRUE	diaPASEF	0.95	protocol_text	Mus musculus (mouse)	mouse	Center of Neurogenomics and Cognitive Research (CNCR), Department of Molecular and Cellular Neurobiology, Vrije Universiteit, Amsterdam, Netherlands	Ka Wan Li	adrenal gland	2023-07-21				
360	PXD052063	The jejunal proteomic study to investigate the underlying biological effects of maternal DHA supplementation during lactation on intestinal development of weaning pups in early life by using a mice model.	timsTOF Pro	TRUE	DIA	0.85	protocol_text	Mus musculus (mouse)	mouse	Shanghai Jiao Tong University, China	Dalu Lu	jejunum	2024-06-27				
361	PXD044413	Proteomic changes to immune and inflammatory processes underlie lung preservation using ex vivo cytokine adsorption	timsTOF Pro 2	TRUE	diaPASEF	0.95	protocol_text	Sus scrofa domesticus (domestic pig)	pig	Clinical and Experimental Lung Transplantation, Lund University, Sweden	Sandra Lindstedt	lung	2023-10-24				
362	PXD053276	Multi-omics study on the effect of moderate intensity exercise on protein of lactylation in mouse muscle tissue	timsTOF	TRUE	PASEF	0.9	protocol_text	Mus musculus (mouse)	mouse	Peking Union Medical College	Jiahui Chang, Wanyu Wu, Ping Qian, Zhaoxu Lu, Xuejia He, Fang Wang, Ting Zhang	leg muscle	2025-02-10				
363	PXD038000	Moonlighting chaperone 1 activity of the enzyme PqsE contributes to RhlR-controlled virulence of Pseudomonas aeruginosa	timsTOF Pro	FALSE	DDA	0.6	software_inference:maxquant	Pseudomonas aeruginosa pa14	pseudomonas_aeruginosa_pa14	Department Structure and Function of Proteins Helmholtz Centre for Infection Research Inhoffenstr. 7, 38124 Braunschweig, Germany	Lothar Jänsch, Wulf Blankenfeldt		2023-03-11				mixed_instruments
364	PXD053580	Knocking out the carboxyltransferase interactor 1 (CTI1) in Chlamydomonas boosted oil content by fivefold without affecting cell growth	timsTOF	TRUE	PASEF	0.9	protocol_text	Chlamydomonas reinhardtii	chlamydomonas_reinhardtii	Aix-Marseille Université, CEA, CNRS, Institute of Biosciences and Biotechnologies of Aix-Marseille, UMR 7265, CEA Cadarache, Saint-Paul-lez Durance F-13108, France	Yonghua Li-Beisson	cell culture	2025-02-26				
365	PXD068821	Plasmodium ARK1 regulates spindle formation during atypical mitosis and forms a divergent chromosomal passenger complex	timsTOF Pro	FALSE	unknown	0.0	none	Plasmodium berghei anka	plasmodium_berghei_anka	Faculty of Medicine and Health Sciences School of Life Sciences University of Nottingham NG7 2UH United Kingdom	Professor Rita Tewari		2026-01-13				"mixed_instruments; unknown_acquisition_mode"
366	PXD050360	Proteomic analysis of vascular tissue from critical limb ischemia mouse models treated with Etrinabdione	timsTOF	TRUE	PASEF	0.9	protocol_text	Mus musculus (mouse)	mouse	Maimonides Biomedical Research Institute of Córdoba (IMIBIC), Córdoba, Spain Cellular Biology, Physiology and Immunology Department, University of Córdoba, Spain Hospital Universitario Reina Sofía, Córdoba, Spain	Eduardo Muñoz	vascular tissue	2024-04-03				
367	PXD039255	The mode of action of antifouling compound albofungin in inhibiting barnacle settlement	timsTOF	TRUE	DDA	0.9	experimentTypes	Amphibalanus amphitrite (striped barnacle) (balanus amphitrite)	amphibalanus_amphitrite_(strip	The Hong Kong University of Science and Technology	SHE WEIYI	whole body	2023-02-21				
368	PXD042171	Quantification of lactylation in mouse peritoneal macrophages with or without stimulation of VSV by LS-MS/MS	timsTOF	TRUE	PASEF	0.9	protocol_text	Mus musculus (mouse)	mouse	National key laboratory of medical immunology, Naval medical university, Shanghai, China	Pin Wang	peritoneal macrophage	2025-05-06				
369	PXD071403	Proteomics characterization of human peritoneal tissue	timsTOF Pro 2	TRUE	DDA	0.6	software_inference:maxquant	Homo sapiens (human)	human	3Centers for Proteomics & Artificial Intelligence and Clinical Mass Spectrometry, Allegheny Health Network Cancer Institute, Allegheny Health Network, Pittsburgh, PA15202, USA	Kunhong, Xiao	mesothelial cell of peritoneum	2025-12-31				
370	PXD038603	Comprehensive Profiling of early Neoplastic Gastric Microen-vironment Modifications and Biodynamics in Impaired BMP-Signaling Foxl1+-Telocytes	timsTOF	TRUE	PASEF	0.9	protocol_text	Mus musculus (mouse)	mouse	Département d’Immunologie et Biologie Cellulaire, Faculté de Médecine et des Sciences de la Santé, Université de Sherbrooke, Sherbrooke, Québec, Canada,	Nathalie Perreault	disease free	2023-03-11				
371	PXD060101	Precision in Tear Fluid Biomarker Discovery: Quantitative Proteomic Profiling of Small-Volume, Individual Samples Using Capillary Tube Collection	timsTOF Pro 2	FALSE	DDA	0.85	protocol_text	Homo sapiens (human)	human	Allegheny Health Network	Kunhong Xiao	tear secreting cell	2025-05-07				mixed_instruments
372	PXD059433	A comparative proteomic analysis of resistant and susceptible stylo against C. gloeosporioides reveals that SgATL31 is involved in disease resistance by promoting ROS burst	timsTOF Pro	TRUE	DIA	0.85	protocol_text	Stylosanthes guianensis subsp. guianensis	stylosanthes_guianensis_subsp.	School of Tropical Agriculture and Forestry, Hainan University	Liyun Yang	leaf	2025-07-13				
373	PXD070607	Lymphodepleting chemotherapy potentiates neoantigen-directed T-cell therapy by enhancing antigen presentation	timsTOF	TRUE	diaPASEF	0.95	protocol_text	Homo sapiens (human)	human	Department of Molecular Cell Biology, Weizmann Institute of Science, Rehovot, Israel	Yardena Samuels	colorectal adenocarcinoma cell line	2026-01-12				
374	PXD064921	Targeting synergetic endothelial inflammation by inhibiting NFKB and JAK-STAT pathways	timsTOF	TRUE	diaPASEF	0.95	protocol_text	Homo sapiens (human)	human	Proteomics Group, Department of molecular hemoastasis, Sanquin Research, Amsterdam, the Netherlands	Maartje van den Biggelaar	endothelial cell	2025-07-17				
375	PXD033425	Proteomic analysis of Mycobacterial Biofilm Matrix and Development of Biofilm-binding Synthetic Nanobodies	timsTOF fleX	FALSE	DDA	0.6	software_inference:maxquant	"Danio rerio (zebrafish) (brachydanio rerio); Mycobacterium marinum"	"zebrafish; mycobacterium_marinum"	Faculty of Medicine and Health Technology, FI-33014, Tampere University, Finland	Mataleena Parikka		2023-03-30				"mixed_instruments; multi_organism"
376	PXD059511	Consequences of PNU 282987 treatment in GCs exposed to 1% O2 for 24 h	timsTOF	TRUE	diaPASEF	0.95	protocol_text	Homo sapiens (human)	human	Ludwig-Maximilians-Universität München Genzentrum Laboratory for Functional Genome Analysis Feodor-Lynen-Str. 25 D-81377 München	Thomas Fröhlich	granulosa cell	2025-09-02				
377	PXD068063	Proteomics on pancreatic ductal organoids	timsTOF HT	FALSE	single-cell	0.9	protocol_text	"Homo sapiens (human); Sus scrofa domesticus (domestic pig)"	"human; pig"	Institute of Diabetes and Regeneration Research, Helmholtz Munich, Neuherberg, Germany	Heiko Lickert	pancreas	2025-11-10				"mixed_instruments; multi_organism"
378	PXD050768	Extracellular vesicles derived from MPSIII microglia cell model impair neurite growth	timsTOF Pro 2	TRUE	PASEF	0.9	protocol_text	Mus musculus (mouse)	mouse	Chiara Guerrera, IRHC, HDR Head of the Necker Proteomics Faculty of Medecine, University Paris Cité  SFR Necker INSERM US24 160 rue de Vaugirard | 75015  Paris Tél. 01 40 61 54 6	Ida Chiara Guerrera	microglial cell line	2025-05-06				
379	PXD044019	The Proteomics landscape of human aorta and mice aorta	timsTOF	TRUE	diaPASEF	0.95	protocol_text	Homo sapiens (human)	human	Fudan University	Weijia Zhang	blood vessel	2024-12-10				
380	PXD068995	PROTAC Mediated Structure-Function Disruption of CD26 A Therapeutic Strategy for Driver Negative NSCLC	timsTOF Pro	TRUE	DIA	0.85	protocol_text	Homo sapiens (human)	human	The First Affiliated Hospital of Xi’an Jiaotong University	Bohao Liu	neoplastic cell	2025-10-28				
381	PXD066450	RPL3L Mutant Heart Cells LFQ MS.	timsTOF Pro 2	TRUE	diaPASEF	0.95	protocol_text	Homo sapiens (human)	human	Assistant Professor Department of Medicine | Cardiology | Cardiometabolic Precision Medicine Program  Department of Systems Biology Herbert Irving Comprehensive Cancer Center | Precision Oncology and Systems Biology Program Data Science Institute | Health Analytics Center Columbia Stem Cell Initiative Columbia University Irving Medical Center 630 West 168th Street, P&S 10-401, New York, NY 10032	Xuebing Wu	cardiovascular system	2025-11-15				
382	PXD060484	A quantitative spectral library of human aqueous humor was analyzed using TimsTOFTM Pro Bruker for primary open angle glaucoma (POAG).	timsTOF Pro	TRUE	DIA	0.85	protocol_text	Homo sapiens (human)	human	School of Optometry, The Hong Kong Polytechnic University, Hong Kong	Dr Chuen	anterior chamber of the eye	2025-08-04				
383	PXD066054	General proteomics and lactylation-modified proteomics were used to detect 5 cases of prostate cancer tissues and 5 cases of benign prostatic hyperplasia tissues	timsTOF Pro 2	TRUE	diaPASEF	0.95	protocol_text	Homo sapiens (human)	human	Beijing Tongren Hospital, Capital Medical University	Fan Zou	prostate gland epithelium	2026-01-23				
384	PXD059642	LolB is conserved in Bacteroidetes and is crucial for gliding motility and Type IX secretion.Part2	timsTOF Pro	TRUE	PASEF	0.9	protocol_text	Flavobacterium johnsoniae	flavobacterium_johnsoniae	University of Namur Research Unit in Biology of Microorganisms (URBM) Namur Research Institute for Life Sciences (NARILIS) Belgium.	Dr Francesco RENZI		2025-02-22				
385	PXD058085	Paracetamol metabolism by endothelial cells – potential mechanism underlying intravenous paracetamol-induced hypotension	timsTOF Pro	TRUE	PASEF	0.9	protocol_text	Rattus rattus (black rat)	rattus_rattus_(black_rat)	Vascular Biology Group, Department of Biomedical Sciences, University of Copenhagen, Blegdamsvej 3, 2200 Copenhagen N, Denmark.	Thomas Jepps		2025-05-20				
386	PXD056465	Establishment of Minimum Protein Standards for Mycobacterium tuberculosis-Derived Extracellular Vesicles through Comparison of EV Enrichment Methods	timsTOF Pro	TRUE	PASEF	0.9	protocol_text	Mycobacterium tuberculosis h37rv	mycobacterium_tuberculosis_h37	Department of Microbiology, Immunology, and Pathology, Mycobacteria Research Laboratories, Colorado State University, Colorado, USA	Karen M Dobos		2025-05-07				
387	PXD056609	MSI-VISUAL: New visualization methods for Mass Spectrometry Imaging and tools for interactive mapping and exploration of m/z values	timsTOF fleX	TRUE	unknown	0.0	none	Mus musculus (mouse)	mouse	University of Oslo, www.pahnkelab.eu	Jens Pahnke	brain	2025-03-14				unknown_acquisition_mode
388	PXD033165	An rRNA fragment in extracellular vesicles secreted by human airway epithelial cells increases the fluoroquinolone sensitivity of P. aeruginosa	timsTOF Pro	TRUE	PASEF	0.9	protocol_text	Pseudomonas aeruginosa (strain ucbpp-pa14)	pseudomonas_aeruginosa_(strain	Geisel School of Medicine at Dartmouth	Bruce Stanton		2023-10-24				
389	PXD065263	Creatine kinase B, a downstream effector of MYB, controls migration of osteosarcoma cells via regulation of N-cadherin	timsTOF Pro 2	TRUE	diaPASEF	0.95	protocol_text	Homo sapiens (human)	human	Masaryk University	Pavel Bouchal	osteosarcoma	2026-01-23				
390	PXD059825	Targeting the mitochondrial recycling dysfunction in systemic lupus erythematosus (SLE) patients NK cells with Hydroxychloroquine (HCQ)	timsTOF Pro	TRUE	DIA	0.85	protocol_text	Homo sapiens (human)	human	Centre Hospitalier Universitaire Vaudois, Service de Médecine Interne, BH 10-667, Rue du Bugnon 46, CH-1011 Lausanne	Denis Comte	natural killer cell	2026-01-14				
391	PXD026884	E. coli BL21 Gold LC-MSMS in varying growth conditions	timsTOF Pro	TRUE	DDA	0.6	software_inference:maxquant	Escherichia coli	ecoli	BiOrbic, Center for the Bioeconomy, University College Dublin AND School of Biomolecular and Biomedical Sciences, University College Dublin.	O'Connell, David	cell culture	2022-05-20				
392	PXD063236	Plasma proteomics moyamoya disease	timsTOF SCP	TRUE	single-cell	0.9	protocol_text	Homo sapiens (human)	human	VIB, Ghent University	Francis Impens	blood plasma	2025-10-20				
393	PXD059082	Systemic factors from young human serum rejuvenate human skin in vitro using a microphysiological system featuring BM-derived blood cells	timsTOF Pro 2	TRUE	diaPASEF	0.95	protocol_text	Homo sapiens (human)	human	Institute for Bioanalytics, Coburg University of Applied Sciences and Arts, Coburg, Germany	Stefan Kalkhof	mesenchymal stem cell of the bone marrow	2025-07-29				
394	PXD050363	bovine alpha-lactalbumine microLC-timsTOF PRo	timsTOF Pro	TRUE	DDA	0.6	software_inference:maxquant	Bos taurus (bovine)	bovine	Friedrich-Alexander-Universität Erlangen-Nürnberg, Chair of Food Chemistry	Monika Pischetsrieder	milk	2024-09-23				
395	PXD059313	Proteotyping rare amyloidosis disease by photocatalytic proteomics profiling	timsTOF Pro	FALSE	DIA	0.85	protocol_text	Homo sapiens (human)	human	Dalian Institute of Chemical Physics	Huan Feng	larynx	2025-01-25				mixed_instruments
396	PXD057851	Enantioselective OTUD7B fragment discovery through chemoproteomics screening and high-throughput optimisation	timsTOF Pro 2	TRUE	diaPASEF	0.95	protocol_text	Homo sapiens (human)	human	Molecular Structure of Cell Signalling Laboratory, The Francis Crick Institute	Katrin Rittinger	hek-293t cell	2025-01-13				
397	PXD052818	A Cross-Species Proteomic Investigation of Atrial Fibrillation: Insights from Equine and Human Hearts	timsTOF Pro	TRUE	PASEF	0.9	protocol_text	Equus caballus (horse)	equus_caballus_(horse)	Department of Biomedical Sciences, Jepps group, University of Copenhagen, Denmark	Thomas Jepps	heart	2025-05-28				
398	PXD051195	LINE-1 RNA triggers matrix formation in bone cells via a PKR-mediated inflammatory response	timsTOF Pro 2	TRUE	diaPASEF	0.95	protocol_text	Homo sapiens (human)	human	Biological and Environmental Sciences and Engineering Division,King Abdullah University of Science and Technology	Valerio Orlando	mesenchymal stem cell	2024-10-17				
399	PXD027795	Essential role of Cp190 in physical and regulatory boundary formation in Drosophila	timsTOF Pro	FALSE	PASEF	0.9	protocol_text	Drosophila melanogaster (fruit fly)	drosophila	Center for Integrative Genomics, University of Lausanne, 1015 Lausanne, Switzerland	Maria Cristina Gambetta	embryo	2022-05-30				mixed_instruments
400	PXD057521	Proteomic analysis reveals chromatin remodeling and RNA processing as potential therapeutical targets in Neuroblastoma	timsTOF Pro	TRUE	DIA	0.85	protocol_text	Homo sapiens (human)	human	The Affiliated Children's Hospital Of Xiangya School of Medicine ,Central South University（Hunan children’s hospital)	Zan Liu	tissues	2025-05-07				
401	PXD045168	Sildenafil Combined with Controlled Hypothermia Mitigates Microglial Activation After Neonatal Hypoxia-Ischemia in Rat.	timsTOF	TRUE	PASEF	0.9	protocol_text	Rattus norvegicus (rat)	rat	Inserm UMR1141 NeuroDiderot, Univ. Paris Diderot, Sorbonne Paris Cité, Paris, France.  Laboratory of Child Growth and Development, University of Geneva, Geneva, Switzerland.       Division of Neonatology and Pediatric Intensive Care, Children's University Hospital of Geneva, Geneva, Switzerland.	Olivier Baud	microglial cell	2024-04-30				
402	PXD049340	mini-Complexome Profiling, an FDR-controlled workflow for global targeted Detection of protein complexes (Hek293 data)	timsTOF Pro 2	TRUE	diaPASEF	0.95	protocol_text	Homo sapiens (human)	human	Core Facility Proteomics, Department of Clinical Chemistry, University Medical Center Goettingen	Christof Lenz	kidney cell	2024-07-25				
403	PXD047673	Global Lactylation Profiling Reveals Lactate-Driven Regulatory Mechanisms Promoting Tumor Progression in Oral Carcinoma	timsTOF Pro	TRUE	DIA	0.95	experimentTypes	Homo sapiens (human)	human	Peking University School and Hospital of Stomatology	Fengyang Jing	tongue cancer cell	2024-08-23				
404	PXD059411	Pancreatic cancer Serpinb9（KD VS NC) proteomics	timsTOF Pro	TRUE	DDA	0.6	software_inference:maxquant	Mus musculus (mouse)	mouse	The First Affiliated Hospital, School of Medicine, Zhejiang University	Hanshen Yang	pancreatic cancer cell	2025-08-31				
405	PXD059384	Alcohol intake exacerbates experimental autoimmune prostatitis through activating PI3K/AKT/mTOR pathwaymediated Th1 differentiation	timsTOF Pro	TRUE	DDA	0.6	software_inference:maxquant	Mus musculus (mouse)	mouse	The First Affiliated Hospital of Anhui Medical University	shun xu	prostate gland	2025-01-08				
406	PXD046675	Proteomic analysis of the Longissimus dorsi muscle of Wannanhua pigs	timsTOF Pro	TRUE	DDA	0.85	protocol_text	Sus scrofa domesticus (domestic pig)	pig	Anhui Science and Technology University	LI xiaojin	muscle	2024-01-26				
407	PXD054800	Global RNA-Protein Interactome purification screening identifies RRP1 in IL-1-stimulated BMDM cells	timsTOF Pro	TRUE	DDA	0.6	software_inference:maxquant	Mus musculus (mouse)	mouse	Department of Immunology, Center for Immunotherapy, Peking Union Medical College, Chinese Academy of Medical Sciences	Yumei Zhou	bone marrow-derived macrophage	2025-07-04				
408	PXD053081	C57BL/6J mouse ovary,4DLabelfree quantitative protein sets from 6 mouse ovarian tissue samples (2 groups, 3 replicates)	timsTOF Pro	TRUE	DDA	0.85	protocol_text	Mus musculus (mouse)	mouse	Reproductive Medicine Center, General Hospital of Ningxia Medical University, Ningxia, China	Rong Hu	ovary	2025-05-07				
409	PXD063532	SH3P2-mediated Autophagosomal Targeting of the CCZ1-MON1-RABG3e Module Regulates Autophagosome-Vacuole Fusion in Arabidopsis	timsTOF Pro	TRUE	unknown	0.0	none	Arabidopsis thaliana (mouse-ear cress)	arabidopsis	State Key Laboratory of Cellular Stress Biology, School of Life Sciences, Faculty of Medicine and Life Sciences, Xiamen University, Xiamen 361102, China	Yong Cui	leaf	2025-11-26				unknown_acquisition_mode
410	PXD045789	V. natriegens proteome under nutrient limitation	timsTOF Pro	TRUE	PASEF	0.9	protocol_text	Vibrio natriegens	vibrio_natriegens	School of Life Sciences, Central China Normal University, Wuhan, Hubei province, China	Xiongfeng Dai & Manlu Zhu		2025-04-30				
411	PXD046354	Deep Visual Proteomics and spatial transcriptomics reveal the landscape of tumor malignancy in borderline ovarian cancer	timsTOF SCP	TRUE	single-cell	0.9	protocol_text	Homo sapiens (human)	human	Proteomics and Signal Transduction, Max Planck Institute of Biochemistry, Martinsried, Germany	Matthias Mann	ovary cancer cell	2025-06-20				
412	PXD035543	Positive feedback between TOR singling,energy metabolism and lysine acetylation drives heterosis in elite hybrid rice	timsTOF Pro	TRUE	DDA	0.9	experimentTypes	Oryza sativa (rice)	oryza_sativa_(rice)	National Key Laboratory of Crop Genetic Improvement, Hubei Hongshan Laboratory, Huazhong Agricultural University, 430070 Wuhan, China	Xuan Ma	plant cell	2023-10-24				
413	PXD072060	Physical, chemical, and structural properties of human gastric organoid-derived mucus	timsTOF	TRUE	PASEF	0.9	protocol_text	"Homo sapiens (human); Sus scrofa domesticus (domestic pig)"	"human; pig"	Department of Biochemistry Virginia Tech Mass Spectrometry Incubator	Richard Helm	wall of stomach	2025-12-30				multi_organism
414	PXD061492	Decoding the molecular complexity governing corneal wound closure in vivo	timsTOF HT	TRUE	DIA	0.85	protocol_text	Mus musculus (mouse)	mouse	Institute for Neurosciences of Montpellier, Univ Montpellier, INSERM, Montpellier, France	Frédéric Michon	tear	2025-11-10				
415	PXD064962	Extracellular vesicles in Early preterm neonates and thrombin generation	timsTOF	TRUE	PASEF	0.9	protocol_text	Homo sapiens (human)	human	Professor of Biomolecular and Biomedical Science,  Conway Institute,  University College Dublin, Ireland	Patricia Maguire	platelet	2026-01-11				
416	PXD052758	Proteomic analysis of Tmem232-/- and wild type mice sperm	timsTOF Pro	TRUE	DDA	0.6	software_inference:maxquant	Mus musculus (mouse)	mouse	School of Life Science, Anhui Medical University	Fengsong Wang	sperm	2024-11-15				
417	PXD055778	Proximity labeling of trans-cinnamic acid 4-hydroxylase in Petunia inflata petal protoplasts	timsTOF Pro	TRUE	PASEF	0.9	protocol_text	Petunia integrifolia subsp. inflata	petunia_integrifolia_subsp._in	Department of Plant and Environmental Sciences, Section for Plant Biochemistry, Dynamic Metabolons Group	Tomas Laursen	flower	2024-09-11				
418	PXD067573	Mass spectrometry-based phosphoproteomics of PCMD-1	timsTOF HT	TRUE	PASEF	0.9	protocol_text	Caenorhabditis elegans	c_elegans	MSBioLMU Großhaderner Str. 2-4 82152 Planegg-Martinsried	Serena Schwenkert		2025-10-24				
419	PXD053150	Proteomic changes upon huntingtin lowering in human cortical neurons	timsTOF	TRUE	PASEF	0.9	protocol_text	Homo sapiens (human)	human	MIRCen, UMR9199, CEA, CNRS, Université Paris-Saclay	Anselme Perrier	neuron	2025-03-25				
420	PXD041614	Restoration of CPEB4 Prevents Muscle Stem Cell Senescence during Aging	timsTOF Pro	TRUE	DDA	0.6	software_inference:maxquant	Mus musculus (mouse)	mouse	S H Ho Associate Professor of Life Science, Hong Kong University of Science and Technology, Hong Kong SAR, CHINA	Tom Hiu Tung CHEUNG	skeletal muscle satellite cell	2023-06-26				
421	PXD033732	Anastellin impacts on the processing of extracellular matrix and stimulates the release of cytokines from smooth muscle cells	timsTOF	TRUE	PASEF	0.9	protocol_text	Homo sapiens (human)	human	1Department of Biomedical Sciences, University of Copenhagen, Copenhagen, Denmark	Per Hägglund	smooth muscle cell of the coronary artery	2023-02-01				
422	PXD023656	3 days injured in vivo ASCs proteome	timsTOF Pro	TRUE	DDA	0.6	software_inference:maxquant	Mus musculus (mouse)	mouse	Hong Kong University of Science and Technology	Tom H.Cheung	muscle stem cell	2021-11-04				
423	PXD031993	An anti-influenza A virus microbial metabolite acts by degrading viral endonuclease PA	timsTOF	TRUE	PASEF	0.9	protocol_text	Homo sapiens (human)	human	Institute of Medicinal Biotechnology, Chinese Academy of Medical Sciences and Peking Union Medical School	Shan Cen	a549-cr cell	2022-05-20				
424	PXD057247	Human Stomach normal and gastric cancer cells LC-MSMS	timsTOF Pro 2	TRUE	unknown	0.0	none	Homo sapiens (human)	human	Department of Gastrointestinal Surgery, Zhongshan Hospital of Xiamen University, School of Medicine, Xiamen	xuehui hong	stomach	2026-01-05				unknown_acquisition_mode
425	PXD039806	Evaluation of the African swine fever virus-induced host shutoff using dynamic stable isotope labeling with amino acids in cell culture (SILAC)	timsTOF Pro	TRUE	DDA	0.6	software_inference:fragpipe	Sus scrofa domesticus (domestic pig)	pig	Institute of Molecular Virology and Cell Biology, Friedrich-Loeffler-Institut	Axel Karger	macrophage	2023-05-31				
426	PXD052693	Development of next-generation retinoid pathway immunotherapeutics through targeting tumor ALDH1a3	timsTOF Ultra	TRUE	diaPASEF	0.95	protocol_text	Homo sapiens (human)	human	"Department of Molecular Biology; Kang Lab; Princeton University, Princeton, NJ, USA"	Yibin Kang	epithelial cell	2025-08-26				
427	PXD065011	Secretome and lysate proteomics of primary murine neurons with inactive BACE1	timsTOF Pro	FALSE	diaPASEF	0.95	protocol_text	Mus musculus (mouse)	mouse	DZNE Munich, Neuroproteomics, Feodor-Lynen-Str. 17, 81377 München, Germany	Dr Stefan F. Lichtenthaler	cerebral cortex neuron	2025-12-10				mixed_instruments
428	PXD058623	Mechanosensitive interactions of tumoroids with an engineered environment promote cell proliferation and enhance drug response detection	timsTOF Pro 2	TRUE	PASEF	0.9	protocol_text	Homo sapiens (human)	human	Institut Gustave Roussy, Inserm U1279	Kristine Schauer	urinary bladder cancer cell	2025-07-24				
429	PXD064558	Analysis of the Impact of Exposure to Gut Microbiota Dysbiosis on Early Life Cecal Acetylome	timsTOF Pro	TRUE	diaPASEF	0.95	protocol_text	Mus musculus (mouse)	mouse	1、Capital Institute of Pediatrics,Chinese Academy of Medical Sciences & Peking Union Medical College 2、Beijing Municipal Key Laboratory of Child Development and Nutriomics, Capital Institute of Pediatrics	Shan Wang, Yubing Zeng	cecum	2025-09-15				
430	PXD047581	Shotgun proteomics analysis of nuclear and mitochondrial from human coronary artery endothelial cells fraction treated with calcioprotein particles	timsTOF Pro 2	TRUE	PASEF	0.9	protocol_text	Homo sapiens (human)	human	Laboratory of Molecular, Translational and Digital Medicine, Research Institute for Complex Issues of Cardiovascular Diseases, Kemerovo, Russia	Dr. Anton G. Kutikhin	hcaec cell	2023-12-31				
431	PXD062325	Macrophage PAK2 controls the SIRPα immune checkpoint via cytoskeletal dynamics and endocytic trafficking	timsTOF Pro	TRUE	diaPASEF	0.95	protocol_text	Mus musculus (mouse)	mouse	Professor Of Immunobiology, University College Dublin, School of Medicine,  Conway Institute Belfield Dublin 4. SFI Stokes Professor, Professor of Immunobiology,  School of Medicine, Conway Institute, UCD, Ireland. Adjunct Professor, Dept of Immunology & Microbial Science, Scripps Research, La Jolla,CA, USA	Prof Ulla Knaus	phagocyte	2025-10-31				
432	PXD046370	A complete peptidome workflow for neoantigen identification and validation by mass spectrometry-based immunopeptidomics	timsTOF Pro 2	TRUE	PASEF	0.9	protocol_text	Homo sapiens (human)	human	Bioinformatics Solutions Inc., Waterloo, Ontario, Canada	Baozhen Shan	cervical carcinoma cell	2024-05-04				
433	PXD068541	Proteomic and morphologic characterization of ovine macrophage differentiation and polarization - secretomes	timsTOF Pro	TRUE	DDA	0.85	protocol_text	Ovis aries	ovis_aries	University of Vienna, Faculty of Chemistry, Department of Analytical Chemistry	Christopher Gerner	monocyte	2026-01-12				
434	PXD046323	Endogenously produced cyanide supports bioenergetics and exerts cytoprotective effects in mammals_HepG2 cells treated with cyanide releasers	timsTOF Pro 2	TRUE	PASEF	0.9	protocol_text	Homo sapiens (human)	human	Leibniz-Institut für Analytische Wissenschaften - ISAS - e.V	Dr Milos	hepg2 cell	2025-05-06				
435	PXD060415	Interrogation of the secretome of CD34high and CD34low fibroblasts	timsTOF Pro	TRUE	diaPASEF	0.95	protocol_text	Mus musculus (mouse)	mouse	Laboratory and Division Head Walter and Eliza Hall Institute of Medical Research 1G Royal Parade Parkville, VIC 3052, Australia	Prof. Jane Visvader	mammary gland	2025-05-06				
436	PXD047856	Exploring the extracellular landscape of cyanobacteria with deep exoproteomics	timsTOF	TRUE	diaPASEF	0.95	protocol_text	"Nostoc punctiforme (strain atcc 29133 / pcc 73102); Synechocystis sp. pcc 6803; Picosynechococcus sp. pcc 11901"	"nostoc_punctiforme_(strain_atc; synechocystis_sp._pcc_6803; picosynechococcus_sp._pcc_1190"	Functional Proteomics, University Klinikum Jena	Florian Meier		2024-08-29				multi_organism
437	PXD045187	A proteogenomic atlas of the human neural retina	timsTOF Pro 2	TRUE	PASEF	0.9	protocol_text	Homo sapiens (human)	human	Department of Medical BioSciences, Radboud University Medical Center, Nijmegen 6525 GA, The Netherlands.	Peter-Bram 't Hoen	neural retina	2024-10-17				
438	PXD060170	Defining enteric bacterial pathogenesis using organoids: Citrobacter rodentium uses EspC, an atypical mucinolytic protease, to penetrate mouse colonic mucus	timsTOF Pro	TRUE	diaPASEF	0.95	protocol_text	Mus musculus (mouse)	mouse	Division of Gastroenterology, Department of Pediatrics, University of British Columbia, Vancouver, BC, Canada.	Bruce A. Vallance	crypt of lieberkuhn of colon	2026-02-03				
439	PXD055235	Identification the proteins interacted with ILF2 in human keratinocytes	timsTOF Pro 2	TRUE	unknown	0.0	none	Homo sapiens (human)	human	Institute of Dermatology, Chinese Academy of Medical Sciences and Peking Union Medical College, 210042 Nanjing, China.	Dongqing Li	keratinocyte	2024-08-28				unknown_acquisition_mode
440	PXD058482	Gastric ulcer mice gastric tissue	timsTOF Pro	TRUE	diaPASEF	0.95	protocol_text	Mus musculus (mouse)	mouse	Chengdu university of traditional chinese medicine	Yujun Hou	gastric mucosa	2025-05-07				
441	PXD057310	Phenotypic characterization of a Col6a3 knockout mouse model targeting exon 3	timsTOF Pro	TRUE	diaPASEF	0.95	protocol_text	Mus musculus (mouse)	mouse	Department of Biochemistry and Functional Genomic, Université de Sherbrooke, QC, Canada	Jean-Philippe Brosseau	epidermal cell	2025-12-08				
442	PXD055816	Deep proteome profiling of dorsal root ganglia after nerve injury deciphers shared signatures in adolescent and adult male and female mice	timsTOF Pro	TRUE	diaPASEF	0.95	protocol_text	Mus musculus (mouse)	mouse	Division of Pharmacology and Toxicology, Department of Pharmaceutical Sciences, University of Vienna	Manuela Schmidt	spinal ganglion	2024-12-19				
443	PXD043277	Acetyl-proteome profiling of Staphylococcus aureus revealed lysine acetylation in bacterial antibiotic resistance	timsTOF	TRUE	PASEF	0.9	protocol_text	Staphylococcus aureus	staphylococcus_aureus	Capital Institute of Pediatrics	Miao Feng	cell culture	2024-10-17				
444	PXD065022	Proteome analysis of seven Treponema pallidum subsp. pallidum strains grown in vitro: a limited number of quantitative differences in the proteomes	timsTOF Pro	TRUE	diaPASEF	0.95	protocol_text	Treponema pallidum subsp. pallidum	treponema_pallidum_subsp._pall	Proteomics Core Facility and Research Group Proteomics, CEITEC-MU, Masaryk University, Brno, Czech Republic	Zbynek Zdrahal		2025-11-01				
445	PXD039719	EED and IgG (as control) co-immunoprecipitation of wild type embryonic stem cells (ESCs), with 3 biological replicates per condition.	timsTOF SCP	TRUE	PASEF	0.9	protocol_text	Mus musculus (mouse)	mouse	"Department of Genome Regulation, Max Planck Institute for Molecular Genetics; Berlin, Germany"	Alexander Meissner	embryonic stem cell	2023-02-06				
446	PXD048346	Pupylation-based proximity labelling reveals regulatory factors in cellulose biosynthesis in Arabidopsis	timsTOF Pro	FALSE	PASEF	0.9	protocol_text	"Arabidopsis thaliana (mouse-ear cress); Nicotiana tabacum (common tobacco)"	"arabidopsis; nicotiana_tabacum_(common_toba"	Copenhagen Plant Science Center, Department of Plant & Environmental Sciences, University of Copenhagen, Frederiksberg C, 1871, Denmark	Staffan Persson	cotyledon	2025-01-10				"mixed_instruments; multi_organism"
447	PXD043249	Proteomic sequencing of Saccharomyces Cerevisiae CEN.pk  2-1D for HCAKing system	timsTOF Pro	TRUE	unknown	0.0	none	Saccharomyces cerevisiae (baker's yeast)	yeast	Beijing Advanced Innovation Center for Soft Matter Science and Engineering, Beijing University of Chemical Technology	Shuobo Shi		2023-07-07				unknown_acquisition_mode
448	PXD042367	A framework for ultra-low input spatial tissue proteomics	timsTOF Pro 2	FALSE	single-cell	0.9	protocol_text	"Homo sapiens (human); Mus musculus (mouse)"	"human; mouse"	Spatial Proteomics Max Delbrück Center  Robert-Rössle-Straße 10 13125 Berlin, Germany	Fabian Coscia	b cell	2023-11-08				"mixed_instruments; multi_organism"
449	PXD068679	Proteomic insight into alkane and 2-ketone degradation by Acinetobacter guillouiae FS11	timsTOF	TRUE	PASEF	0.9	protocol_text	Bacteria	bacteria	sabina.leantilarosa@nmbu.no	Sabina Leanti La Rosa		2025-12-04				
450	PXD066304	How blood matrices and sample preparation can influence blood marker discovery	timsTOF HT	FALSE	DIA	0.85	protocol_text	Homo sapiens (human)	human	Metabolomics and Proteomics Core (MPC), Helmholtz Zentrum München GmbH German Research Center for Environmental Health, Munich, Germany	Dr. Stefanie Hauck	blood serum	2026-01-12				mixed_instruments
451	PXD047697	0549_2   Fission yeast Pab1 interactome	timsTOF	TRUE	PASEF	0.9	protocol_text	"Schizosaccharomyces pombe; Schizosaccharomyces pombe 927"	"schizosaccharomyces_pombe; schizosaccharomyces_pombe_927"	Instituto de Biología Funcional y Genómica. CSIC / Salamanca University -Spain-	Sergio Moreno		2024-12-02				multi_organism
452	PXD066365	DCAF1 interacting partners in myeloma cells	timsTOF Pro	TRUE	DDA	0.85	protocol_text	Homo sapiens (human)	human	Peter MacCallum Cancer Centre, Melbourne, Victoria, Australia	Associate Professor Lev Kats	multiple myeloma	2025-10-06				
453	PXD042283	ASTROGLIOSIS AND NEUROINFLAMMATION UNDERLIE SCOLIOSIS UPON CILIA DYSFUNCTION	timsTOF Pro	TRUE	PASEF	0.9	protocol_text	Danio rerio (zebrafish) (brachydanio rerio)	zebrafish	Laboratoire de Spectrométrie de Masse BioOrganique, Université de Strasbourg, CNRS, IPHC, UMR 7178, 67000 Strasbourg, France	Carapito Christine	brain	2024-09-03				
454	PXD058464	Identification of p110alpha-bound protein	timsTOF Pro	TRUE	DDA	0.6	software_inference:maxquant	Homo sapiens (human)	human	Associate Professor, SBMS, HKU	Lydia Cheung	epithelial cell of endometrial gland	2026-01-04				
455	PXD055830	The human ciliopathy protein RSG1 links the CPLANE complex to transition zone architecture	timsTOF Pro	TRUE	DDA	0.9	experimentTypes	Homo sapiens (human)	human	Baxter Laboratory for Stem Cell Biology Department of Microbiology & Immunology Stanford University School of Medicine	Peter Kent Jackson	retinal pigment epithelial cell	2025-07-01				
456	PXD054248	Warehouse-based, immunopeptidome-guided design of personalised peptide vaccines shows feasibility in clinical trial evaluation in CLL patients	timsTOF Pro	FALSE	DDA	0.85	protocol_text	Homo sapiens (human)	human	Department of Peptide-based Immunotherapy, Institute of Immunology, University and University Hospital Tübingen, Tübingen, Germany	Juliane Walz	peripheral blood mononuclear cell	2024-11-08				mixed_instruments
457	PXD061757	Biofabrication of a 3D Human Skeletal Muscle Microenvironment to Study the Early Steps of Fibrosis	timsTOF HT	TRUE	DIA	0.85	protocol_text	Homo sapiens (human)	human	"Regenerative Medicine Technologies Lab, Laboratories for Translational Research (LRT), Ente Ospedaliero Cantonale, Bellinzona (CH); Servizio di Ortopedia e Traumatologia, Ente Ospedaliero Cantonale, Lugano (CH); Euler Institute, Faculty of Biomedical Sciences, Università della Svizzera italiana, Lugano (CH)"	Simone Bersini	skeletal muscle	2025-10-31				
458	PXD066100	Extracellular vesicles from obese visceral adipose promote pancreatic cancer development and resistance to immune checkpoint blockade therapy	timsTOF Pro	TRUE	PASEF	0.9	protocol_text	Mus musculus (mouse)	mouse	Sun Yat-sen University Cancer Center (SYSUCC)​	Claire Chow	extracellular exosome assembly	2025-10-29				
459	PXD050530	Ion Mobility-Tandem Mass Spectrometry of Mucin-type O-Glycans	timsTOF Pro	FALSE	DDA	0.85	protocol_text	"Homo sapiens (human); Sus scrofa domesticus (domestic pig)"	"human; pig"	Kevin Pagel: Institute of Chemistry and Biochemistry, Freie Universität Berlin, Altensteinstraße 23A, 14195 Berlin, Germany. Fritz Haber Institute of the Max Planck Society, Faradayweg 4‑6, 14195 Berlin, Germany.  Philipp Mertins (Philipp.mertins@mdc-berlin.de) : Max Delbrueck Center for Molecular Medicine in the Helmholtz Association, Berlin, Germany. Berlin Institute of Health (BIH), Berlin, Germany.	Kevin Pagel (Glycomics), Philipp Mertins (Proteomics)	sputum	2024-03-19				"mixed_instruments; multi_organism"
460	PXD058728	Unveiling the crucial neuronal role of the proteasomal ATPase subunit gene PSMC5 in neurodevelopmental proteasomopathies	timsTOF SCP	TRUE	diaPASEF	0.95	protocol_text	Homo sapiens (human)	human	95 Institut de Pharmacologie et de Biologie Structurale (IPBS), Université de Toulouse, CNRS, Université Toulouse III - Paul Sabatier (UT3), Toulouse, 31077, France	Odile Schiltz	t cell	2025-08-04				
461	PXD063231	Spatial Proteomics Profiling of Vascular Smooth Muscle Cells and Atherosclerotic Plaques in a Diabetic Atherosclerosis Mouse Model	timsTOF Pro	TRUE	PASEF	0.9	protocol_text	Mus musculus (mouse)	mouse	The First Affiliated Hospital of USTC, Affiliated to Anhui Medical University, Hefei, Anhui	Xiaojing Yuan	aortic arch	2025-09-29				
462	PXD035691	Phosphoproteomics Reveals the Wolframin-Calcium Axis as a Key Pathogenic Signaling Node in Primary Aldosteronism	timsTOF Pro	TRUE	DDA	0.6	software_inference:maxquant	Homo sapiens (human)	human	the First Affiliated Hospital of Chongqing Medical University	Yang Yi	adrenal adenoma cell	2025-12-26				
463	PXD052475	C. albicans cells exhibit specific proteomic profiles depending on the medium used to induce the filamentation process	timsTOF Pro 2	TRUE	PASEF	0.9	protocol_text	Candida albicans (yeast)	candida_albicans_(yeast)	Université Paris Cité, CNRS, Institut Jacques Monod, 75013 Paris, France	Françoise Auchere		2024-10-31				
464	PXD060949	Protein disulfide isomerase is essential for osteoblast differentiation in mice	timsTOF Pro	TRUE	PASEF	0.9	protocol_text	Mus musculus (mouse)	mouse	Cyrus Tang Medical Institute, Soochow University	Yi Wu	osteoblast	2025-02-19				
465	PXD035591	Structural surfaceomics of Nomo-1 using PhoX cross-linker with timsTOF	timsTOF Pro	TRUE	DDA	0.85	protocol_text	Homo sapiens (human)	human	Dept. of Laboratory Medicine University of California, San Francisco, USA	Dr. Arun P. Wiita	myeloid cell line	2023-10-04				
466	PXD032159	Colon Mucosal Proteomics of Ankylosing Spondylitis versus Chronic Enteritis	timsTOF Pro	TRUE	DDA	0.6	software_inference:maxquant	Homo sapiens (human)	human	Rheumatology Department, Affiliated Hospital of Nanjing University of Chinese Medicine, Nanjing, China	Xiaojin He	colonic mucosa	2024-12-03				
467	PXD045214	The PIWI-interacting protein Gtsf1 controls the selective degradation of small RNAs in Paramecium	timsTOF Pro 2	TRUE	PASEF	0.9	protocol_text	Paramecium tetraurelia	paramecium_tetraurelia	Université Paris Cité, CNRS, Institut Jacques Monod, F-75013 Paris, France	Sandra Duharcourt	cell culture	2024-10-17				
468	PXD055866	Engineering platelets as targeted protein degraders	timsTOF Pro	TRUE	PASEF	0.9	protocol_text	Mus musculus (mouse)	mouse	School of Pharmacy, University of Wisconsin-Madison (UW-Madison)	Quanyin Hu	4t1 cell	2025-12-08				
469	PXD021789	The AMBRA1 E3 ligase adaptor regulates Cyclin D protein stability	timsTOF Pro	TRUE	DDA	0.9	experimentTypes	Homo sapiens (human)	human	Departments of Pediatrics and Genetics, Stanford University, Stanford, CA, USA.	Julien Sage	tibia	2021-07-24				
470	PXD047626	ECM-Focused Proteomic Analysis of Ear Punch Regeneration in <i>Acomys cahirinus</i>	timsTOF Pro	TRUE	PASEF	0.9	protocol_text	"Mus musculus (mouse); Acomys cahirinus"	"mouse; acomys_cahirinus"	Department of Biochemistry and Molecular Genetics, School of Medicine, University of Colorado, Aurora, CO, USA	Kirk Hansen	ear	2025-10-31				multi_organism
471	PXD012981	Proteomics of endometriosis	timsTOF Pro	TRUE	DDA	0.85	protocol_text	Homo sapiens (human)	human	Protim, Univ Rennes, Inserm, EHESP, Irset - UMR_S 1085	Charles Pineau	uterine endometrium	2022-04-01				
472	PXD044433	LC-MS/MS proteomic analysis of mouse brown adipose tissues	timsTOF Pro	TRUE	PASEF	0.9	protocol_text	Mus musculus (mouse)	mouse	Department of Pharmacology and Pharmacy, Li Ka Shing Faculty of Medicine, The University of Hong Kong	C. Woo	brown adipose tissue	2023-11-23				
473	PXD053517	Pharmacological activation of LRH-1/NR5A2 triggers an anti-inflammatory phenotypic switch in immune cells from individuals with type 1 diabetes and improves human islet engraftment/function	timsTOF SCP	TRUE	diaPASEF	0.95	protocol_text	Homo sapiens (human)	human	CABIMER-University of Sevilla	Roman Gonzalez-Prieto	dendritic cell	2025-04-09				
474	PXD040183	Repeated hypoglycemia in diabetic mice induce hypothalamic mitochondrial and synaptic activity deregulations characteristic of neurodegenerative diseases	timsTOF Pro	TRUE	PASEF	0.9	protocol_text	Mus musculus (mouse)	mouse	Center for Integraive Genomics (CIG), University of Lausanne, 1015 Lausanne, Switzerland	Bernard Thorens	hypothalamus	2023-11-13				
475	PXD046794	Fine mapping of the pulmonary artery matrisome in a large animal model of hypoxia-induced pulmonary hypertension	timsTOF Pro	TRUE	diaPASEF	0.95	protocol_text	Bos taurus (bovine)	bovine	Department of Biochemistry and Molecular Genetics, University of Colorado, Aurora, CO 80045	Kirk Hansen	blood plasma	2025-12-08				
476	PXD037945	4D label-free quantitative proteomics analyses of peritoneal extracellular vesicles isolated from normal mice and peritoneal dialysis fluid-treated mice	timsTOF Pro	TRUE	PASEF	0.9	protocol_text	Mus musculus (mouse)	mouse	Nephrology Division, Department of Medicine, The Third Affiliated Hospital, Sun Yat-sen University	hui peng	peritoneum	2023-01-25				
477	PXD037288	Proteomics profiling in primary tumors of metastatic and non-metastatic breast cancers	timsTOF Pro	TRUE	PASEF	0.9	protocol_text	Mus musculus (mouse)	mouse	Institutt for BIoingeniørfag (IBF), and CEMIR NTNU, Kunnskapssenteret, Øya, 7030, Norway	Kristine Pettersen	breast cancer	2023-03-09				
478	PXD017442	Mass spectrometry analysis of mouse hematopoietic stem cells and their progenitors reveals differential expression within and between proteome and transcriptome throughout adult and aged hematopoiesis	timsTOF Pro	TRUE	PASEF	0.9	protocol_text	Mus musculus (mouse)	mouse	STANFORD INSTITUTE FOR STEM CELL BIOLOGY AND REGENERATIVE MEDICINE, Stanford University, Stanford, CA, USA	Irving L. Weissman	hematopoietic stem cell	2021-07-24				
479	PXD064469	Subgingival Proteome In Parents With Periodontitis And Their Offspring	timsTOF Pro	TRUE	diaPASEF	0.95	protocol_text	Homo sapiens (human)	human	Professor of Inflammation Research, Department of Dental Medicine, Karolinska Institutet, Sweden.	Nagihan Bostanci	gingival fluid	2026-01-23				
480	PXD065658	Temporal Proteomic Remodeling of Cerebral Arteries in Hypertensive Rats Reveals Progressive Vascular Changes Linked to Brain Diseases	timsTOF Pro	TRUE	PASEF	0.9	protocol_text	Rattus norvegicus (rat)	rat	Department of Biomedical Sciences, Jepps group, University of Copenhagen, Denmark (lab head)	Thomas A. Jepps	cerebral artery	2025-11-17				
481	PXD063677	Multi-center multi-omics integration predicts individualized prognosis in medullary thyroid carcinoma	timsTOF Pro	TRUE	diaPASEF	0.95	protocol_text	Homo sapiens (human)	human	Westlake University	Tiannan Guo	thyroid nodule	2025-11-13				
482	PXD047161	Quantitative proteomic analysis identifies the unfolded protein response as a host pathway co-opted by ASFV to promote replication	timsTOF	TRUE	DDA	0.6	software_inference:maxquant	Sus scrofa domesticus (domestic pig)	pig	State Key Laboratory for Animal Disease Control and Prevention, College of Veterinary Medicine, Lanzhou University, Lanzhou Veterinary Research Institute, Chinese Academy of Agricultural Sciences, Lanzhou 730046, China	Haixue Zheng	spleen	2025-11-28				
483	PXD053287	The Detection of Heat Stress by Assessing individual Body Responses to Heat (Heat Strain) in Young and Healthy Non-athlete Participants	timsTOF Pro	TRUE	diaPASEF	0.95	protocol_text	Homo sapiens (human)	human	Institute of Translational Medicine, Department Health Science and Technology, ETH Zurich, Zurich, Switzerland	Noé Brasier	sweat	2025-04-03				
484	PXD053850	Pull down of enzymes using alpha-amylase activity based probes from Bacteroides thetaiotaomicron lysate	timsTOF HT	TRUE	DDA	0.6	software_inference:msfragger	Bacteroides thetaiotaomicron (strain atcc 29148 / dsm 2079 / nctc 10582 / e50 / vpi-5482)	bacteroides_thetaiotaomicron_(	University of York	Gideon J Davies		2025-06-16				
485	PXD052744	Proteomic analysis for tissue samples of metastatic lymph nodes and primary tumor from breast cancer patients	timsTOF Pro	TRUE	diaPASEF	0.95	protocol_text	Homo sapiens (human)	human	Department of Breast Surgery, The First Affiliated Hospital of Xi'an Jiaotong University, 277 West Yanta Road, 710061 Xi’an, People’s Republic of China.	Huimin Zhang	lymph node	2025-01-31				
486	PXD039077	Proteomic analysis of the extracellular matrix of human atherosclerotic plaques shows marked changes between plaque types	timsTOF Pro	TRUE	diaPASEF	0.95	protocol_text	Homo sapiens (human)	human	Department of Biomedical Sciences, Panum Institute, University of Copenhagen, Denmark	Michael J. Davies	cardiovascular system disease	2024-01-15				
487	PXD036566	Comparative analysis of DDA- and DIA-PASEF methods for proteomics analysis of human valve interstitial cells and osteoblasts during osteogenic differentiation	timsTOF Pro	TRUE	diaPASEF	0.95	protocol_text	Homo sapiens (human)	human	Leading scientist, head of Laboratory of Regenerative Biomedicine, Institute of Cytology, Russian Academy of Sciences	Anna B. Malashicheva	valve cell	2024-11-12				
488	PXD036428	Deregulated Expression of the 14q32 miRNA Cluster in Clear Cell Renal Cell Carcinomas	timsTOF Pro	TRUE	diaPASEF	0.95	protocol_text	Homo sapiens (human)	human	CMMB, University of South Florida	Stanley Stevens, Jr.	renal tubule	2023-05-10				
489	PXD051379	Dysregulation of N-glycosylation by RPN1 knockout in spermatocytes induces male infertility via impaired mitochondrial function in mice	timsTOF	TRUE	DIA	0.65	software_inference:encyclopedia	Mus musculus (mouse)	mouse	Shandong University	Mingyu Zhang	testis	2025-05-06				
490	PXD057540	Mouse hepatocyte conditioned media LC-MS/MS.	timsTOF Pro	TRUE	unknown	0.0	none	Mus musculus (mouse)	mouse	Professor of Anatomy & Cell Biology (in Physiology and Cellular Biophysics) Columbia University Irving Medical Center	Ira Tabas	hepatocyte	2025-07-09				unknown_acquisition_mode
491	PXD051537	PCYT1A deficiency disturbs fatty acid metabolism and induces ferroptosis in the mouse retina	timsTOF Pro	TRUE	unknown	0.0	none	Mus musculus (mouse)	mouse	University of Electronic Science and Technology of China	kaifang wang	retina	2025-06-09				unknown_acquisition_mode
492	PXD022052	Dynamic responses of barley root quantitative succinyl-proteome to short-term phosphate starvation and recovery	timsTOF Pro	TRUE	DDA	0.6	software_inference:maxquant	Hordeum vulgare (barley)	hordeum_vulgare_(barley)	Gansu Provincial Key Lab of Aridland Crop Science/ Gansu Agricultural University, Lanzhou, China	Wang juncheng	root	2021-03-31				
493	PXD067413	Elenbecestat and compound 89 potently inhibit BACE1 but not BACE2 when subchronically dosed in non-human primates	timsTOF Pro	FALSE	PASEF	0.9	protocol_text	Macaca fascicularis (crab-eating macaque) (cynomolgus monkey)	macaca_fascicularis_(crab-eati	DZNE Munich / TU Munich	Stefan F. Lichtenthaler	cerebrospinal fluid	2025-11-07				mixed_instruments
494	PXD050858	Vagus Nerve Stimulation enhances remyelination and decreases innate neuroinflammation in a Multiple Sclerosis rodent model.	timsTOF SCP	TRUE	diaPASEF	0.95	protocol_text	Rattus norvegicus (rat)	rat	Ghent University, 4Brain, department of Neurology,  Ghent University Hospital	Helen Bachmann	brain	2024-05-10				
495	PXD041580	Composition and functional properties of Lacticaseibacillus rhamnosus-derived EVs are dependent on growth phase of bacterial culture	timsTOF Pro	TRUE	diaPASEF	0.95	protocol_text	Lactobacillus rhamnosus gg	lactobacillus_rhamnosus_gg	Proteomics Core Facility and Research Group Proteomics, CEITEC-MU, Masaryk University, Brno, Czech Republic	Zbynek Zdrahal		2024-08-23				
496	PXD045249	Study on the inhibitory effect and mechanism of VOCs of a deep-sea bacteria on Pseudomonas aeruginosa	timsTOF Pro	TRUE	DDA	0.9	experimentTypes	Pseudomonas aeruginosa pao1	pseudomonas_aeruginosa_pao1	Key Laboratory of Experimental Marine Biology, Institute of Oceanology, Chinese Academy of Sciences, Qingdao, China	Yuanyuan Hu		2024-06-16				
497	PXD062327	C3aR1 on Beta Cells Enhances Beta Cell Function and Surivival to Maintain Glucose Homeostasis	timsTOF Pro 2	TRUE	DIA	0.85	protocol_text	Mus musculus (mouse)	mouse	Pharmacology, Weill Cornell Medicine	Jacob Geri	pancreatic islet	2025-05-07				
498	PXD063200	Proximity labeling of dense core vesicle protein VMAT	timsTOF Pro 2	TRUE	PASEF	0.9	protocol_text	Drosophila melanogaster (fruit fly)	drosophila	Department of Neuroscience, University of Copenhagen	Ole Kjaerulff	whole body	2026-01-12				
499	PXD038775	Analysis of lactylome refines key molecular reprogramming mechanisms during oil production in Nannochloropsis oceanica	timsTOF Pro	FALSE	DDA	0.6	software_inference:maxquant	Nannochloropsis oceanica strain imet1	nannochloropsis_oceanica_strai	Hainan Normal University	Li WEI	cell culture	2024-07-03				mixed_instruments
500	PXD058342	The distinct roles of genome, methylation, transcription, and translation on protein expression in Arabidopsis thaliana resolve the Central Dogma’s information flow	timsTOF HT	TRUE	diaPASEF	0.95	protocol_text	Arabidopsis thaliana (mouse-ear cress)	arabidopsis	Cambridge Centre for Proteomics, Department of Biochemistry, University of Cambridge, Cambridge, CB2 1QR UK	Kathryn S.	leaf	2025-07-31				
501	PXD070632	Unraveling the matrix: Proteomic profiling reveals stromal ECM dysregulation in severe early-onset fetal growth restriction	timsTOF SCP	FALSE	PASEF	0.9	protocol_text	Homo sapiens (human)	human	University of Colorado Anschutz Medical Campus Obstetrics and Gynecology	Emily Su	primary cell	2025-12-08				mixed_instruments
502	PXD022735	In-depth proteomic analysis of Plasmodium berghei sporozoites using trapped ion mobility spectrometry with parallel accumulation-serial fragmentation	timsTOF Pro	TRUE	DDA	0.6	software_inference:mascot	Plasmodium berghei anka	plasmodium_berghei_anka	Plateforme P3S - UMS PASS 37 - Sorbonne Universite - INSERM	Solenne Chardonnet	malaria	2021-02-11				
503	PXD069713	Characterization of novel Contilisant+Tubastatin A Multi-Target Small Molecules with against glioblastoma	timsTOF Pro	TRUE	PASEF	0.9	protocol_text	Homo sapiens (human)	human	CIC bioGUNE Proteomics Platform Bizkaia Tech. Park Build 800 Derio 48160 Spain	Felix Elortza	brain glioblastoma multiforme	2026-01-05				
504	PXD069251	Small extracellular vesicles secreted by cisplatin-resistant neuroblastoma cells increase lactate secretion and alter metabolic pathways in primary human umbilical vein endothelial cells (HUVECs)	timsTOF Pro	TRUE	PASEF	0.9	protocol_text	Homo sapiens (human)	human	Systems Biology Ireland, School of Medicine, University College Dublin, Ireland	Vadim Zhernovkov	endothelial cell of umbilical vein	2025-11-04				
505	PXD066353	Microglia proteome from the rat substantia nigra. Study in animal model of fluorocitrate-induced astrocyte dysfunction and microglia activation.	timsTOF Pro 2	TRUE	PASEF	0.9	protocol_text	Rattus norvegicus (rat)	rat	1) Department of Analytical Chemistry and Biochemisty, AGH University of Krakow 2) Laboratory of Proteomics and Mass Spectrometry, Maj Institute of Pharmacology, Polish Academy of Sciences	Przemyslaw Mielczarek	microglial cell	2026-02-11				
506	PXD069130	The protein composition of 10A EV and 231 EV samples	timsTOF Pro	TRUE	PASEF	0.9	protocol_text	Homo sapiens (human)	human	State Key Laboratory of Metabolism and Regulation in Complex Organisms, Hubei Provincial Research Center for Basic Biological Sciences, College of Life Sciences, TaiKang Center for Life and Medical Sciences, Wuhan University	Wei Yan	mda-mb-231 cell	2025-10-05				
507	PXD066252	Proteomics on am mouse model reveals phenotypic divergence from human disease	timsTOF HT	TRUE	diaPASEF	0.95	protocol_text	Mus musculus (mouse)	mouse	Institute of Experimental Genetics, Helmholtz Zentrum München, German Research Center for Environmental Health Neuherberg, Germany	Gerhard K. H. Przemeck	pancreatic islet cell	2025-10-14				
508	PXD067659	Cross-linking mass spectrometry for structure analysis of the intrinsically disordered Tau and phosphorylated Tau protein	timsTOF Pro	TRUE	PASEF	0.9	protocol_text	Homo sapiens (human)	human	Physikalisch-Technische Bundesanstalt (PTB), 38116 Braunschweig, Germany	Cristian Arsene	alzheimer's disease	2026-01-06				
509	PXD062679	The Junctional Adhesion Molecule C (JAMC) determines the invasive properties of Glioblastoma Stem-like Cells at the endothelial interface	timsTOF Pro	TRUE	PASEF	0.9	protocol_text	Homo sapiens (human)	human	CNRS, Inserm, Nantes Université, Univ Angers, CRIC2NA, Nantes, France	Julie Gavard	gsc cell line	2025-08-28				
510	PXD062384	Human Femoral Artery Proteome and 2-Hydroxyisobutyrylation Analysis in Metabolic Syndrome Induced Restenosis	timsTOF Pro	TRUE	PASEF	0.9	protocol_text	Homo sapiens (human)	human	The Affiliated Hospital of Qingdao University	Yongxin Li	artery	2025-06-23				
511	PXD061295	Affinity proteomics on PEX1 and PEX1-G843D in HCT116 Cells	timsTOF Pro	TRUE	PASEF	0.9	protocol_text	Homo sapiens (human)	human	Department of Molecular, Cellular, and Developmental Biology (MCDB) at University of California Santa Barbara (UCSB)	Brooke Meghan Gardner	colonocyte	2025-04-28				
512	PXD061096	Anticancer Effects of DNA-Functionalized Gold Nanoparticle–Mediated Photothermal Therapy	timsTOF Pro	TRUE	PASEF	0.9	protocol_text	Homo sapiens (human)	human	Nanobio Measurement Group, Division of Biomedical Metrology, Korea Research Institute of Standards and Science, 267 Gajeong-ro, Yuseong-gu, Daejeon 34113, Republic of Korea	Jin Gyeong Son	breast epithelium	2025-10-15				
513	PXD056929	Quantitative analysis of the proteome, and protein oxidative modifications, of primary human coronary artery endothelial cells and associated extracellular matrix	timsTOF Pro	TRUE	PASEF	0.9	protocol_text	Homo sapiens (human)	human	University of Copenhagen, Department of Biomedical Sciences	Per Hägglund and Mike Davies	endothelial cell of artery	2025-02-17				
514	PXD061972	Comprehensive multi-omics analysis reveals the influence of epigenetic mechanisms on porcine oocyte maturation	timsTOF Pro	TRUE	DIA	0.85	protocol_text	Sus scrofa domesticus (domestic pig)	pig	Faculty of Animal Science and Technology,Key Laboratory of Porcine Gene Editing and Xenotransplantation,Yunnan Agricultural University,China	Yufen Jiang	oocyte	2025-08-27				
515	PXD054120	Investigating Synthetic Lethality and PARP Inhibitor Resistance in Pancreatic Cancer Through Enantiomer Differential Activity	timsTOF Pro	TRUE	PASEF	0.9	protocol_text	Homo sapiens (human)	human	Senior Researcher - Principal Investigator, Computational and Chemical Biology, Istituto Italiano di Tecnologia Via Morego, 30 16163 Genova - Italy Tel: +39 010 28961 - C.F.: 97329350587 - P.Iva: 09198791007	Prof Andrea Cavalli	pancreatic ductal cell	2025-05-07				
516	PXD053346	RNAPII interactome in INTS6 KO and WT cells	timsTOF Pro	TRUE	PASEF	0.9	protocol_text	Homo sapiens (human)	human	DNRF Center for Gene Expression  Department of Cellular and Molecular Medicine Blegdamsvej 3B University of Copenhagen 2200 Copenhagen N, Denmark	Jesper Svejstrup	flp-in-t-rex cell	2025-12-22				
517	PXD052772	YTHDC1 lactylation promotes RCC progression by regulating phase-separation to enhance the stabilities of BCL2 and E2F2 mRNAs	timsTOF Pro	TRUE	PASEF	0.9	protocol_text	Homo sapiens (human)	human	Beijing Key Laboratory of Cancer Invasion and Metastasis Research, Department of Biochemistry and Molecular Biology, School of Basic Medical Sciences, Capital Medical University, Beijing 100069, China	Junfang Zheng	kidney cancer	2025-07-18				
518	PXD048096	Impact of fibrillar collagen scaffold on corneal stromal fibroblasts protein expression	timsTOF Pro	TRUE	PASEF	0.9	protocol_text	Homo sapiens (human)	human	Cell Technologies Center, Institute of Cytology RAS,St. Petersburg, Russia	Natalia Mikhailova	keratocyte	2024-09-02				
519	PXD046749	Insights into PH1 disease mechanisms from the analyses of the structural stability and dynamics of AGT variants	timsTOF Pro	TRUE	PASEF	0.9	protocol_text	Homo sapiens (human)	human	Laboratory of Structural Biology and Cell Signaling,  Institute of Microbiology of the Czech Acad Sci, Prumyslova 595, 252 50 Vestec, Czech Republic	Petr Man	primary hyperoxaluria type 1	2024-01-25				
520	PXD046507	Multidimensional Molecular Characteristics of Early-Onset Endometrioid Endometrial Carcinoma, And Potential Predictors Of Response To Fertility Sparing Therapy	timsTOF Pro	TRUE	PASEF	0.9	protocol_text	Homo sapiens (human)	human	Department of Gynecological Oncology, Tongji Hospital, Tongji Medical College,Huazhong University of Science and Technology	Chaoyang Sun	uterine endometrial cancer cell	2024-04-05				
521	PXD045409	Proteomic analysis of SARS-CoV-2 particles unveils a key role of G3BP proteins in viral assembly	timsTOF Pro	TRUE	PASEF	0.9	protocol_text	Homo sapiens (human)	human	Institut Cochin, Inserm U 1016, CNRS UMR 8104, Université Paris Cité.	Sarah Gallois-Montbrun	alveolar epithelial cell line	2024-01-22				
522	PXD044022	Proteomics analysis of deep fascia in acute compartment syndrome	timsTOF Pro	TRUE	PASEF	0.9	protocol_text	Homo sapiens (human)	human	Third Hospital of Hebei Medical University	Haofei Wang	fascia	2024-05-30				
523	PXD042940	Proteomic analysis of extracellular vesicle released by MCF7 cells in the absence of the tetraspanins CD9, CD81 or CD63	timsTOF Pro	TRUE	PASEF	0.9	protocol_text	Homo sapiens (human)	human	Sorbonne Université, Inserm, CNRS, Centre d'Immunologie et des Maladies Infectieuses, CIMI-Paris, F-75013 Paris, France	Eric RUBINSTEIN	breast cancer cell line	2023-08-03				
524	PXD042696	Proteomic profile of BxPC3 cells after RAD51 inhibition by treatment with BRC4	timsTOF Pro	TRUE	PASEF	0.9	protocol_text	Homo sapiens (human)	human	Systems Biology Ireland, University College Dublin.	Giorgio Oliviero	carcinoma cell	2023-08-15				
525	PXD042613	An organ-specific angiogenic control mechanism for endothelial tailoring.	timsTOF Pro	TRUE	PASEF	0.9	protocol_text	Homo sapiens (human)	human	Laboratory of Neurovascular Signaling, Department of Molecular Biology, ULB Neuroscience Institute, Université libre de Bruxelles (ULB), Gosselies B-6041, Belgium	Benoit Vanhollebeke	trophoblast cell	2024-02-08				
526	PXD038273	Immunopeptidomics of malignant mesothelioma to identify target antigens for T cell Immunotherapy	timsTOF Pro	TRUE	PASEF	0.9	protocol_text	"Homo sapiens (human); Mus musculus (mouse)"	"human; mouse"	Dept. Oncology-Pathology, SciLifeLab, Karolinska Institutet, Stockholm, Sweden	Janne Lehtiö	mesothelium	2023-09-08				multi_organism
527	PXD038008	Modic type 2 changes are fibroinflammatory changes with complement system involvement adjacent to degenerated vertebral endplates	timsTOF Pro	TRUE	PASEF	0.9	protocol_text	Homo sapiens (human)	human	Center of Experimental Rheumatology, Department of Rheumatology, University Hospital, University of Zurich, Zurich, Switzerland	Irina Hegli	vertebral endplate	2025-03-21				
528	PXD037861	Physiological profile of the coronary artery and internal thoracic artery endothelial cells as a basis for the structural and functional congrunce of the arterio-arterial continuum	timsTOF Pro	TRUE	PASEF	0.9	protocol_text	Homo sapiens (human)	human	Head of the Laboratory for Vascular Biology, Department of Experimental Medicine, Research Institute for Complex Issues of Cardiovascular Diseases Kemerovo, Russian Federation	Anton G. Kutikhin	arterial system endothelium	2023-10-17				
529	PXD037320	Comparative analysis of proteomes and secretomes of human mesenchymal stem cells isolated from six sources during osteogenic differentiation	timsTOF Pro	TRUE	PASEF	0.9	protocol_text	Homo sapiens (human)	human	head of Laboratory of Regenerative Biomedicine, Institute of Cytology, Russian Academy of Sciences	Anna Malashicheva	mesenchymal stem cell of wharton's jelly	2023-11-05				
530	PXD036950	Hypoxia induces a glycolytic complex in intestinal epithelial cells independent of HIF-1-driven glycolytic gene expression Dataset 1	timsTOF Pro	TRUE	PASEF	0.9	protocol_text	Homo sapiens (human)	human	Conway Institute of Biomolecular and Biomedical Research,School of Medicine, University College Dublin	Cormac Taylor	colon epithelial cell	2024-05-21				
531	PXD036191	Discovery of a small molecule inhibitor of the UBE2F-CRL5 axis that induces apoptosis and G2/M arrest and confers radiosensitization	timsTOF Pro	TRUE	PASEF	0.9	protocol_text	Homo sapiens (human)	human	1Cancer Institute, the Second Affiliated Hospital, and Institute of Translational Medicine, Zhejiang University School of Medicine, Hangzhou 310029, China  2Cancer Center, Zhejiang University, Hangzhou 310058, China  3Research Center for Life Science and Human Health, Binjiang Institute of Zhejiang University, Hangzhou 310053, China	Yi Sun	lung squamous cell carcinoma cell	2022-10-19				
532	PXD035234	Endometrial protein expression and phosphorylation landscape decipher aberrant insulin and mTOR signaling in patients with recurrent pregnancy loss	timsTOF Pro	TRUE	PASEF	0.9	protocol_text	Homo sapiens (human)	human	"Center for Reproductive Medicine, Department of Obstetrics and Gynecology, Peking University Third Hospital, Beijing, 100191, China;"	Jing Hang	endometrial gland	2023-10-27				
533	PXD031572	Proteomics analysis of physiological effect of ZBTB16 (PLZF) on osteogenic differentiation of human valve interstitial cells (VICs) by DDA PASEF on TimsToF Pro	timsTOF Pro	TRUE	PASEF	0.9	protocol_text	Homo sapiens (human)	human	Laboratory of regenerative biomedicine, Institute of Cytology of the Russian Academy of Science	Anna B. Malashicheva	heart valve cell	2022-10-21				
534	PXD028081	Proteomics analysis of extracellular vesicles from thyroid tumours	timsTOF Pro	TRUE	PASEF	0.9	protocol_text	Homo sapiens (human)	human	Proteomics Service CIC bioGUNE, Build. 800 Bizkaia Tech. Derio 48160 Spain	Felix Elortza	thyroid cancer cell	2022-08-02				
535	PXD025629	SARS-CoV-2 infects human pancreatic β-cells and elicits β-cell impairment	timsTOF Pro	TRUE	PASEF	0.9	protocol_text	"Homo sapiens (human); Mus musculus (mouse)"	"human; mouse"	Baxter Laboratory for Stem Cell Biology Department of Microbiology & Immunology Stanford University School of Medicine 269 Campus Drive CCSR 3205b Stanford, CA 94305-5175 USA	Jackson, Peter, K.	type b pancreatic cell	2021-07-24				multi_organism
536	PXD024760	Human platelet-derived extracellular vesicle proteome	timsTOF Pro	TRUE	PASEF	0.9	protocol_text	Homo sapiens (human)	human	Full Professor for Analytical Chemistry   Institute of Chemical Technologies and Analytics   TU Wien Getreidemarkt 9/E164  A-1060 Vienna Austria	Ruth Birner-Gruenberger	blood platelet	2022-02-17				
537	PXD023802	Heading towards a dead end: the role of DND1 in germ line differentiation of human iPSCs	timsTOF Pro	TRUE	PASEF	0.9	protocol_text	Homo sapiens (human)	human	Max Planck Institute for Molecular Biomedicine Bioanalytical Mass Spectrometry Röntgenstr. 20 48159 Münster Germany	Hannes C. A. Drexler	germ line stem cell	2021-12-10				
538	PXD060416	Proteins of T7 phage pulled down with EfAvs5，LC-MSMS	timsTOF Pro 2	TRUE	diaPASEF	0.95	protocol_text	"Escherichia coli; Bacteria"	"ecoli; bacteria"	State Key Laboratory of Microbial Metabolism, School of Life Sciences and Biotechnology, Shanghai Jiao Tong University, Shanghai 200240, China	Jianting Zheng		2025-05-07				multi_organism
539	PXD059875	Human synovium regional proteomics analysis	timsTOF	TRUE	DIA	0.85	protocol_text	Homo sapiens (human)	human	hong kong baptist university	zhu lin	synovium	2025-10-12				
540	PXD050156	Highly potent quinoxalinediones inhibit α−hemolysin and ameliorate lung infections by Staphylococcus aureus	timsTOF Pro	TRUE	unknown	0.0	none	Staphylococcus aureus	staphylococcus_aureus	Cellular Proteomics Group Helmholtz Centre for Infection Research Inhoffenstr. 7 38124 Braunschweig Germany	Lothar Jaensch		2025-03-05				unknown_acquisition_mode
541	PXD021899	Analysis of innate immune antagonism by SARS-CoV-2 reveals options for therapeutic immune modulation and differences to SARS-CoV	timsTOF Pro	TRUE	PASEF	0.9	protocol_text	"Homo sapiens (human); Severe acute respiratory syndrome coronavirus 2"	"human; severe_acute_respiratory_syndr"	Histone Modifications Group Zentrallabor für Proteinanalytik BioMedical Center Faculty of Medicine Ludwig-Maximilians-University of Munich Großhadernerstr. 9 82152 Planegg-Martinsried	Prof. Dr. Axel Imhof	severe acute respiratory syndrome coronavirus 2	2021-06-23				multi_organism
542	PXD042594	ROS are evolutionary conserved cell-to-cell stress signals	timsTOF Pro 2	TRUE	diaPASEF	0.95	protocol_text	Chlamydomonas reinhardtii	chlamydomonas_reinhardtii	University of Missouri	Ron Mittler		2024-05-24				
543	PXD037508	Differential gene expression of isotopically marked lysine producer and consumer subpopulations in yeast colonies	timsTOF Pro 2	TRUE	DIA	0.85	protocol_text	Saccharomyces cerevisiae (baker's yeast)	yeast	Department of Biochemistry, Charité University Medicine, Berlin, Germany	Markus Ralser		2023-02-13				
544	PXD071585	apo/holo Myoglobin Sample Dataset	timsTOF SCP	TRUE	diaPASEF	0.95	protocol_text	Equus caballus (horse)	equus_caballus_(horse)	Institute of Microbiology, Czech Academy of Science, v.v.i.	Petr Novak		2026-01-13				
545	PXD033443	4D label free quantitative analysis was used to investigate the profiles of proteins related to unintended effect in three transgenic lines and recurrent parent	timsTOF Pro	TRUE	DDA	0.85	protocol_text	Oryza sativa (rice)	oryza_sativa_(rice)	Key Laboratory of Crop Physiology, Ecology and Genetic Breeding, Ministry of Education, Research Center of Super Rice Engineering and Technology, Jiangxi Agricultural University. No. 1101 Zhimin Avenue, Economic and Technological Development Zone, Nanchang City, Jiangxi Province	Peng Xiaosong	leaf	2023-03-11				
546	PXD057838	Fission yeast Cdc10-YFP interactome in MM-N 16 hours	timsTOF Pro	TRUE	PASEF	0.9	protocol_text	Schizosaccharomyces pombe 927	schizosaccharomyces_pombe_927	Instituto de Biología Funcional y Genómica CSIC - Salamanca University SPAIN	Sergio Moreno		2025-12-20				
547	PXD056078	LolB is conserved in Bacteroidetes and is crucial for gliding motility and Type IX secretion.	timsTOF Pro	TRUE	PASEF	0.9	protocol_text	Flavobacterium johnsoniae	flavobacterium_johnsoniae	University of Namur Research Unit in Biology of Microorganisms (URBM) Namur Research Institute for Life Sciences (NARILIS) Belgium	Francesco RENZI		2025-02-22				
548	PXD058038	Analysis of protein profile changes in heat stressed Arabidopsis depending on the ATG8 isoform using LC-MS/MS	timsTOF	TRUE	PASEF	0.9	protocol_text	Arabidopsis thaliana (mouse-ear cress)	arabidopsis	Department of Life Sciences, Korea University, Seoul 02841, Korea	Ohkmae Kim Park	plant cell	2025-05-30				
549	PXD065754	Determination of animal species origin of blood in artworks by LC-MS/MS	timsTOF HT	TRUE	DDA	0.6	software_inference:mascot	"Homo sapiens (human); Bos taurus (bovine); Felis catus (cat) (felis silvestris catus); Canis familiaris (dog) (canis lupus familiaris); Gallus gallus (chicken); Anser cygnoides; Sus scrofa domesticus (domestic pig)"	"human; bovine; felis_catus_(cat)_(felis_silve; canis_familiaris_(dog)_(canis_; chicken; anser_cygnoides; pig"	Department of Biochemistry and Microbiology, University of Chemistry and Technology, Prague	Stepanka Kuckova	egg	2025-09-22				multi_organism
550	PXD061499	Proteomics of a murine bronchoalveolar lavage sample, LC-MSMS	timsTOF fleX	TRUE	DIA	0.85	protocol_text	Mus musculus (mouse)	mouse	Proteomics Core Facility, School of Science, National and Kapodistrian University of Athens, Athens, Greece	Guillaume Médard	bronchopneumonia	2025-11-10				
551	PXD065109	A sEH/COX-2 Dual Inhibitor PTUPB Reduces Endothelium-to-Mesenchymal Transition and Improves Doxorubicin-induced Vascular and Cardiac Toxicity	timsTOF Pro	TRUE	DDA	0.6	software_inference:maxquant	Danio rerio (zebrafish) (brachydanio rerio)	zebrafish	Department of Pharmaceutical Sciences, College of Pharmacy, QU Health Sector, Qatar University, 2713, Doha, Qatar	Dr. Zaid	whole body	2025-06-25				
552	PXD065685	Structure of ATTRv-F64S fibrils isolated from skin tissue of a living patient	timsTOF HT	TRUE	DDA	0.6	software_inference:msfragger	Homo sapiens (human)	human	Department of Molecular and Cellular Biology, University of Geneva, Geneva, Switzerland	Andreas Boland	skin	2025-11-03				
553	PXD048971	Identification of whole-cell dsRNA-binding proteins by phase separation	timsTOF Pro 2	TRUE	DDA	0.6	software_inference:maxquant	Sus scrofa domesticus (domestic pig)	pig	College of Veterinary Medicine, Huazhong Agricultural University	Zhixiang yang	epithelial cell	2024-10-17				
554	PXD064497	Conditional ATXN2L-nConditional ATXN2L-null in adult frontal cortex CamK2a+ neurons does not cause cell death, but restricts spontaneous mobility, and affects the alternative splicing pathway	timsTOF Ultra	TRUE	PASEF	0.9	protocol_text	Mus musculus (mouse)	mouse	Goethe University Frankfurt, University Hospital, Clinic of Neurology, Experimental Neurology, Heinrich- Hoffmann-Str. 7, 60528 Frankfurt am Main, Germany	Georg Auburger	brain	2025-10-27				
555	PXD061011	Deep visual multi-omics profiling reveals mechanisms that underly cancer cell differentiation and aggressiveness in clear cell renal cell carcinoma	timsTOF Pro	TRUE	single-cell	0.9	protocol_text	Homo sapiens (human)	human	Department of Pathology and Molecular Pathology, University Hospital Zürich and University of Zürich, Zürich, Switzerland	Dorothea Rutishauser	malignant cell	2025-02-21				
556	PXD057353	Human bronchoalveolar lavage fluid LC-MSMS	timsTOF Pro	TRUE	unknown	0.0	none	Homo sapiens (human)	human	Second hospital of Shanxi Medical University	Peipei Wang	bronchoalveolar lavage	2025-05-07				unknown_acquisition_mode
557	PXD072524	"Benchmark dataset relating to Kamrad et al ""Interspecies interactions drive bacterial proteome reorganisation and emergent metabolism"""	timsTOF Pro 2	TRUE	diaPASEF	0.95	protocol_text	"Bacteroides thetaiotaomicron; Agathobacter rectalis; Peptoclostridium difficile (strain 630) (clostridium difficile)"	"bacteroides_thetaiotaomicron; agathobacter_rectalis; peptoclostridium_difficile_(st"	MRC Toxicology Unit, University of Cambridge	Kiran R Patil		2026-02-02				multi_organism
558	PXD067828	Adaptation of Burkholderia cenocepacia to low oxygen drives changes consistent with adaptation to chronic infection.	timsTOF	TRUE	PASEF	0.9	protocol_text	"Bacteria; Burkholderia cenocepacia j2315"	"bacteria; burkholderia_cenocepacia_j2315"	School of Biomedical and Biomolecular Science, University College Dublin	Siobhán McClean		2026-01-19				multi_organism
559	PXD053128	The immune factors involved in the rapid clearance of bacteria from the midgut of the tick Ixodes ricinus	timsTOF Pro	TRUE	DDA	0.85	protocol_text	Ixodes ricinus	ixodes_ricinus	Institute of Parasitology, Biology Centre of the Czech Academy of Sciences, Branisovska 1160/31, 37005 Ceske Budejovice, Czech Republic	Petr Kopáček	midgut	2024-10-17				
560	PXD044107	Comparative quantitative proteomic analysis of melanoma subtypes, nevus-associated melanoma, and corresponding nevi	timsTOF Pro	TRUE	single-cell	0.9	protocol_text	Homo sapiens (human)	human	Novo Nordisk Foundation (NNF) Center for Protein Research, Faculty of Health and Medical Sciences, University of Copenhagen, Denmark  Department of Dermatology and Allergy, Copenhagen University Hospital - Herlev and Gentofte Hospital, Hellerup, Denmark Leo Foundation Skin Immunology Research Center, Faculty of Health and Medical Sciences, University of Copenhagen, Denmark	Beatrice Dyring-Andersen	melanocyte	2024-01-28				
561	PXD020573	Synergistically bifunctional magnetic beads enable efficient isolation of urine extracellular vesicles and downstream phosphoproteomic analysis	timsTOF Pro	TRUE	unknown	0.0	none	Homo sapiens (human)	human	Department of Biochemistry, Purdue University State Key Laboratory of Bioelectronics, National Demonstration Center for Experimental Biomedical Engineering Education,Southeast University	W. Andy Tao	urine	2025-08-25				unknown_acquisition_mode
562	PXD066110	PROTAC repurposing uncovers a noncanonical binding surface that mediates chemical degradation of nuclear receptors	timsTOF HT	TRUE	diaPASEF	0.95	protocol_text	Homo sapiens (human)	human	Center for Proteomics & Metabolomics, St. Jude Children's Research Hospital, Memphis, TN 38105, USA	Anthony A High	colon	2025-09-18				
563	PXD051333	Peptidomic and proteomic analysis of precision-cut lung slice supernatants	timsTOF Pro	TRUE	DDA	0.6	software_inference:msfragger	Rattus norvegicus (rat)	rat	BMI, University of Copenhagen, Copenhagen, Denmark	Micheal J	lung	2025-03-10				
564	PXD036943	Liquid biopsy protein biomarkers of cholangiocarcinoma risk, early diagnosis and survival mirroring tumor cells - timsTOF (1/2)	timsTOF Pro	TRUE	single-cell	0.9	protocol_text	Homo sapiens (human)	human	Proteomics Service CIC bioGUNE Bizkaia Tech. Park Build. 800 48160 Derio (Spain)	Felix Elortza	primary sclerosing cholangitis	2023-07-20				
565	PXD065656	Direct in-bone protein digestion with subsequent LC separation and trapped ion mobility MS detection of released peptides as an effective tool for the proteomic characterization of bone tissues	timsTOF HT	TRUE	diaPASEF	0.95	protocol_text	Homo sapiens (human)	human	Department of Biochemistry and Microbiology, University of Chemistry and Technology Prague	Radovan Hynek	bone	2025-09-18				
566	PXD054396	The MAST kinase KIN-4 provides the Greatwall activity in C. elegans	timsTOF Pro 2	TRUE	PASEF	0.9	protocol_text	Caenorhabditis elegans	c_elegans	Université Paris cité, CNRS, Institut Jacques Monod, F-75006 Paris, France	Lionel Pintard		2025-05-07				
567	PXD060579	Characterization of human CD34+ HSC-derived neutrophils without myeloid-derived immunosuppressive cell activity	timsTOF HT	TRUE	diaPASEF	0.95	protocol_text	Homo sapiens (human)	human	Sanquin Research, Amsterdam, NL	Arie Johan Hoogendijk	neutrophil	2025-08-13				
568	PXD050137	Microbial consortia driving lignocellulose transformation in agricultural woodchip bioreactors	timsTOF	TRUE	PASEF	0.9	protocol_text	"Archaea; Bacteria"	"archaea; bacteria"	Norwegian University of Life Sciences	Magnus Øverlie Arntzen		2024-10-21				multi_organism
569	PXD059899	Global surface proteomes of hPSC-derived brain microvascular endothelial-like cells (hPSC-BMELCs), human cerebral microvascular endothelial cell line D3 (HCMEC/D3), and human umbilical vein endothelial cells (HUVECs)	timsTOF HT	TRUE	diaPASEF	0.95	protocol_text	Homo sapiens (human)	human	University of California Los Angeles	Mehdi Bouhaddou	brain microvascular endothelial cell	2025-11-09				
570	PXD069209	Introducing the Sinclair Nanopig™ model: Preliminary genomic, proteomic, and hepatic CYP450 characterization for (bio)pharmaceutical safety assessment	timsTOF Pro 2	TRUE	diaPASEF	0.95	protocol_text	Sus scrofa domesticus (domestic pig)	pig	University of Missouri-Columbia	Thao Nguyen	heart	2025-10-08				
571	PXD054019	Membrane proteomics in P493-6 cells treated with NMTi	timsTOF HT	TRUE	diaPASEF	0.95	protocol_text	Homo sapiens (human)	human	Department of Chemistry, Imperial College London, Molecular Research Science Hub, 82 Wood Lane, London W12 0BZ, United Kingdom. The Francis Crick Institute, 1 Midland Road, London NW1 1AT, United Kingdom.	Edward W. Tate	permanent cell line cell	2025-07-27				
572	PXD070363	Trained to respond: Signal-level modifications of endosomal TLRs	timsTOF SCP	TRUE	PASEF	0.9	protocol_text	Mus musculus (mouse)	mouse	Max Planck Institute for Infection Biology Charitéplatz 1 D-10117 Berlin Germany	Olivia Majer	macrophage	2025-12-16				
573	PXD013544	The MPK8-TCP14 pathway promotes seed germination in Arabidopsis	timsTOF Pro	TRUE	PASEF	0.9	protocol_text	Arabidopsis thaliana (mouse-ear cress)	arabidopsis	UMS 37 PASS - Plateforme P3S	Solenne Chardonnet	seed	2019-07-25				
574	PXD070194	Time-resolved profiling of linear Ub chain interactors	timsTOF Pro 2	TRUE	diaPASEF	0.95	protocol_text	Mus musculus (mouse)	mouse	School of Food and Biological Engineering, Hefei University of Technology, Hefei, 230009, China	Yu Wang	bone marrow	2026-02-06				
575	PXD053639	Subcellular fraction kidney proteomics in MGME1 knockout mice	timsTOF Pro 2	TRUE	diaPASEF	0.95	protocol_text	Mus musculus (mouse)	mouse	Max-Planck-Institute for Biology of Ageing Department of Mitochondrial Proteostasis Joseph-Stelzmann-Str. 9b	Thomas Langer	kidney	2025-07-25				
576	PXD053559	Plasmodium NEK1 coordinates MTOC organisation and kinetochore attachment during rapid mitosis in male gamete formation	timsTOF	FALSE	DDA	0.6	software_inference:msfragger	Plasmodium berghei anka	plasmodium_berghei_anka	School of Life Sciences Queen's Medical Centre Nottingham NG7 2UH UK	Professor Rita Tewari		2024-08-08				mixed_instruments
577	PXD042319	muscular changes upon desmin mutation	timsTOF Pro 2	TRUE	diaPASEF	0.95	protocol_text	Mus musculus (mouse)	mouse	Cecad, Department of Genetics, University of Cologne	Markus Krüger	soleus	2025-11-10				
578	PXD063170	H2S-mediated S-sulfhydration coordinates autophagy and infection of the rice blast fungus	timsTOF Pro	TRUE	DDA	0.6	software_inference:maxquant	Oryza sativa (rice)	oryza_sativa_(rice)	Huazhong Agricultural University	Xiao-Lin Chen	mycelial cord	2025-06-12				
579	PXD043019	Mapping of bone marrow sample proteome of Pinch1/2 knockout mice	timsTOF	TRUE	PASEF	0.9	protocol_text	Mus musculus (mouse)	mouse	Southern University of Science and Technology	Tailin He	stem cell	2023-12-08				
580	PXD031924	Equine muscle-derived mesenchymal stem cells protect cartilage explants in osteoarthritis model: secretome characterization	timsTOF	TRUE	PASEF	0.9	protocol_text	Equus caballus (horse)	equus_caballus_(horse)	Université de Namur - URBC Narilis	Patricia RENARD	cell culture	2022-11-08				
581	PXD069027	Biallelic variants in CHCHD4 are associated with combined OXPHOS defect leading to mitochondrial disease	timsTOF HT	TRUE	PASEF	0.9	protocol_text	Homo sapiens (human)	human	Necker Proteomics, Université Paris Cité - Structure Fédérative de Recherche Necker, INSERM US24/CNRS UAR3633, Paris 75015, France.	Ida Chiara Guerrera	fibroblast	2026-01-21				
582	PXD029701	IP-MS of GFP tagged MRV μ2 protein	timsTOF	TRUE	DDA	0.6	software_inference:maxquant	Homo sapiens (human)	human	Département de biochimie et de génomique fonctionnelle, Faculté de Médecine et des Sciences de la Santé, Université de Sherbrooke	Martin Bisaillon	early embryonic cell	2022-06-09				
583	PXD056515	Unraveling the impact of VHL Exon 2 mutations identified in Erythrocytosis or von Hippel-Lindau disease, identified hnRNP F and hnRNP AB as new RNA-Binding Proteins involved in VHL splicing.	timsTOF HT	TRUE	PASEF	0.9	protocol_text	Homo sapiens (human)	human	1 Ecole Pratique des Hautes Etudes, EPHE, Université Paris Sciences et Lettres, Paris, France, 2 Nantes Université, CNRS, INSERM, l'Institut du Thorax, F-44000 Nantes, France,  3 Laboratoire d’Excellence GR-Ex, Paris, France, 75010	Betty Gardie	hela cell	2025-09-25				
584	PXD066005	Generative Deep Learning Pipeline Yields Potent Gram-negative Antibiotics	timsTOF Pro	TRUE	DIA	0.95	experimentTypes	Escherichia coli	ecoli	TUM School of Natural Sciences, Department Biosciences, Chair of Organic Chemistry II, Center for Functional Protein Assemblies (CPA), Technical University Munich (TUM), Ernst-Otto-Fischer Str. 8, Garching, 85748, Germany	Stephan Axel Sieber		2025-10-06				
585	PXD062635	A genome-to-proteome map reveals how natural variants drive proteome diversity and shape fitness	timsTOF HT	FALSE	diaPASEF	0.95	protocol_text	Saccharomyces cerevisiae (baker's yeast)	yeast	Charité – Universitätsmedizin Berlin, Department of Biochemistry, 10117 Berlin, Germany	Markus Ralser		2025-07-10				mixed_instruments
586	PXD061287	Integrated single cell functional-proteomic profiling of human skeletal muscle reveals a shift in cellular specificity in nemaline myopathy	timsTOF	TRUE	diaPASEF	0.95	protocol_text	Homo sapiens (human)	human	Novo Nordisk Foundation Center for Basic Metabolic Research University of Copenhagen, Denmark	Atul Shahaji Deshmukh	skeletal muscle fiber	2025-06-09				
587	PXD055122	Integrative phosphoproteomic analysis reveal hemstatic-endothelial singaling internplay	timsTOF	TRUE	diaPASEF	0.95	protocol_text	Homo sapiens (human)	human	Sanquin Research, Department of Molecular Hematology, Amsterdam, the Netherlands	Arjan Hoogendijk	endothelial cell	2024-11-27				
588	PXD069842	Colonic spatial single-cell proteomics and murine models link mitochondrial dysfunction to dimeric IgA-secreting plasma cell deficiency in Crohn's disease	timsTOF HT	TRUE	single-cell	0.9	protocol_text	Homo sapiens (human)	human	University Hospital Schleswig-Holstein, Campus Lübeck, Department of Surgery	Prof. Dr.	blood plasma	2026-01-13				
589	PXD036746	Function of the Rh5 complex in invasion of human erythrocytes	timsTOF Pro	FALSE	PASEF	0.9	protocol_text	Plasmodium falciparum (isolate 3d7)	plasmodium_falciparum_(isolate	Deputy Director – Science Strategy The Walter and Eliza Hall institute of Medical Research Professor, Department of Medical Biology Faculty of Medicine, Dentistry and Health The University of Melbourne Australia	Alan Cowman	blood cell	2022-12-14				mixed_instruments
590	PXD056978	Rapid Tear Proteomics via In-Capillary Digestion for Biomarker Discovery	timsTOF Pro 2	FALSE	DDA	0.85	protocol_text	Homo sapiens (human)	human	Sewickley Eye Group	Leanne T. Labriola	tear secreting cell	2025-05-07				mixed_instruments
591	PXD061633	Proteome profiling of IEC-6 cells after treatment with Akkermansia muciniphila (AM), Bifidobacterium longum (BL), or AM-BL combination	timsTOF Pro	TRUE	PASEF	0.9	protocol_text	Rattus norvegicus (rat)	rat	Chemical and Biological Engineering, Hong Kong University of Science and Technology (HKUST)	Henry Lam	intestinal epithelial cell	2025-09-24				
592	PXD033844	A cross-disease human microglial framework identifies disease-enriched subsets and tool compounds for microglial polarization.	timsTOF	TRUE	single-cell	0.9	protocol_text	Homo sapiens (human)	human	Center for Translational & Computational Neuroimmunology Department of Neurology 622 West 168th street New York, NY 10032	Philip L. De Jager	microglial cell	2025-05-19				
593	PXD066533	Loss of Cullin 5 in myeloid cells protects against autoimmune neuroinflammation	timsTOF HT	TRUE	diaPASEF	0.95	protocol_text	Mus musculus (mouse)	mouse	Division of Protective Immunity Children’s Hospital of Philadelphia 816F ARC, 3615 Civic Center Boulevard Philadelphia, PA 19104	Dr. Paula M Oliver	t cell	2025-08-04				
594	PXD068620	Exploring How Workflow Variations in Denaturation-Based Assays Impact Global Protein-Protein Interaction Predictions (Influenza A Data)	timsTOF Ultra	TRUE	DIA	0.85	protocol_text	"Homo sapiens (human); Influenza a virus"	"human; influenza_a_virus"	Molecular Biology Department, Princeton University, USA	Ileana M. Cristea	cell culture	2026-02-02				multi_organism
595	PXD056403	Tumor-Derived Exosomal CCT6A Serves as a Matchmaker Introducing Chemokines to Tumor-Associated Macrophages in Pancreatic Ductal Adenocarcinoma	timsTOF Pro 2	TRUE	diaPASEF	0.95	protocol_text	Homo sapiens (human)	human	1 Department of Hepatobiliary & Pancreatic Surgery, Zhongnan Hospital of Wuhan University, Wuhan, 430071, PR China. 2 Clinical Medicine Research Center for Minimally Invasive Procedure of Hepatobiliary & Pancreatic Diseases of Hubei Province, Hubei, PR China. 3 Taikang Center for Life and Medical Sciences of Wuhan University	Yuan Yufeng	neoplastic cell	2025-05-25				
596	PXD060156	Exploring omics-identified antigens and mRNA-lipid nanoparticle vaccines with alpha-galactosylceramide for multiple myeloma therapy	timsTOF SCP	TRUE	PASEF	0.9	protocol_text	Mus musculus (mouse)	mouse	VIB-UGent Center for Medical Biotechnology, VIB, Ghent, Belgium Department of Biomolecular Medicine, Ghent University, Ghent, Belgium	Prof. Francis Impens	blood	2025-05-07				
597	PXD046495	Lactylome analysis reveals potential target modified proteins in the retina of form-deprivation myopia	timsTOF	TRUE	DDA	0.6	software_inference:maxquant	Cavia porcellus (guinea pig)	cavia_porcellus_(guinea_pig)	Affiliated Eye Hospital of Shandong University of Traditional Chinese Medicine	Hongsheng Bi	retina	2024-10-17				
598	PXD021512	Biostimulant impacts of Glutacetine on bread wheat grain proteome	timsTOF Pro	TRUE	PASEF	0.9	protocol_text	Triticum aestivum (wheat)	triticum_aestivum_(wheat)	Normandie Univ, UNICAEN, INRAE, UMR EVA, SFR Normandie Végétal FED4277, Esplanade de la Paix, F-14032 Caen, France	Jean-Christophe AVICE	seed	2021-09-09				
599	PXD044006	High-throughput drug target discovery by fully automated proteomics sample preparation platform	timsTOF Pro	FALSE	DIA	0.85	protocol_text	Homo sapiens (human)	human	Department of Chemistry, Southern University of Science and Technology	Ruijun Tian	myeloid leukocyte	2024-01-16				mixed_instruments
600	PXD058098	A compendium of bona fide reference markers of plant-derived extracellular vesicles and their degree of phylogenetic conservation	timsTOF fleX	TRUE	diaPASEF	0.95	protocol_text	"Arabidopsis thaliana (mouse-ear cress); Brassica oleracea var. oleracea"	"arabidopsis; brassica_oleracea_var._olerace"	Universidad Autónoma de Madrid, Facultad de Medicina.	Fernando de la Cuesta		2025-09-15				multi_organism
601	PXD040042	Proteome analysis of WT and Borcs5 phagosomes from Raw264.7 macrophages	timsTOF SCP	TRUE	PASEF	0.9	protocol_text	Mus musculus (mouse)	mouse	Max Planck Institute for Infection Biology, Berlin, Germany	Olivia Majer	macrophage	2023-11-22				
602	PXD051587	Ergothioneine improves healthspan of aged animals by enhancing cGPDH activity through CSE-dependent persulfidation	timsTOF Pro 2	FALSE	PASEF	0.9	protocol_text	Caenorhabditis elegans	c_elegans	Sulfaging group, Leibniz-Institut für Analytische Wissenschaften – ISAS – e.V., Dortmund, Germany	Milos Filipovic		2025-01-21				mixed_instruments
603	PXD047023	Repression of pervasive transcription is the primary role of RNA polymerase II CTD serine 2 phosphorylation in fission yeast	timsTOF Pro	FALSE	PASEF	0.9	protocol_text	"Schizosaccharomyces pombe; Schizosaccharomyces pombe strain spy73 975 h+"	"schizosaccharomyces_pombe; schizosaccharomyces_pombe_stra"	RNA Group, Dept of Biochemistry & Functional Genomics,  Université de Sherbrooke, Sherbrooke, Québec, Canada	Francois Bachand		2024-05-06				"mixed_instruments; multi_organism"
604	PXD065892	Diagnostics of autoimmune hepatitis enabled by non-invasive clinical proteomics	timsTOF	TRUE	DIA	0.85	protocol_text	Homo sapiens (human)	human	Department of clinical Biochemistry, Copenhagen University Hospital, Bispebjerg and Frederiksberg Hospital, Denmark	Nicolai Jacob Wewer Albrechtsen	liver	2025-07-17				
605	PXD050411	proteomic and metabolomic profiling of methicillin resistant and methicillin sensitive Staphylococcus aureus using a simultaneous extraction protocol	timsTOF	TRUE	DDA	0.6	software_inference:maxquant	Staphylococcus aureus	staphylococcus_aureus	College of Medicine, Mohammed Bin Rashid University of Medicine and Health Science	Abiola Senok		2024-08-10				
606	PXD068262	The selective bromodomain and extra-terminal domain (BET) inhibitor RVX-208 reduces cocaine-seeking behavior and alters proteomic pathways in the nucleus accumbens	timsTOF HT	TRUE	diaPASEF	0.95	protocol_text	Rattus norvegicus (rat)	rat	Director, Proteomics and Metabolomics Facility, Center for Open Research Resources and Equipment, University of Connecticut, Storrs, CT, USA	Jeremy Balsbaugh	brain	2026-01-09				
607	PXD045276	Proteomic Analysis Reveals Trilaciclib-Induced Senescence	timsTOF	FALSE	DIA	0.85	protocol_text	Homo sapiens (human)	human	Biosciences Institute, Faculty of Medical Sciences, Newcastle University, Newcastle upon Tyne, United Kingdom	Matthias Trost	monocyte	2024-06-16				mixed_instruments
608	PXD058626	The MUC5B promoter variant results in proteomic changes in the non-fibrotic lung	timsTOF SCP	TRUE	DDA	0.6	software_inference:msfragger	Homo sapiens (human)	human	University of Colorado, Anschutz Medical Campus	Jeremy Herrera	lung	2025-06-13				
609	PXD052763	Zbtb48 is a regulator of Mtfp1 expression in zebrafish	timsTOF HT	FALSE	DDA	0.85	protocol_text	Danio rerio (zebrafish) (brachydanio rerio)	zebrafish	IMB, Ackermannweg 4, 55128 Mainz	Falk Butter		2025-01-09				mixed_instruments
610	PXD067933	NAT10-mediated ac4C-modification exacerbates ferroptosis by stabilizing HMOX1 in Deep vein thrombosis	timsTOF Pro	TRUE	DDA	0.6	software_inference:maxquant	Mus musculus (mouse)	mouse	Shandong University of Traditional Chinese Medicine	Xia Li	vascular tissue	2026-01-26				
611	PXD018865	Mouse Muscle Stem Cell Proteome during Activation and CPEB1 Dependent Proteome in Mouse Muscle Stem Cell	timsTOF Pro	TRUE	DDA	0.9	experimentTypes	Mus musculus (mouse)	mouse	Division of Life Science, Center for Stem Cell Research, Center of Systems Biology and Human Health, State Key Laboratory in Molecular Neuroscience, Molecular Neuroscience Center, Hong Kong University of Science and Technology, Clear Water Bay, Kowloon, Hong Kong, China.  Guangdong Provincial Key Laboratory of Brain Science, Disease and Drug Development, HKUST Shenzhen Research Institute, Shenzhen-Hong Kong Institute of Brain Science, 518057, Shenzhen, Guangdong, China.	Tom. H. CHEUNG	skeletal muscle satellite cell	2021-11-05				
612	PXD058773	Exploring How Workflow Variations in Denaturation-Based Assays Impact Global Protein-Protein Interaction Predictions	timsTOF Ultra	FALSE	DIA	0.85	protocol_text	Homo sapiens (human)	human	Princeton University, Molecular Biology Department, USA	Ileana M. Cristea	cell culture	2026-02-02				mixed_instruments
613	PXD048892	Peptide clustering enhances large-scale analyses and reveals proteolytic signatures in mass spectrometry data	timsTOF	TRUE	PASEF	0.9	protocol_text	"Homo sapiens (human); Sus scrofa domesticus (domestic pig)"	"human; pig"	Dermatology and Venereology, Lund University, Sweden	Artur Schmidtchen	wound fluid	2024-07-13				multi_organism
614	PXD048053	Proteolytic information flows from human knee osteoarthritic cartilage to synovial fluid and defines the roles of key drug targets -1	timsTOF	TRUE	PASEF	0.9	protocol_text	Homo sapiens (human)	human	Lerner Research Institute, Cleveland Clinic	Suneel Apte	cartilage	2025-02-04				
615	PXD050240	Characterization of Protein Precipitation Methods of Clinical Samples for Simple and Low-Cost Methods to Enhance the Depth and Breadth of Plasma Proteomics	timsTOF fleX	TRUE	diaPASEF	0.95	protocol_text	Homo sapiens (human)	human	Penn State College of Medicine, Department of Medicine, Penn State Cancer Institute.	Chandra P. Belani	blood plasma	2025-05-29				
616	PXD046324	Platelet Proteome in Myeloproliferative Neoplasms	timsTOF	TRUE	PASEF	0.9	protocol_text	Homo sapiens (human)	human	School of Medicine, University College Dublin	Barry Kevane	platelet	2024-10-17				
617	PXD024675	Quantitative phosphoproteomics reveals SnRK1-dependent phosphosites in rice sheaths during grain filling	timsTOF Pro	TRUE	PASEF	0.9	protocol_text	Oryza sativa (rice)	oryza_sativa_(rice)	College of Agriculture, Nanjing Agricultural University, Nanjing, China	Yuxiang Hu	leaf sheath	2022-03-18				
618	PXD042470	The Centriolar Satellite Component CEP131 timely regulates mitochondrial Apoptosis	timsTOF	TRUE	PASEF	0.9	protocol_text	Homo sapiens (human)	human	Team SOAP, CRCI2NA, Nantes University, INSERM, CNRS, Université d’Angers, Nantes, France / Equipe Labellisée Ligue Contre le Cancer, France	Nicolas BIDERE	jurkat cell	2024-01-26				
619	PXD062451	GCLM lactylation mediated by ACAT2 promotes ferroptosis resistance in KRASG12D-mutant cancer	timsTOF Pro 2	TRUE	DIA	0.95	experimentTypes	Homo sapiens (human)	human	Department of General Surgery, Guangdong Provincial People's Hospital (Guangdong Academy of Medical Sciences), Southern Medical University, Guangzhou, 510080, China	Chuanzhao Zhang	primary cell	2025-05-07				
620	PXD035399	Analysis of context-specific KRAS-effectors (sub)complexes in Caco-2 cells	timsTOF	TRUE	PASEF	0.9	protocol_text	Homo sapiens (human)	human	Associate Professor of Systems Biology Department of Molecular Medicine University of Pavia 9, via A Ferrata/ 27100 Pavia / Italy	Christina Kiel	colorectal adenocarcinoma cell line	2023-02-23				
621	PXD054073	Multi-center longitudinal quality assessment of MS-based proteomics in plasma and serum	timsTOF Pro 2	FALSE	DIA	0.85	protocol_text	Homo sapiens (human)	human	Metabolomics and Proteomics Core, Helmholtz Zentrum München, German Research Center for Environmental Health, Munich, Germany	Dr. Stefanie Hauck	blood serum	2025-02-14				mixed_instruments
622	PXD061317	Unveiling Cellular Communications through Rapid Pan-Membrane-Protein Labeling	timsTOF HT	TRUE	PASEF	0.9	protocol_text	Mus musculus (mouse)	mouse	Department of Chemistry, University of Illinois Chicago, Chicago, USA	Alexander Adibekian	dendritic cell	2025-02-28				
623	PXD044680	Targeting cancer-derived extracellular vesicles by combining CD147 inhibition and tissue factor pathway inhibitor for the management of urothelial cancer cells	timsTOF fleX	TRUE	diaPASEF	0.95	protocol_text	Homo sapiens (human)	human	Section for Translational Surgical Oncology and Biobanking, Department of Surgery, University of Lübeck and University Hospital Schleswig-Holstein, Campus Lübeck, Germany	Prof. Dr. Timo Gemoll	epithelial cell	2024-05-21				
624	PXD057141	Proteomics revealed novel functions and drought tolerance of Arabidopsis thaliana protein kinase ATG1	timsTOF Pro	TRUE	DDA	0.6	software_inference:maxquant	Arabidopsis thaliana (mouse-ear cress)	arabidopsis	Lushan Botanical Garden, Jiangxi Province and Chinese Academy of Sciences	Shan Cheng	plant cell	2025-01-20				
625	PXD066833	Uncovering a Fibroblast Differentiation-Based Keloid Classification by Integration of Single-cell and Bulk RNA Sequencing	timsTOF Pro	TRUE	single-cell	0.9	protocol_text	Homo sapiens (human)	human	"Department of Burn Surgery, the First Affiliated Hospital of Naval Medical University, Shanghai, People’s Republic of China; Research Unit of key techniques for treatment of burns and combined burns and trauma injury, Chinese Academy of Medical Sciences, Shanghai, China."	Shizhao Ji	skin	2025-10-06				
626	PXD028585	Proteomic analysis of bovine mammary  epithelial cells after in vitro incubation with S.  agalactiae: potential biomarkers	timsTOF Pro	TRUE	DIA	0.65	software_inference:encyclopedia	Bos taurus (bovine)	bovine	Beijing Key Laboratory for Dairy Cow Nutrition, Beijing University of Agriculture	Jinjin Tong	cell culture	2022-10-13				
627	PXD058376	PCI-DB: A novel primary tissue immunopeptidome database to guide next-generation peptide-based immunotherapy development	timsTOF Pro 2	FALSE	PASEF	0.9	protocol_text	Homo sapiens (human)	human	Department of Peptide-based Immunotherapy	Prof. Dr. med. Juliane Walz	ovary	2025-04-04				mixed_instruments
628	PXD058328	Ocular Inoculation of Toad Venom: Toxic Cataract and Proteomic Profiling	timsTOF Pro 2	TRUE	PASEF	0.9	protocol_text	Homo sapiens (human)	human	Eye Center of the 2nd Affiliated Hospital, School of Medicine, Zhejiang University, Hangzhou, Zhejiang Province, China	Wen Xu	lens	2025-05-13				
629	PXD046755	Insulin and Exercise-induced Phosphoproteomics of Human Skeletal Muscle Identify REPS1 as a New Regulator of Muscle Glucose Uptake	timsTOF Pro 2	FALSE	PASEF	0.9	protocol_text	"Homo sapiens (human); Mus musculus (mouse)"	"human; mouse"	Novo Nordisk Foundation Center for Basic Metabolic Research, University of Copenhagen	Deshmukh lab	skeletal muscle cell	2025-06-06				"mixed_instruments; multi_organism"
630	PXD057102	IKKα modulates colorectal cancer metastasis by counteracting tight junction stabilization and collective cell migration.	timsTOF Pro	TRUE	single-cell	0.9	protocol_text	Homo sapiens (human)	human	1Cancer Research Program, Hospital del Mar Research Institute, Doctor Aiguader 88, Barcelona 08003, Spain. Centro de Investigación Biomédica en Red Cáncer (CIBERONC), Madrid, Spain.	Prof Lluís Espinosa	malignant cell	2025-12-01				
631	PXD046184	Endogenously produced cyanide supports bioenergetics and exerts cytoprotective effects in mammals_HepG2 cells treated with 10mM Glycine, Glycine/Serine free medium or untreated	timsTOF Pro 2	TRUE	PASEF	0.9	protocol_text	Homo sapiens (human)	human	Leibniz Institute for Analytical Sciences - ISAS - eV	Dr Milos	hepg2 cell	2025-05-06				
632	PXD044455	AP-MS with VAR2CSA and oncofetal chondroitin sulfate antibodies	timsTOF Pro 2	TRUE	PASEF	0.9	protocol_text	Homo sapiens (human)	human	Centre for Medical Parasitology at Department for Immunology and Microbiology, Faculty of Health and Medical Sciences, University of Copenhagen	Ali Salanti	prostate cancer cell line	2024-08-31				
633	PXD043456	Data in support of Comparative Proteomics Analysis in Different Stages of Urothelial Bladder Cancer for Identification of Potential Biomarkers	timsTOF Pro 2	TRUE	PASEF	0.9	protocol_text	Homo sapiens (human)	human	Aalborg University	Allan Stensballe	urinary bladder cancer cell	2025-05-06				
634	PXD051795	Single-cell-type Spatial Proteomics Unveils Precision Medicine Insights in Composite Small Lymphocytic and Classical Hodgkin Lymphoma	timsTOF Pro	TRUE	single-cell	0.9	protocol_text	Homo sapiens (human)	human	"1. Novo Nordisk Foundation Center for Protein Research, University of Copenhagen, Copenhagen, Denmark; 2. Proteomics and Singal Transduction, Max Planck Institute of Biochemistry, Martinsried, Germany"	Matthias Mann	b cell	2024-10-29				
635	PXD061221	NAD Depletion in Skeletal Muscle does not Compromise Muscle Function or Accelerate Aging	timsTOF	TRUE	diaPASEF	0.95	protocol_text	Mus musculus (mouse)	mouse	Novo Nordisk Foundation Center for Basic Metabolic Reseach, Faculty of Health and Medical Sciences, University of Copenhagen, Denmark	Jonas Thue Treebak	skeletal muscle	2025-04-23				
636	PXD053812	Multi-center study of E.coli colonies as a proof of concept for federated proteomics.	timsTOF Pro	FALSE	DIA	0.85	protocol_text	Escherichia coli	ecoli	Institute for Computational Systems Biology, University of Hamburg, Hamburg, Germany	Prof. Dr. Jan Baumbach		2025-04-29				mixed_instruments
637	PXD057632	A Robust Multiplex-DIA Workflow Profiles Protein Turnover Regulations Associated with Cisplatin Resistance and Aneuploidy	timsTOF Ultra	FALSE	DIA	0.85	protocol_text	Homo sapiens (human)	human	Department of Pharmacology, Yale University School of Medicine, New Haven, CT 06520, USA	Yansheng Liu	cell culture	2025-05-14				mixed_instruments
638	PXD066993	Spatial omics of acute myocardial infarction reveals a novel mode of immune cell infiltration	timsTOF SCP	TRUE	diaPASEF	0.95	protocol_text	Mus musculus (mouse)	mouse	Max-Delbrück-Center for Molecular Medicine in the Helmholtz Association (MDC), Berlin, Germany	Fabian Coscia	heart	2025-08-16				
639	PXD058960	Ontology-guided clustering enables proteomic analysis of rare pediatric disorders	timsTOF HT	TRUE	diaPASEF	0.95	protocol_text	Homo sapiens (human)	human	Head of Department of Proteomics and Signal Transduction, Max Planck Institute of Biochemistry	Matthias Mann	urine	2025-06-10				
640	PXD053060	A histone deacetylase confers plant tolerance to heat stress by controlling protein lysine deacetylation and stress granule formation in rice	timsTOF Pro	TRUE	PASEF	0.9	protocol_text	Oryza sativa (rice)	oryza_sativa_(rice)	Affiliation of Zhengting Chen, Jing Wang, Hebo Zhao, Yaping Yue, Biao Liu, Yu Zhao, Dao-Xiu Zhou:  National Key Laboratory of Crop Genetic Improvement, Hubei Hongshan Laboratory, Huazhong Agricultural University, 430070 Wuhan, China	Zhengting Chen, Qiutao Xu, Jing Wang, Hebo Zhao, Yaping Yue, Biao Liu, Yu Zhao, Dao-Xiu Zhou	leaf	2024-09-04				
641	PXD065556	Integrated Metabolomics and Proteomics Analysis Reveals the Mechanisms of Banxia-Xiexin Decoction in Colitis-Associated Colorectal Cancer	timsTOF Pro 2	TRUE	diaPASEF	0.95	protocol_text	Mus musculus (mouse)	mouse	Changchun University of  Chinese Medicine	Xuelian Dong	colon	2025-11-10				
642	PXD041325	Metabolic enhancement of developmental pausing (embryos)	timsTOF SCP	TRUE	PASEF	0.9	protocol_text	Mus musculus (mouse)	mouse	Max-Planck-Institut für molekulare Genetik Aydan Bulut-Karslioglu, PhD Ihnestraße 63-73 14195 Berlin, Germany	Aydan Bulut-Karslioglu	embryo	2023-11-06				
643	PXD048754	Yeast Serine palmitoyl transferase interaction proteomics	timsTOF	TRUE	DDA	0.6	software_inference:maxquant	"Saccharomyces cerevisiae (baker's yeast); Saccharomyces cerevisiae"	"yeast; yeast"	Osnabrück University Department of Biology/Chemistry Bioanalytical Chemistry Section	Florian Fröhlich		2024-09-12				multi_organism
644	PXD043757	Activation of multiple stress responses in Staphylococcus aureus substantially lowers the MIC when combining two novel antibiotic drug candidates	timsTOF	TRUE	DDA	0.6	software_inference:maxquant	Staphylococcus aureus	staphylococcus_aureus	Department of Clinical and Molecular Medicine Faculty of Medicine and Health Sciences Norwegian University of Science and Technology Trondheim, Norway	Marit Otterlei		2023-09-13				
645	PXD066684	Drug Screening in 3D Microtumors Reveals DDR1/2-MAPK12-GLI1 as a Vulnerability in Cancer-Associated Fibroblasts	timsTOF Pro	TRUE	PASEF	0.9	protocol_text	Mus musculus (mouse)	mouse	Human Biology Division, Fred Hutchinson Cancer Research Center, Seattle, WA, USA  Department of Pharmacology, University of Washington, Seattle, WA, USA	Taranjit S Gujral	pancreatic cancer cell	2025-08-15				
646	PXD066317	Extracellular vesicles from obese visceral adipose promote pancreatic cancer development and resistance to immune checkpoint blockade therapy	timsTOF Pro	TRUE	PASEF	0.9	protocol_text	Mus musculus (mouse)	mouse	Sun Yat-sen University Cancer Center (SYSUCC)	Claire Chow	adipose tissue	2025-10-29				
647	PXD036009	N7-methylguanosine methylation of tRNAs regulates survival to stress in cancer	timsTOF Pro	TRUE	PASEF	0.9	protocol_text	Mus musculus (mouse)	mouse	Proteomics Service Bizakia Tech. Park Build. 800 Derio 48160 (Spain)	Felix Elortza	prostate adenocarcinoma	2024-01-26				
648	PXD030959	Differential cell survival outcomes in response to diverse amino acid stress	timsTOF Pro	FALSE	DIA	0.65	software_inference:spectronaut	"Mus musculus (mouse); Saccharomyces cerevisiae (baker's yeast)"	"mouse; yeast"	Department of Immunoregulation, Max Planck Institute of Biochemistry, 82152, Martinsried, Germany	Peter J.	embryonic stem cell	2025-04-01				"mixed_instruments; multi_organism"
649	PXD028051	Specific deletion of protein phosphatase 6 catalytic subunit in Sertoli cells leads to disruption of spermatogenesis	timsTOF Pro	TRUE	DIA	0.65	software_inference:encyclopedia	Mus musculus (mouse)	mouse	Department of Reproductive Medicine, Peking University Shenzhen Hospital,  Shenzhen 518036, China	Wen-Long Lei	testis	2022-02-15				
650	PXD058194	The adaptor protein AP-3β disassembles heat-induced stress granules via 19S RP-associated deubiquitylation in Arabidopsis	timsTOF Pro	TRUE	diaPASEF	0.95	protocol_text	Arabidopsis thaliana (mouse-ear cress)	arabidopsis	Shenzhen Key Laboratory of Plant Genetic Engineering and Molecular Design, Institute of Plant and Food Science, Department of Biology, School of Life Sciences, Southern University of Science and Technology, Shenzhen 518055, China	Ruixi Li	plant cell	2025-01-24				
651	PXD025233	Structured elements drive circular RNA translation and expand the human proteome, part3	timsTOF Pro	TRUE	DDA	0.9	experimentTypes	Homo sapiens (human)	human	Baxter Laboratory for Stem Cell Biology Department of Microbiology & Immunology Stanford University School of Medicine 269 Campus Drive CCSR 3205b Stanford, CA 94305, USA	Peter K. Jackson	leukocyte	2021-08-25				
652	PXD071471	Salivary proteome and microbiome in pregnancy and postpartum: An exploratory study on the relation with arterial hypertension	timsTOF SCP	TRUE	PASEF	0.9	protocol_text	Homo sapiens (human)	human	Laboratory of Structural Biology and Cell Signalling BIOCEV - Institute of Microbiology, v. v. i., The Czech Academy of Sciences	Petr Novak	saliva	2025-12-03				
653	PXD022217	Schwann cell plasticity regulates neuroblastic tumor cell differentiation - phosphoproteomics	timsTOF Pro	TRUE	DDA	0.6	software_inference:maxquant	Homo sapiens (human)	human	University of Vienna, Department of Analytical Chemistry, Joint Metabolome Facility	Christopher Gerner	neuroblastoma cell line	2021-01-04				
654	PXD054471	Targeting nucleoporin 214 selectively eliminates leukemia stem cells	timsTOF	TRUE	PASEF	0.9	protocol_text	Mus musculus (mouse)	mouse	School of Basic Medical Sciences, Chongqing Medical Universityqing Medical Universityic Medical Sciences, Chongqing Medical University	Zhe Chen	bone marrow	2025-07-26				
655	PXD044512	A cytoplasmic chemoreceptor and Reactive Oxygen Species mediate bacterial chemotaxis to copper	timsTOF Pro	TRUE	PASEF	0.9	protocol_text	"Bacteria; Caulobacter vibrioides"	"bacteria; caulobacter_vibrioides"	Research Unit in Microorganisms Biology (URBM), Narilis Institute, University of Namur, Namur, Belgium.	Prof. Jean-Yves MATROULE		2023-09-05				multi_organism
656	PXD028950	Impact of fetal growth restriction on neonatal microglia proteome in rat.	timsTOF Pro	TRUE	PASEF	0.9	protocol_text	Rattus norvegicus (rat)	rat	Université de Paris, Inserm UMR 1141 NeuroDiderot, F-75019Paris	Olivier Baud	microglial cell	2021-12-17				
657	PXD068788	Identification and functional validation of intracellular protein partners of phosphorothioate-splice switching oligonucleotides through AP-MS	timsTOF Pro	TRUE	diaPASEF	0.95	protocol_text	Homo sapiens (human)	human	Université Paris-Saclay, UVSQ, Inserm, END-ICAP, 78000 Versailles, France	Aurélie GOYENVALLE	myoblast	2026-01-20				
658	PXD064643	Biopsy-derived colonoid monolayers reveal a range of persistent mucosal defects in patients with ulcerative colitis	timsTOF Pro	TRUE	diaPASEF	0.95	protocol_text	Homo sapiens (human)	human	Division of Gastroenterology, Hepatology and Nutrition, Department of Pediatrics, University of British Columbia, Vancouver, BC, Canada	Bruce A. Vallance	colonic mucosa	2026-01-29				
659	PXD056566	Comparative analysis of the Progesterone Receptor interactome in the human ovarian granulosa cell line KGN and other female reproductive cells	timsTOF Pro	TRUE	diaPASEF	0.95	protocol_text	Homo sapiens (human)	human	Senior Postdoctoral Researcher School of Biomedicine, Discipline of Reproduction and Development Robinson Research Institute, The University of AdelaideAdelaide SA 5005, Australia	Dr Natalie J Foot	granulosa cell	2025-05-06				
660	PXD047793	A hybrid DDA/DIA-PASEF based assay library for a deep proteotyping of triple-negative breast cancer	timsTOF Pro	TRUE	diaPASEF	0.95	protocol_text	Homo sapiens (human)	human	Masaryk University, Faculty of Science	Pavel Bouchal	breast	2024-05-31				
661	PXD032269	Lung cancer biomarkers in sputum samples using diaPASEF LC-MS proteomics	timsTOF Pro	TRUE	diaPASEF	0.95	protocol_text	Homo sapiens (human)	human	Spanish National Research Council & INiBICA	Ignacio Ortea	sputum	2022-10-14				
662	PXD025277	DIA-based proteome profiling of nasopharyngeal swabs from COVID-19 patients	timsTOF Pro	TRUE	diaPASEF	0.95	protocol_text	Homo sapiens (human)	human	Department of Laboratory Medicine and Pathology & Center for Individualized Medicine Mayo Clinic Rochester MN 55905, USA	Akhilesh Pandey	nasopharynx	2021-09-10				
663	PXD047727	Identification of potential interactors of NKS1 and QUA1	timsTOF	TRUE	PASEF	0.9	protocol_text	Arabidopsis thaliana (mouse-ear cress)	arabidopsis	University of Copenhagen	Staffan Persson	leaf	2024-03-20				
664	PXD043382	Proteomics analysis of JOSD2-overexpression in NIH/3T3 cells	timsTOF Pro 2	TRUE	PASEF	0.9	protocol_text	Mus musculus (mouse)	mouse	Wenzhou Medical University	Jibo Han	fibroblast	2023-06-30				
665	PXD043370	µPhos: a scalable and sensitive platform for functional phosphoproteomics	timsTOF	TRUE	DIA	0.85	keywords	"Homo sapiens (human); Mus musculus (mouse)"	"human; mouse"	Functional Proteomics Lab, University Clinics Jena, Thuringia, Germany	Jun-Prof. Florian Meier	blood cell	2024-05-27				multi_organism
666	PXD061304	Parenchymal and Dyshorric Fibrillar Amyloid Pathology in the rTg-D Rat Model of Cerebral Amyloid Angiopathy Type-2	timsTOF Pro 2	TRUE	diaPASEF	0.95	protocol_text	Rattus norvegicus (rat)	rat	University of Rhode Island	William E. Van Nostrand	brain	2025-11-17				
667	PXD042381	An integrated multi-omics analysis of identiﬁes distinct molecular characteristics in pulmonary infections of Pseudomonas aeruginosa	timsTOF Pro 2	TRUE	DIA	0.65	software_inference:spectronaut	Mus musculus (mouse)	mouse	State Key Laboratory of Biotherapy West China Hospital, Sichuan University	Yang Yang	lung	2023-07-27				
668	PXD073058	Mechanism of beta-arrestin 1 mediated Src activation via Src SH3 domain revealed by cryo-electron microscopy	timsTOF Pro 2	TRUE	DDA	0.85	protocol_text	"Homo sapiens (human); Rattus norvegicus (rat)"	"human; rat"	Center for Proteomics & Artificial Intelligence, Allegheny Health Network Cancer Institute, Pittsburgh, PA 15202, USA	Kunhong Xiao	early embryonic cell	2026-01-27				multi_organism
669	PXD062729	A novel SUN1-ALLAN complex coordinates segregation of the bipartite MTOC across the nuclear envelope during rapid closed mitosis in Plasmodium	timsTOF Pro	FALSE	DDA	0.6	software_inference:msfragger	Plasmodium berghei anka	plasmodium_berghei_anka	School of Life Sciences, University of Nottingham Nottingham UK	Professor Rita Tewari		2025-05-19				mixed_instruments
670	PXD034845	Oxonium Ion-Guided Ion Mobility-Assisted Glycoproteomics on the timsTOF Pro	timsTOF Pro 2	TRUE	DDA	0.6	software_inference:msfragger	Homo sapiens (human)	human	Biomolecular Mass Spectrometry and Proteomics, Bijvoet Center for Biomolecular Research and Utrecht Institute for Pharmaceutical Sciences, University of Utrecht  Netherlands Proteomics Center, Padualaan 8, 3584 CH Utrecht, The Netherlands	Albert J.R. Heck	neutrophil	2023-01-17				
671	PXD042753	Employing Hindlimb Unloading Model for The Identification of Serum Biomarkers Associated with Cardiovascular and Skeletal Muscle Deconditioning.	timsTOF	TRUE	DDA	0.6	software_inference:maxquant	Mus musculus (mouse)	mouse	1 - College of Pharmacy, University of Sharjah, Sharjah 2 - Sharjah Institute for Medical Research, University of Sharjah, Sharjah	Mohammad H Semreen	blood serum	2024-01-26				
672	PXD055124	Endothelial Colony Forming Cells Characteristics in a healthy and VWD patient cohort.	timsTOF	TRUE	diaPASEF	0.95	protocol_text	Homo sapiens (human)	human	Department of Molecular Hematology, Sanquin Research, Amsterdam, the Netherlands	Maartje van den Biggelaar	endothelial cell	2024-11-28				
673	PXD042083	Pre-treatment of Interferon-α stimulates DHX58 to prevent hepatic ferroptosis	timsTOF	TRUE	DDA	0.6	software_inference:maxquant	Mus musculus (mouse)	mouse	National Key Laboratory of Medical Immunology & Institute of Immunology, Second Military Medical University	Kaiwei jia	liver	2024-05-24				
674	PXD066360	Structural and Functional Analysis of ASFV pI73R Reveals GNB1 Binding and Host Gene Modulation	timsTOF Pro	TRUE	PASEF	0.9	protocol_text	Sus scrofa domesticus (domestic pig)	pig	Institute of Molecular Virology and Cell Biology, Friedrich-Loeffler-Institut, Federal Research Institute for Animal Health, Südufer 10, 17493 Greifswald-Insel Riems,Germany	Katarzyna Dolata	epithelial cell	2026-01-05				
675	PXD053022	Dysregulated Skeletal Muscle Myosin Super-relaxation in Type II, but Not Type I, Diabetes Mellitus	timsTOF	TRUE	diaPASEF	0.95	protocol_text	Homo sapiens (human)	human	University of Copenhagen, Novo Nordisk Foundation Center for Basic Metabolic Research	Atul Shahaji Deshmukh	skeletal muscle fiber	2025-04-29				
676	PXD029836	dia-PASEF HeLa dilution series 0.2ng - 200ng on Bruker timsTOF Pro 2	timsTOF	TRUE	diaPASEF	0.95	protocol_text	Homo sapiens (human)	human	Charité – Universitätsmedizin Berlin	Markus Ralser	hela cell	2022-06-20				
677	PXD055855	Protein surface chemistry encodes an adaptive tolerance to desiccation	timsTOF Pro 2	TRUE	DDA	0.6	software_inference:msfragger	Saccharomyces cerevisiae (baker's yeast)	yeast	Department of Chemistry and Biochemistry, UC Merced  & Department of Chemistry, Syracuse University	Shahar Sukenik		2025-09-25				
678	PXD052228	ACL1-HD-Zip IV complex revealed common mechanism in rice response to brown planthopper and drought. Being a small peptide, ACL1 might function through forming complex with other proteins. So that we searched the possible interacting proteins of ACL1 using the TurboID system.	timsTOF Pro 2	TRUE	DIA	0.65	software_inference:spectronaut	Oryza sativa (rice)	oryza_sativa_(rice)	CAS Center for Excellence in Molecular Plant Sciences	Zhihuan Tao		2024-08-13				
679	PXD055475	A dual-mechanism antimicrobial peptide with antimutagenic activity targets the replisome and induces cell envelope stress	timsTOF Pro 2	TRUE	PASEF	0.9	protocol_text	"Escherichia coli; Bacteria"	"ecoli; bacteria"	Department of Clinical and Molecular Medicine, Norwegian University of Science and Technology (NTNU), PO Box 8905, N-7491, Trondheim, Norway Phone: +47 72573075,	Marit Otterlei		2025-08-24				multi_organism
680	PXD070049	LFQ Benchmark Dataset - Generation Beta: Assessing Modern Proteomics Instruments and Acquisition Workflows with High-Throughput LC Gradients	timsTOF Ultra	FALSE	single-cell	0.9	protocol_text	"Homo sapiens (human); Saccharomyces cerevisiae (baker's yeast); Escherichia coli; Saccharomyces cerevisiae"	"human; yeast; ecoli; yeast"	ProGenTomics, Laboratory of Pharmaceutical Biotechnology,Ghent University	Maarten Dhaenens		2026-02-03				"mixed_instruments; multi_organism"
681	PXD051502	Relocalizing transcriptional kinases to activate apoptosis_Proteomics Data	timsTOF HT	TRUE	diaPASEF	0.95	protocol_text	Homo sapiens (human)	human	Professor of Chemical and Systems Biology at Stanford	Nathanael S.	b cell	2024-12-20				
682	PXD067099	High throughput tear proteomics with data independent acquisition enables biomarker discovery in allergic conditions	timsTOF Pro 2	TRUE	diaPASEF	0.95	protocol_text	Homo sapiens (human)	human	Laboratorio de Neuroinmunologia, Escuela de Tecnologia Medica, Facultad de Ciencias, Universidad San Sebastian, sede Concepcion, Concepcion, Chile.	Karina Oyarce	tear	2025-08-25				
683	PXD070494	Pre- and Post- NACT ovarian cancer	timsTOF Pro	TRUE	PASEF	0.9	protocol_text	Homo sapiens (human)	human	Washington University in St Louis	Mark Valentine	ovary cancer cell	2025-11-10				
684	PXD070500	The proteome of bilateral macronodular adrenocortical disease (BMAD) shows different profiles correlating with the genetic causes and reveals specific dysregulation of RNA polymerase II and cholesterol biosynthesis enzymes.	timsTOF Pro	TRUE	PASEF	0.9	protocol_text	Homo sapiens (human)	human	1. Paris-Cité university, Cochin institute CNRS UMR8104, Inserm U1016, 24 rue du faubourg Saint Jacques 75014 Paris, France 2. Department of Endocrinology and National Reference Center for Rare Adrenal Disorders, Cochin hospital, Assistance Publique Hôpitaux de Paris, 24 rue du faubourg Saint Jacques 75014 Paris, France	Jérôme Bertherat	adrenal gland	2025-12-16				
685	PXD056080	Distinct interactomes of ADAR1 nuclear and cytoplasmic protein isoforms and their responses to Interferon induction	timsTOF Pro	TRUE	PASEF	0.9	protocol_text	Homo sapiens (human)	human	CEITEC, Masaryk University Molecular medicine, RNA and immunity, CEITEC, Masaryk University	Prof. Mary Anne O´Connell, Ph.D.	a-549 cell	2024-12-08				
686	PXD055131	Proteomic analysis of the eutopic endometrium of patients with internal or external ademomyosis	timsTOF Pro	TRUE	PASEF	0.9	protocol_text	Homo sapiens (human)	human	Proteomics Platform CIC bioGUNE Bizkaia Tech. Park Build. 800 4860 Derio (Spain)	Felix Elortza	uterine endometrium	2025-01-14				
687	PXD048960	The proteome of Tumor-associated macrophages in laryngeal squamous cell carcinoma	timsTOF Pro	TRUE	PASEF	0.9	protocol_text	Homo sapiens (human)	human	The First Affiliated Hospital of Harbin Medical University	Linli Tian	larynx	2024-02-29				
688	PXD041736	Label-free Quantification of Host-Cell Protein Impurity in a Recombinant Hemoglobin Reference Material	timsTOF Pro	TRUE	PASEF	0.9	protocol_text	"Homo sapiens (human); Saccharomyces cerevisiae (baker's yeast); Escherichia coli"	"human; yeast; ecoli"	Physikalisch-Technische Bundesanstalt (PTB),  Braunschweig und Berlin, D-38116 Braunschweig, Germany	Cristian Arsene	disease free	2023-05-09				multi_organism
689	PXD033697	Proteomics analysis of early stages of human osteoblasts osteogenic differentiation in vitro	timsTOF Pro	TRUE	PASEF	0.9	protocol_text	Homo sapiens (human)	human	Institute of cytology of the Russian Academy of Science	Anna B. Malashicheva	osteoblast	2022-12-25				
690	PXD032894	Sweat proteomic of cystic fibrosis patients	timsTOF Pro	TRUE	PASEF	0.9	protocol_text	Homo sapiens (human)	human	Structure Fédérative de Recherche Necker, INSERM US24-CNRS UAR3633, Paris, France	Chiara Guerrera	sweat	2023-03-11				
691	PXD030141	Guanosine-7 tRNA methylation steers tRNA-derived fragment biogenesis and translational control in prostate cancer	timsTOF Pro	TRUE	PASEF	0.9	protocol_text	Homo sapiens (human)	human	Proteomics Platform CIC bioGUNE, Bizkaia Tec. Park Build. 800, derio 48160 Bizkaia (Spain)	Felix Elortza	prostate gland	2023-10-24				
692	PXD025559	Global Phosphoproteomics Reveals Molecular Networks in Systemic Lupus Erythematosus	timsTOF Pro	TRUE	PASEF	0.9	protocol_text	Homo sapiens (human)	human	Shenzhen People’s Hospital	Shuhui Meng	peripheral blood mononuclear cell	2023-03-11				
693	PXD022571	Pevonedistat inhibits aberrant protein NEDDylation in Polycystic Liver Diseases.	timsTOF Pro	TRUE	PASEF	0.9	protocol_text	Homo sapiens (human)	human	Proteomics Service CIC bioGUNE, Derio, Spain	Felix Elortza	cholangiocyte	2022-02-16				
694	PXD049325	Integrative single-plaque analysis reveals signature Aβ and lipid profiles in the Alzheimer’s brain	timsTOF fleX	FALSE	DDA	0.6	software_inference:maxquant	Homo sapiens (human)	human	Center for Mass Spectrometry and Optical Spectroscopy (CeMOS), Mannheim University of Applied Sciences, Paul-Wittsack Str. 10, 68163, Mannheim, Germany.  Mannheim Center for Translational Neuroscience (MCTN), Medical Faculty Mannheim, Heidelberg University, 69120 Heidelberg, Germany.  Medical Faculty, Heidelberg University, 69120 Heidelberg, Germany.	Carsten Hopf	brain	2024-06-06				mixed_instruments
695	PXD016043	Extrinsic inflammatory, but not intrinsic oligodendroglial factors contribute to oligodendroglial differentiation block in multiple sclerosis	timsTOF Pro	TRUE	PASEF	0.9	protocol_text	Homo sapiens (human)	human	Max Planck Institute for Biomedical Research Bioanalytical Mass Spectrometry Unit Röntgenstr. 20 48149 Münster Germany	Hannes C. A. Drexler	oligodendrocyte	2020-09-04				
696	PXD067092	Proteomic analysis of regulated dendritic cell endosomes reveals dynamic adaptation to antigen uptake and cross-presentation	timsTOF Pro 2	TRUE	diaPASEF	0.95	protocol_text	Mus musculus (mouse)	mouse	Necker Proteomics, Université Paris Cité - Structure Fédérative de Recherche Necker, INSERM US24/CNRS UAR3633, Paris 75015, France.	Ida Chiara Guerrera	dendritic cell	2026-02-09				
697	PXD057537	Microbial metabolite Indole-3-propionic acid drives mitochondrial respiration in CD4+ T cells to confer protection against intestinal inflammation	timsTOF Pro 2	TRUE	diaPASEF	0.95	protocol_text	Mus musculus (mouse)	mouse	Sorbonne  Université, INSERM UMRS-938, Centre de Recherche Saint-Antoine, CRSA, AP-HP, Paris, France.	Harry Sokol	t cell	2025-08-28				
698	PXD058023	Protein lactylation promotes AKI–CKD transition in mice	timsTOF Pro	TRUE	DDA	0.6	software_inference:maxquant	Mus musculus (mouse)	mouse	Department of Nephrology, Daping hospital, Army Medical Center, Army Medical University, Chongqing, China	Kehong Chen	kidney	2025-07-07				
699	PXD032847	Systematic identification of cell fate regulatory programs using a single-cell atlas of mouse development	timsTOF Pro	TRUE	single-cell	0.9	protocol_text	Mus musculus (mouse)	mouse	Zhejiang University	Guoji Guo	embryo	2022-04-08				
700	PXD022053	Dynamic responses of barley root quantitative succinyl-proteome to short-term phosphate starvation and recovery	timsTOF Pro	TRUE	DDA	0.6	software_inference:maxquant	Hordeum vulgare (barley)	hordeum_vulgare_(barley)	Gansu Provincial Key Lab of Aridland Crop Science/ Gansu Agricultural University, Lanzhou, China	Wang juncheng	root	2021-03-31				
701	PXD054169	Insights into the role of VPS39 and its interaction with CP204L and A137R in ASFV infection	timsTOF Pro	TRUE	PASEF	0.9	protocol_text	Sus scrofa domesticus (domestic pig)	pig	Institute of Molecular Virology and Cell Biology, Friedrich-Loeffler-Institut, Federal Research Institute for Animal Health, Südufer 10, 17493 Greifswald-Insel Riem,Germany	Axel Karger	epithelial cell	2024-09-17				
702	PXD053191	the quantitative proteome of B. subtilis DK1042 strain and DS7906 strain	timsTOF Pro	TRUE	PASEF	0.9	protocol_text	Bacillus subtilis	bacillus_subtilis	School of Life Sciences, Central China Normal University, Wuhan, Hubei province, China	Xiongfeng Dai & Manlu Zhu	cell culture	2024-11-02				
703	PXD052416	Chromatography without a Binary Pump: Smoothed Step Gradients Enable Reproducible, Sensitive, and Low-Cost Nanoflow Separations	timsTOF Ultra	TRUE	single-cell	0.9	protocol_text	Homo sapiens (human)	human	Department of Chemistry and Biochemistry, Brigham Young University, Provo, Utah, United States of America	Ryan T. Kelly		2025-05-07				
704	PXD045665	Loss of lysosomal acid lipase results in mitochondrial dysfunction and fiber switch in skeletal muscles of mice	timsTOF Pro	TRUE	DIA	0.85	protocol_text	Mus musculus (mouse)	mouse	"Faculty of Technical Chemistry, Institute of Chemical Technologies and Analytics, Technische Universität Wien (TU Wien), 1060 Vienna, Austria;  Diagnostic and Research Institute of Pathology, Medical University of Graz, 8010 Graz, Austria;  BiotechMed-Graz, 8010 Graz, Austria;"	Ruth Birner-Gruenberger	skeletal muscle	2024-01-26				
705	PXD043565	VCF1 is a p97 cofactor promoting recruitment of p97-UFD1-NPL4 to ubiquitylated substrates	timsTOF	TRUE	PASEF	0.9	protocol_text	Homo sapiens (human)	human	Universisity of Copehangen, Novo Nordisk Foundation Center for Protein Research	Andreas Mund	permanent cell line cell	2024-03-14				
706	PXD051430	Differential expression of proteins in hematopoietic stem/progenitor cells lacking the Cullin-5 protein	timsTOF Pro	TRUE	diaPASEF	0.95	protocol_text	Mus musculus (mouse)	mouse	Professor Warren S Alexander The Walter and Eliza Hall Institute of Medical Research Theme Leader, Cancer Research and Treatments Laboratory Head, Blood Cells and Blood Cancer Division WEHI Professor of Medical Biology Honorary Professor, Department of Medical Biology, University of Melbourne	Prof. Warren Alexander	stem cell	2025-01-26				
707	PXD061651	Divergent Plasmodium kinases drive MTOC, kinetochore and axoneme organisation in male gametogenesis	timsTOF Pro	TRUE	DDA	0.6	software_inference:msfragger	Plasmodium berghei anka	plasmodium_berghei_anka	University of Nottingham School of Life Sciences Queens Medical Centre Nottingham NG7 2UH United Kingdom	Professor Rita Tewari		2025-03-18				
708	PXD063673	Comparison of deep plasma proteome enrichment methods	timsTOF HT	TRUE	DIA	0.85	protocol_text	Homo sapiens (human)	human	Necker Proteomics, Université Paris Cité - Structure Fédérative de Recherche Necker, INSERM US24/CNRS UAR3633, Paris, France.	Ida Chiara Guerrera	blood plasma	2025-10-17				
709	PXD017704	Protein Kinase A interacting proteins	timsTOF Pro	TRUE	unknown	0.0	none	Homo sapiens (human)	human	Professor of Pediatrics and Genetics co-Director of the Cancer Biology PhD program Harriet and Mary Zelencik Scientist in Children's Cancer and Blood Diseases 265 Campus Drive, SIM1 Bldg - Rm G2078a - Stanford, CA 94305-5457, USA	Julian Sage	lung	2020-06-17				unknown_acquisition_mode
710	PXD059651	Structural basis for malate-driven, pore lipid-regulated activation of the Arabidopsis vacuolar anion channel ALMT9.	timsTOF Pro 2	TRUE	DDA	0.9	experimentTypes	Arabidopsis thaliana (mouse-ear cress)	arabidopsis	Integrated Metabolomics Research Group, Metropolitan Seoul Center, Korea Basic Science Institute, Republic of Korea	Geum-Sook Hwang	cell culture	2025-03-04				
711	PXD059685	Proteomics study of right atrium in patients with atrial fibrillation after coronary artery bypass grafting	timsTOF HT	TRUE	DIA	0.95	experimentTypes	Homo sapiens (human)	human	Department of Cardiovascular Surgery & The Institute of Cardiovascular Diseases, TEDA International Cardiovascular Hospital, Tianjin University & Chinese Academy of Medical Sciences, Tianjin, 300457, China	Hou HT	heart	2025-08-11				
712	PXD059051	Human 1.4E7 cell line, ECACC#10070102, LC-MSMS	timsTOF Pro 2	TRUE	PASEF	0.9	protocol_text	Homo sapiens (human)	human	IECM, Oniris, INRAE	Julie HERVE	pancreas	2025-04-25				
713	PXD041849	Mice retina proteomic in the study of gaptch11 in Leber Congenial Amaurosis	timsTOF	TRUE	PASEF	0.9	protocol_text	Mus musculus (mouse)	mouse	Proteomic Plateform Necker - SFR Necker - US24	Chiara Guerrera	retina	2024-09-27				
714	PXD047394	SOS Genes Are Rapidly Induced While Mutagenesis Is Temporally Regulated by Changes in Protein Activation and Nucleotide Pools After a Sub-lethal Dose of Ciprofloxacin in Escherichia coli	timsTOF Pro 2	TRUE	PASEF	0.9	protocol_text	Escherichia coli	ecoli	Department of Clinical and Molecular Medicine, Norwegian University of Science and Technology (NTNU), Trondheim, Norway	Marit Otterlei		2024-03-26				
715	PXD067765	Unveiling Dopamine and Met-Enkephalin Dynamics: Simultaneous Co-Detection in Rat Striatum	timsTOF Pro 2	TRUE	PASEF	0.9	protocol_text	Rattus norvegicus (rat)	rat	Department of Chemistry University of Illinois 71 RAL, Box 63-5 600 South Mathews Avenue Urbana, IL 61801	Jonathan V. Sweedler	brain	2025-12-22				
716	PXD051839	Mass-spectrometry analysis of isolated brain vessels from vehicle treated Foxf2iECKO, vehicle-treated Ctrl, and AKB-9778 treated Foxf2iECKO mice	timsTOF Pro	TRUE	diaPASEF	0.95	protocol_text	Mus musculus (mouse)	mouse	DZNE Munich, Neuroproteomics, Feodor-Lynen Str. 17, 81377 Munich, Germany	Stefan F.	microvessel	2025-09-02				
717	PXD058330	Identification of ITM2B I115A binding proteins	timsTOF	TRUE	DDA	0.9	experimentTypes	Homo sapiens (human)	human	School of Life Sciences, Xiamen University	Qi-tao Chen	malignant cell	2025-10-06				
718	PXD045058	Large scale cerebrospinal fluid proteomics reveals biomarkers of Multiple Sclerosis	timsTOF Pro 2	FALSE	DIA	0.85	protocol_text	Homo sapiens (human)	human	"Max Planck Institute of Biochemistry, Martinsried, Munich, Germany; NNF Center for Protein Research, Copenhagen, Denmark"	Matthias Mann	cerebrospinal fluid	2025-12-10				mixed_instruments
719	PXD038821	Endogenous TOM20 proximity labelling: a Swiss-knife for the study of mitochondrial proteins in human cells	timsTOF	TRUE	DDA	0.6	software_inference:maxquant	Homo sapiens (human)	human	1 URBC, Namur Research Institute for Life Sciences (Narilis), University of Namur (UNamur), 5000, Namur, Belgium	Patricia Renard	colon	2023-07-20				
720	PXD034027	DISCO-MS: Proteomics of spatially identified tissues in whole organs and organisms	timsTOF	TRUE	DDA	0.85	protocol_text	"Homo sapiens (human); Mus musculus (mouse)"	"human; mouse"	Director, Institute for Tissue Engineering and Regenerative Medicine (iTERM) Helmholtz Zentrum München Ingolstädter Landstraße 1 85764 Neuherberg Germany	Ali Ertürk	bone marrow	2022-12-23				multi_organism
721	PXD057946	Extreme MetaboHealth scores in three cohort studies associate with plasma protein markers for inflammation and cholesterol transport	timsTOF HT	TRUE	diaPASEF	0.95	protocol_text	Homo sapiens (human)	human	Biomolecular Mass Spectrometry and Proteomics, University of Utrecht, the Netherlands	Albert Johannes	blood serum	2025-09-15				
722	PXD046068	The RNA helicase Dbp10 coordinates assembly factor association with PTC formation during ribosome biogenesis	timsTOF Pro	TRUE	DIA	0.85	protocol_text	"Saccharomyces cerevisiae (baker's yeast); Saccharomyces cerevisiae"	"yeast; yeast"	University of Graz and BioTechMed-Graz Institute of Pharmaceutical Sciences Pharmaceutical Chemistry Universitätsplatz 1/I A-8010 Graz, Austria phone:  +43(0)316380-5397	Ulrich Stelzl		2024-05-22				multi_organism
723	PXD042834	Autophagy role during auxin-induced rapid proteome remodelling	timsTOF Pro	TRUE	diaPASEF	0.95	protocol_text	Arabidopsis thaliana (mouse-ear cress)	arabidopsis	Section for Functional Genomics, Dep. biology, University of Copenhagen. Denmark	Eleazar Rodriguez	whole body	2024-04-04				
724	PXD067019	Fine-Tuning of Label-Free Single-Cell Proteomics Workflows	timsTOF Ultra	TRUE	diaPASEF	0.95	protocol_text	Homo sapiens (human)	human	CNRS, UMR7178, LSMBO, 67087 Strasbourg, France Université de Strasbourg, IPHC, 25 rue Becquerel, 67087 Strasbourg, France	Christine CARAPITO	cell culture	2025-12-12				
725	PXD067265	Astrocyte proteome from the rat substantia nigra. Study in animal model of fluorocitrate-induced astrocyte dysfunction and microglia activation.	timsTOF Pro 2	TRUE	PASEF	0.9	protocol_text	Rattus norvegicus (rat)	rat	1) Department of Analytical Chemistry and Biochemistry, AGH University of Krakow, Krakow, Poland 2) Laboratory of Proteomics and Mass Spectrometry, Maj Institute of Pharmacology, Polish Academy of Sciences, Krakow, Poland	Przemyslaw Mielczarek	brain	2026-02-11				
726	PXD042405	Insight into the dynamics of Ixodes ricinus nymphal midgut proteome	timsTOF Pro	TRUE	DDA	0.85	protocol_text	Ixodes ricinus	ixodes_ricinus	Institute of Parasitology, Biology Centre of the Czech Academy of Sciences, Branisovska 1160/31, 37005 Ceske Budejovice, Czech Republic	Petr Kopáček	midgut	2023-11-10				
727	PXD059607	Atlas of lysine propionylation in the human right atrium reveals ALDH6A1-NADH pathway involved in the new-onset atrial fibrillation in aging after coronary artery bypass grafting	timsTOF HT	TRUE	DIA	0.95	experimentTypes	Homo sapiens (human)	human	Department of Cardiovascular Surgery & The Institute of Cardiovascular Diseases, TEDA International Cardiovascular Hospital, Tianjin University & Chinese Academy of Medical Sciences	Hou HT	heart	2025-08-11				
728	PXD059168	The lactylome of mice granulosa cells	timsTOF Pro	TRUE	PASEF	0.9	protocol_text	Mus musculus (mouse)	mouse	Nanjing Agricultural University,	GANG WU	ovary	2025-09-28				
729	PXD035263	Binding of the spike of SARS-CoV-2 to steatotic hepatocytes promotes metabolic dysfunction	timsTOF Pro	TRUE	PASEF	0.9	protocol_text	Mus musculus (mouse)	mouse	Proteomics Service CIC bioGUNE Bizkaia Tech. Park Build. 800 Derio 48160 Spain	Felix Elortza	hepatocyte	2022-10-14				
730	PXD026738	LKB1 drives stasis and C/EBP-mediated reprogramming to an alveolar type II fate in lung cancer	timsTOF Pro	TRUE	PASEF	0.9	protocol_text	Mus musculus (mouse)	mouse	Baxter Laboratory for Stem Cell Biology Department of Microbiology & Immunology Stanford University School of Medicine 269 Campus Drive CCSR 3205b Stanford, CA 94305-5175, USA	Jackson, Peter, K.	neoplastic cell	2021-12-23				
731	PXD037062	Proteomics analysis of the membrane vesicles in Pseudomonas aeruginosa under X-ray irradiation	timsTOF Pro 2	TRUE	DIA	0.65	software_inference:encyclopedia	Pseudomonas aeruginosa pao1	pseudomonas_aeruginosa_pao1	Sichuan University	Zhenling Wang		2025-08-25				
732	PXD048320	Exploring roles of the chitinase ChiC in modulating Pseudomonas aeruginosa virulence phenotypes 	timsTOF Pro	TRUE	DDA	0.6	software_inference:maxquant	"Pseudomonas aeruginosa (strain ucbpp-pa14); Bacteria"	"pseudomonas_aeruginosa_(strain; bacteria"	Faculty of Chemistry, Biotechnology and Food Science Norwegian University of Life Sciences	Gustav Vaaje-Kolstad		2024-04-30				multi_organism
733	PXD061710	Overcoming preservation challenges to enable single-cell proteomics of fixed cell and tissue samples with retained proteome integrity	timsTOF SCP	TRUE	single-cell	0.9	protocol_text	"Homo sapiens (human); Mus musculus (mouse)"	"human; mouse"	Cancer Research UK Scotland Centre, Institute of Genetics and Cancer, University of Edinburgh, Crewe Road South, Edinburgh, EH4 2XR, United Kingdom.	Alex von Kriegsheim	cell culture	2025-05-23				multi_organism
734	PXD068318	The Ability of Dietary Polyunsaturated Fatty Acids to Protect Against Liver Inflammation and Non-Alcoholic Steatohepatitis (NASH) is Dependent on Gut Microbes	timsTOF Pro 2	TRUE	diaPASEF	0.95	protocol_text	Mus musculus (mouse)	mouse	Associate Staff Director of Research Center for Microbiome & Human Healt Cleveland Clinic	J. Mark Brown	liver	2025-10-02				
735	PXD058337	Spectral Libraries in proteomics	timsTOF HT	TRUE	DIA	0.85	protocol_text	Homo sapiens (human)	human	Sanquin Research	Pieter Langerhorst	blood plasma	2025-11-17				
736	PXD046958	The E3 Ubiquitin Ligase Cul5 Limits HSPC Expansion and Myeloproliferative Disease in Mice	timsTOF Pro 2	TRUE	diaPASEF	0.95	protocol_text	Mus musculus (mouse)	mouse	Head, Division of Protective Immunity Children’s Hospital of Philadelphia 816F ARC, 3615 Civic Center Blvd Philadelphia, PA 19104	Paula M	spleen	2025-09-08				
737	PXD055757	Pathophysiological changes in plasma and BALF of patients with ARDS based on proteomics	timsTOF Pro	TRUE	DDA	0.6	software_inference:mascot	Homo sapiens (human)	human	KOBE University Graduate school of Medicine	Fuminori Sugihara	bronchoalveolar lavage	2025-05-26				
738	PXD031078	Proteomic Investigation of Evolved Daptomycin-Tolerant MRSA due to Mutation in YycH	timsTOF Pro	TRUE	DDA	0.9	experimentTypes	Staphylococcus aureus	staphylococcus_aureus	Department of Chemical and Biological Engineering, The Hong Kong University of Science and Technology (HKUST)	Henry Lam		2022-07-16				
739	PXD068838	A novel dual histone mark reader ZCWPW2 regulates meiotic recombination through lactylation and transcriptional control in humans and mice	timsTOF Pro 2	TRUE	diaPASEF	0.95	protocol_text	"Homo sapiens (human); Mus musculus (mouse)"	"human; mouse"	West China Second University Hospital, Sichuan University	Ying Shen	testis	2026-01-07				multi_organism
740	PXD058457	High throughput single-cell proteomics of in-vivo cells	timsTOF SCP	TRUE	single-cell	0.9	protocol_text	"Homo sapiens (human); Mus musculus (mouse)"	"human; mouse"	Molecular Cell Biology, Weizmann Institute of Science	Tamar Geiger	cell culture	2025-07-09				multi_organism
741	PXD067480	Proteomics Reveals Altered Lipid Biosynthesis and Keratin Hyperphosphorylation in Pachyonychia Congenita	timsTOF Pro 2	TRUE	diaPASEF	0.95	protocol_text	Homo sapiens (human)	human	Proteomics platform Necker, Université Paris Cité - Structure Fédérative de Recherche Necker, INSERM US24/CNRS UAR3633, Paris 75015, France	Ida Chiara Guerrera	skin	2026-01-14				
742	PXD065380	Protein Expression Profiling in Urinary Extracellular Vesicles Isolated from Patients with Chronic Kidney Disease and Renal Transplantation	timsTOF Pro 2	TRUE	diaPASEF	0.95	protocol_text	Homo sapiens (human)	human	BLc. PhD Ciencias Bioquímicas, UNAM Académico CONACYT División de Investigación Quirúrgica  Centro de Investigación Biomédica de Occidente-IMSS Mexico	Zesergio Carlo Melo Jerez	urine	2025-08-25				
743	PXD056492	Impact of local air pressure on ion mobilities and data consistency in diaPASEF-based high throughput proteomics	timsTOF Pro 2	TRUE	diaPASEF	0.95	protocol_text	Homo sapiens (human)	human	Target Discovery, GSK/Cellzome	Nico Zinn	monocyte	2025-01-24				
744	PXD063321	Liver-Targeted siRNA Therapy Reveals a Causal Role of Metabolic Dysfunction-Associated Steatotic Liver Disease in Brain Dysfunction	timsTOF Pro	TRUE	PASEF	0.9	protocol_text	Mus musculus (mouse)	mouse	Proteomics Platform CIC bioGUNE Bizkaia Tech. Park Build. 800 Derio 48160 Spain	Felix Elortza	dentate gyrus	2025-09-22				
745	PXD053045	A microscopy-based screen identifies cellular kinases modulating mitochondrial translation	timsTOF Pro 2	TRUE	diaPASEF	0.95	protocol_text	Homo sapiens (human)	human	Max Planck Institute for Multidisciplinary Sciences, Bioanalytical Mass Spectrometry Group, Göttingen, Germany University Medical Center Göttingen, Institute of Clinical Chemistry, Bioanalytics Group, Göttingen, Germany	Henning Urlaub	hela cell	2025-01-02				
746	PXD046211	Benchmarking of single cell proteomics data analysis workflows	timsTOF SCP	FALSE	single-cell	0.9	protocol_text	Homo sapiens (human)	human	CBIO, de Duve institute, UCLouvain, Belgium	Laurent Gatto	cell culture	2024-02-02				mixed_instruments
747	PXD050504	Assessment of the molecular mechanisms of drug-induced hidden cardiotoxicity by a multi-omics approach: the example of rofecoxib	timsTOF Pro	TRUE	PASEF	0.9	protocol_text	Rattus norvegicus (rat)	rat	HUN-REN–SU System Pharmacology Research Group, Department of Pharmacology and Pharmacotherapy, Semmelweis University, Pharmahungary Group, Záhony utca 7, 1031 Budapest, Hungary	Anikó Görbe	heart	2025-06-20				
748	PXD054855	Proteomics in HT1080 WT and GPR56 KO cells	timsTOF Pro	TRUE	DIA	0.95	experimentTypes	Homo sapiens (human)	human	Department of Cell Biology, School of Basic Medical Sciences, Cheeloo College of Medicine, Shandong University, Jinan 250012, China.	Bo Chu	fibroblast	2024-10-11				
749	PXD042201	Identifying secondary processes implicated in nemaline myopathy pathophysiology	timsTOF	FALSE	PASEF	0.9	protocol_text	Mus musculus (mouse)	mouse	Medical College of Wisconsin	Michael William Lawlor	skeletal muscle	2025-05-06				mixed_instruments
750	PXD064980	A red blood cell-based antigen delivery system to facilitate T cell epitope presentation to induce peripheral tolerance to ADAMTS13 in immune-mediated TTP	timsTOF HT	TRUE	PASEF	0.9	protocol_text	Homo sapiens (human)	human	Sanquin Research, Amsterdam, the Netherlands	Prof. Jan Voorberg, PhD	macrophage	2025-07-25				
751	PXD053005	Modulation of biological activities in adipose derived stem cells by histone deacetylation	timsTOF Pro	TRUE	diaPASEF	0.95	protocol_text	Homo sapiens (human)	human	PhD student, Linköping University	Sallam A bdallah	adipose tissue	2025-05-07				
752	PXD031848	ABPP-HT* - Deep meets fast for activity-based profiling of deubiquitylating enzymes using advanced DIA mass spectrometry methodsABPP-HT* - Deep meets fast for activity-based profiling of deubiquitylating enzymes using advanced DIA mass spectrometry methods	timsTOF Pro	TRUE	diaPASEF	0.95	protocol_text	Homo sapiens (human)	human	TDI-NDM (University of Oxford)	Benedikt Kessler	breast	2022-04-04				
753	PXD022216	The Proteome Landscape of Chronic Lymphocytic Leukemia	timsTOF Pro	TRUE	diaPASEF	0.95	protocol_text	Homo sapiens (human)	human	Queen's University Belfast, UK	Ben Collins	leukocyte	2021-09-27				
754	PXD063443	EP3 deletion in macrophages aggravates diet-induced obesity in mice by suppressing SPARC	timsTOF Pro	TRUE	DDA	0.9	experimentTypes	Mus musculus (mouse)	mouse	Department of Pharmacology, Tianjin Key Laboratory of Inflammatory Biology, The Province and Ministry Co-sponsored Collaborative Innovation Center for Medical Epigenetics, Key Laboratory of Experimental Hematology, School of Basic Medical Sciences, Tianjin Medical University, Tianjin, China.	Ying Yu	primary cell	2025-05-25				
755	PXD044586	Sac1 interaction proteomics of ALFA Sac1 and mutants	timsTOF	TRUE	PASEF	0.9	protocol_text	Saccharomyces cerevisiae (baker's yeast)	yeast	Osnabrück University  Department of Biology/Chemistry  Bioanalytical Chemistry section 49076 Osnabrück, Germany	Florian Fröhlich		2023-10-24				
756	PXD035331	Data in support of TNF inhibition in experimental rotator cuff tear mouse model	timsTOF Pro	TRUE	DDA	0.85	protocol_text	Mus musculus (mouse)	mouse	Laboraotry for translational biomarkers and digital health	Allan Stensballe	skeletal muscle fiber	2026-01-12				
757	PXD027788	Optimization of a Sample Preparation Workflow for Proteomics Analysis of the Mouse Feces	timsTOF Pro	TRUE	DDA	0.6	software_inference:proteome discoverer	Mus musculus (mouse)	mouse	The Ohio State University	Vicki Wysocki	feces	2022-08-22				
758	PXD055874	Mouse Prefontal Cortex Astrocyte Proteome	timsTOF Pro 2	TRUE	single-cell	0.9	protocol_text	Mus musculus (mouse)	mouse	University of Illinois Urbana Champaign	Jonathan Sweedler	brain	2025-07-13				
759	PXD060348	Histones in neutrophil extracellular traps (NETs) contain oxidative post-translational modifications induced by the myeloperoxidase oxidant hypochlorous acid (HOCl)	timsTOF	TRUE	PASEF	0.9	protocol_text	Homo sapiens (human)	human	University of Copenhagen Faculty of Health and Medical Sciences Department of Biomedical Sciences	Clare Hawkins and Per Hägglund	neutrophil	2025-05-30				
760	PXD030334	Proteomic Analysis of Human Conjunctival Cells and Tears Collected with Schirmer Strips Using TimsTOF Pro	timsTOF	TRUE	PASEF	0.9	protocol_text	Homo sapiens (human)	human	Sorbonne Université, UMS PASS, Plateforme P3S	Solenne Chardonnet	tear	2022-01-27				
761	PXD055544	Recurrent immunogenic neoantigens and their cognate T-cell receptors in treatment-resistant metastatic prostate cancer 	timsTOF	FALSE	DDA	0.6	software_inference:maxquant	Homo sapiens (human)	human	Department of Molecular Cell Biology, Weizmann Institute of Science, Rehovot, Israel.	Yardena Samuels	b cell	2025-10-03				mixed_instruments
762	PXD045926	Comparative Proteomic Analysis of Saliva from Chewing Tobacco Users and Oral Cancer Patients Reveals Shared Biomarkers	timsTOF	TRUE	DDA	0.6	software_inference:maxquant	Homo sapiens (human)	human	Sharjah Institute for Medical Research & Health Sciences, University of Sharjah, Sharjah 27272, United Arab Emirates   College of Pharmacy, University of Sharjah, Sharjah 27272, United Arab Emirates	Mohammed H Semreen	saliva	2025-11-17				
763	PXD029648	Class II Immunopeptidome of 9033 cells	timsTOF	TRUE	DDA	0.6	software_inference:maxquant	Homo sapiens (human)	human	Deputy Head (Research), Department of Biochemistry and Molecular Biology Head Immunoproteomics Laboratory Infection and Immunity Program Room 214, level 2, 15 Innovation Walk Monash Biomedicine Discovery Institute Monash University, Clayton Campus Clayton 3800 Victoria Australia	Anthony Wayne Purcell	cell suspension culture	2022-02-17				
764	PXD069663	Proteomics of human iPSC derived dopaminergic neurons with a Parkinson's disease linked PARK7/DJ-1 mutation	timsTOF Pro	TRUE	diaPASEF	0.95	protocol_text	Homo sapiens (human)	human	DZNE Munich, Neuroproteomics, Feodor-Lynen-Str. 17, 81377 München, Germany	Stefan F. Lichtenthaler	dopaminergic neuron	2026-01-07				
765	PXD035173	Proteomic profiling of carotid atherosclerotic plaques and adjacent intact arterial segments	timsTOF Pro	TRUE	diaPASEF	0.95	protocol_text	Homo sapiens (human)	human	Laboratory of Molecular, Translational and Digital Medicine, Research Institute for Complex Issues of Cardiovascular Diseases, Kemerovo, Russia	Anton G. Kutikhin	atherosclerotic plaque	2025-06-05				
766	PXD055844	Regulation of Cortical Neurogenesis by MED13L via Transcriptional Priming and its Implications for MED13L Syndrome	timsTOF Pro 2	TRUE	single-cell	0.9	protocol_text	Mus musculus (mouse)	mouse	Key Laboratory of Brain Functional Genomics of Shanghai and the Ministry of Education, Institute of Brain Functional Genomics, School of Life Science and the Collaborative Innovation Center for Brain Science, East China Normal University	Xiao-Bing Yuan	brain	2025-07-09				
767	PXD037758	Essential protein P116 scavenges cholesterol and other indispensable lipids for Mycoplasmas	timsTOF Pro 2	TRUE	PASEF	0.9	protocol_text	"Bos taurus (bovine); Escherichia coli"	"bovine; ecoli"	Proteomics, Max Planck Institute of Biohysics, Frankfurt, Germany Proteomics, Max Planck Institute Brain Research, Frankfurt, Germany	Julian D. Langer		2023-04-19				multi_organism
768	PXD058749	Site-Specific Competitive Kinase Inhibitor Target Profiling Using Phosphonate Affinity Tags	timsTOF HT	TRUE	DDA	0.6	software_inference:msfragger	Homo sapiens (human)	human	Biomolecular Mass Spectrometry and Proteomics	Albert J.R. Heck	lung	2025-05-07				
769	PXD033429	Global bottom-up analysis of wild type and RBM20 knock out rat hearts by LC-TIMS-MSMS	timsTOF Pro	TRUE	PASEF	0.9	protocol_text	Rattus norvegicus (rat)	rat	Department of Cell and Regenerative Biology, Department of Chemistry, University of Wisconsin-Madison	Ying Ge	heart	2023-05-12				
770	PXD047539	Cystobactamid Resistance in Escherichia coli	timsTOF Pro	TRUE	DDA	0.6	software_inference:maxquant	Escherichia coli	ecoli	Microbial Natural Products, Helmholtz Institute for Pharmaceutical Research Saarland (HIPS). Helmholtz Centre for Infection Research (HZI). Department of Pharmacy at Saarland University, Campus Building E8.1, 66123 Saarbrücken, Germany.	Rolf Mueller		2024-10-11				
771	PXD026741	Proteomic Investigation of Multiple Methicillin-Resistant Staphylococcus aureus strains with distinct Daptomycin Tolerance and Resistance Phenotypes	timsTOF Pro	TRUE	DDA	0.9	experimentTypes	Staphylococcus aureus	staphylococcus_aureus	Chemical and Biological Engineering, The Hong Kong University of Science and Technology (HKUST)	Henry Lam		2022-07-14				
772	PXD047232	The NSP3 protein of SARS-CoV-2 binds fragile X mental retardation proteins to disrupt UBAP2L binding	timsTOF SCP	FALSE	PASEF	0.9	protocol_text	Homo sapiens (human)	human	NNF Center for Protein Research	Prof. Dr. Jakob Nilsson	epithelial cell	2023-12-28				mixed_instruments
773	PXD056343	From LAL-D to MASLD: Insights into the role of LAL and Kupffer cells in liver inflammation and lipid metabolism	timsTOF Pro 2	TRUE	diaPASEF	0.95	protocol_text	Mus musculus (mouse)	mouse	Molecular Biology and Biochemistry, Medical University of Graz	Dagmar Kratky	liver	2024-12-01				
774	PXD034638	Spermidine reduces neuroinflammation and soluble amyloid beta in an Alzheimer’s disease mouse model	timsTOF Pro 2	TRUE	diaPASEF	0.95	protocol_text	Mus musculus (mouse)	mouse	Department of Neuropathology, Charité – Universitätsmedizin Berlin, corporate member of Freie Universität Berlin, Humboldt-Universität zu Berlin, Berlin Institute of Health, Berlin, Germany 	Frank Heppner	microglial cell	2022-07-04				
775	PXD064308	Proteomics of TAS-102 plus surufatinib in metastatic pancreatic cancer	timsTOF	TRUE	diaPASEF	0.95	protocol_text	Homo sapiens (human)	human	Department of Medical Oncology, Sun Yat-sen University Cancer Center, State Key Laboratory of Oncology in South China, Guangzhou 510060, P. R. China.	Dongsheng Zhang	malignant cell	2025-10-02				
776	PXD052082	Tagless LysoIP method for molecular profiling of lysosomal content in clinical samples	timsTOF	FALSE	diaPASEF	0.95	protocol_text	Homo sapiens (human)	human	"Medical Research Council (MRC) Protein Phosphorylation and Ubiquitylation Unit, School of Life Sciences, University of Dundee; Dow Street, Dundee DD1 5EH, U.K."	Prof. Dario R. Alessi	blood cell	2025-01-31				mixed_instruments
777	PXD064490	Butyrophilin 3A1 contributes to inflammation and induces a lupus-like disease by inhibiting the IL-38-ferroptosis axis	timsTOF Pro	TRUE	DIA	0.85	protocol_text	Mus musculus (mouse)	mouse	the Affiliated Hospital of Southwest Medical University	An-Fang Huang	spleen	2025-09-22				
778	PXD050425	Frontiers in Plasma Proteome Profiling Platforms: Innovations and Applications.	timsTOF	TRUE	diaPASEF	0.95	protocol_text	Homo sapiens (human)	human	Proteomics and Macromolecular Crystallography Shared Resource, Columbia University Irving Medical Center, New York, US	Rajesh Kumar Soni	blood	2024-07-03				
779	PXD047258	Crotonylomics sequencing of human colon cancer cell lines	timsTOF Pro 2	TRUE	DDA	0.6	software_inference:maxquant	Homo sapiens (human)	human	Peking University School of Stomatology	Yixiang Wang	colon	2024-05-22				
780	PXD054072	Proteomic analysis of Red blood cells membrane	timsTOF Pro	TRUE	PASEF	0.9	protocol_text	Homo sapiens (human)	human	UMR_S1134 Inserm/Université Paris Cité, Paris, France	Dr Slim Azouzi	erythrocyte	2025-07-23				
781	PXD051603	Proteomic analysis on A375 cells with PTPN23 knockdown or not	timsTOF Pro	TRUE	PASEF	0.9	protocol_text	Homo sapiens (human)	human	Institute for Cancer Research, Shenzhen Bay Laboratory, China.	Ying He	melanocyte	2025-01-08				
782	PXD030706	Targeted Feature Detection and Extraction	timsTOF Pro	TRUE	PASEF	0.9	protocol_text	"Homo sapiens (human); Saccharomyces cerevisiae (baker's yeast); Escherichia coli"	"human; yeast; ecoli"	Proteomics Laboratory, The Walter and Eliza Hall Institute of Medical Research, 1G Royal Parade, Parkville, Melbourne, Victoria 3052, Australia	Andrew Webb	disease free	2022-03-07				multi_organism
783	PXD025632	Analysis of cryopreservation of human granulosa cells	timsTOF Pro	TRUE	PASEF	0.9	protocol_text	Homo sapiens (human)	human	Department for Cell Biology BioMedizinisches Centrum - BMC LMU Muenchen, Med. Faculty Großhaderner Straße 9 82152 Planegg-Martinsried	Prof. Dr. Artur Mayerhofer	granulosa cell	2021-07-28				
784	PXD063566	Subcellular Mass Spectrometry Reveals Proteome Remodeling  in an Asymmetrically Dividing (Frog) Embryonic Stem Cell	timsTOF Pro	TRUE	single-cell	0.9	protocol_text	"Homo sapiens (human); Xenopus laevis (african clawed frog)"	"human; xenopus_laevis_(african_clawed"	University of Maryland, College Park	Peter Nemes	embryo	2026-01-09				multi_organism
785	PXD029649	Quantitative analysis of the global proteome of heart tissue in septic shock	timsTOF Pro	TRUE	PASEF	0.9	protocol_text	Rattus norvegicus (rat)	rat	Department of Pediatrics, Shengjing Hospital of China Medical University	Tie-Ning Zhang	heart	2025-05-19				
786	PXD036134	MS-DAP platform for label-free proteomics uncovers optimal workflows in benchmark datasets and increased sensitivity in analysis of Alzheimer's biomarker data	timsTOF Pro 2	TRUE	diaPASEF	0.95	protocol_text	"Homo sapiens (human); Saccharomyces cerevisiae (baker's yeast)"	"human; yeast"	Department of Molecular and Cellular Neurobiology, Center for Neurogenomics and Cognitive Research, Amsterdam Neuroscience, VU University, Amsterdam, The Netherlands.	August B. Smit	hela cell	2023-03-10				multi_organism
787	PXD059172	A Proteogenomic View of Synchronous Endometrioid Endometrial and Ovarian Cancer	timsTOF Pro	TRUE	PASEF	0.9	protocol_text	Homo sapiens (human)	human	Max Delbrück Center  Robert-Rössle-Straße 10 13125 Berlin, Germany	Dr. Fabian Coscia	endometrial cancer cell line	2025-03-11				
788	PXD036480	Quantitative LC-MSMS of new hepatoma HepaRG-derived cells obtained using compression forces	timsTOF Pro	TRUE	PASEF	0.9	protocol_text	Homo sapiens (human)	human	Laboratoire de Spectrométrie de Masse BioOrganique, Analytical Science department, IPHC, CNRS, Strasbourg University, UMR7178, Strasbourg, France	Sarah Cianférani	regulation of hepatocyte differentiation	2024-05-23				
789	PXD059159	The proteomics of mice granulosa cells	timsTOF Pro	TRUE	PASEF	0.9	protocol_text	Mus musculus (mouse)	mouse	nanjing agriculture university	Gang Wu	ovary	2025-09-28				
790	PXD026636	Translation machinery for deliberate mistranslation of the genetic code in Bacteria	timsTOF Pro	TRUE	DDA	0.6	software_inference:maxquant	Escherichia coli	ecoli	Department of Molecular Biophysics and Biochemistry Department of Chemistry Yale University New Haven, CT USA	Professor Dieter Soll		2022-02-22				
791	PXD053115	Glutamine missense suppression transfer RNAs inhibit polyglutamine aggregation	timsTOF Pro	TRUE	PASEF	0.9	protocol_text	Mus musculus (mouse)	mouse	Department of Biochemistry, The University of Western Ontario, London, Ontario N6A 5C1, Canada.   Department of Chemistry, The University of Western Ontario, London, Ontario N6A 5C1, Canada	Patrick O'Donoghue	stem cell	2025-01-15				
792	PXD045723	Interplay between cultured human osteoblastic and skeletal muscle cells: Effects of conditioned media on glucose and fatty acid metabolism	timsTOF fleX	FALSE	DDA	0.6	software_inference:maxquant	Homo sapiens (human)	human	Section for Pharmacology and Pharmaceutical Biosciences, Department of Pharmacy, University of Oslo,	G. Hege Thoresen	cell culture	2024-01-26				mixed_instruments
793	PXD045901	Salivary Proteome Alterations in Medwakh Smokers Associated with Pathogenic Pathways: Implications for Youth Health	timsTOF	TRUE	DDA	0.85	protocol_text	Homo sapiens (human)	human	1 - College of Pharmacy, University of Sharjah, Sharjah  2 - Sharjah Institute for Medical Research, University of Sharjah, Sharjah	Mohammed Harb Semreen	saliva	2025-05-06				
794	PXD047957	Lanifibranor reduces inflammation and improves dyslipidemia in lysosomal acid lipase-deficient mice	timsTOF Pro 2	TRUE	diaPASEF	0.95	protocol_text	Mus musculus (mouse)	mouse	Novo Nordisk Foundation Center for Basic Metabolic Research, University of Copenhagen, Copenhagen, Denmark	Atul Shahaji Deshmukh	liver	2024-06-12				
795	PXD062503	Effects of hypoxia on lung cancer cells	timsTOF HT	TRUE	diaPASEF	0.95	protocol_text	Homo sapiens (human)	human	Univ.Prof. PD DI Dr.techn. Professor for Bioanalytics TU Wien Faculty of Technical Chemistry Institute of Chemical Engineering and Analytics Department of Imaging and Analytical Chemistry Research Group Bioanalytics Getreidemarkt 9/E164 1060 Vienna Austria	Ruth Birner-Gruenberger	lung	2025-05-12				
796	PXD053254	Identification of Isoaspartate in neuropeptides	timsTOF Pro	TRUE	DDA	0.9	experimentTypes	Rattus norvegicus (rat)	rat	University of Illinois at Urbana-Champaign, Beckman Institute of Advance Science and Technology	Jonathan V. Sweedler	brain	2025-03-06				
797	PXD049281	Preconception diet interventions in obese outbred mice and the impact on female offspring metabolic health and oocyte quality	timsTOF Pro	TRUE	DDA	0.6	software_inference:maxquant	Mus musculus (mouse)	mouse	University of Antwerp, Department of Veterinary Sciences, Laboratory of Veterinary Physiology and Biochemistry, Gamete Research Centre, Wilrijk, Belgium.	Jo Leroy	oocyte	2024-02-15				
798	PXD025166	Lrrc23 WT and KO whole sperm proteomic analysis	timsTOF Pro	TRUE	DDA	0.6	software_inference:mascot	Mus musculus (mouse)	mouse	Research Institute for Microbial Diseases, Osaka University, Suita, 565-0871 Osaka, Japan	Masahito Ikawa	testis	2021-11-02				
799	PXD035145	Dual proteomics of infected macrophages identifies potential novel players involved in Francisella cell to cell dissemination	timsTOF Pro 2	TRUE	PASEF	0.9	protocol_text	"Mus musculus (mouse); Francisella tularensis subsp. novicida (strain u112)"	"mouse; francisella_tularensis_subsp._"	Université Paris Cité, INSERM UMR-S1151, CNRS UMR-S8253, Institut Necker Enfants Malades, F-75015 Paris, France.	Guerrera Ida Chiara	cell suspension culture	2024-03-29				multi_organism
800	PXD048709	A proteogenomics study using the Seer Proteograph platform	timsTOF	TRUE	DIA	0.85	protocol_text	Homo sapiens (human)	human	Bioinformatics, TruDiagnostic, USA	Varun Dwaraka	blood plasma	2025-09-29				
801	PXD037909	Energy metabolism in skeletal muscle cells from donors with different body mass index	timsTOF fleX	TRUE	DDA	0.6	software_inference:maxquant	Homo sapiens (human)	human	Section for Pharmacology and Pharmaceutical Biosciences, Department of Pharmacy, University of Oslo, Norway	Parmeshwar B. Katare	cell culture	2023-03-11				
802	PXD043851	hnRNPR interactome in axons and soma of murine motoneurons	timsTOF SCP	TRUE	PASEF	0.9	protocol_text	Mus musculus (mouse)	mouse	Max Planck Institute of Biochemistry	Matthias Mann	brain	2024-08-22				
803	PXD053464	Enhanced feature matching in single-cell proteomics characterizes response to IFN-γ and reveals co-existence of different cell states-single cell Proteomics experiment Vendor Files	timsTOF Pro 2	TRUE	single-cell	0.9	protocol_text	Homo sapiens (human)	human	1 German Cancer Research Center (DKFZ), Heidelberg, Germany 2 Heidelberg University, Medical Faculty, Heidelberg, Germany (lab head)	Prof. Dr. Jeroen Krijsveld	bone cell	2024-08-22				
804	PXD058218	Proteomic and phosphoproteomic analyses for HT-29	timsTOF Pro	TRUE	DDA	0.85	protocol_text	Homo sapiens (human)	human	The First Affiliated Hospital of Jinan University	Jinghua Pan	permanent cell line cell	2025-02-28				
805	PXD041264	NAIA for cysteine profiling in HepG2 cells, protein target identification of covalent ligand and studying cysteine oxidative modifications	timsTOF Pro	TRUE	DDA	0.6	software_inference:maxquant	Homo sapiens (human)	human	Assistant Profssor, School of Biomedical Sciences and Department of Pathology, School of Clinical Medicine, Li Ka Shing Faculty of Medicine, The University of Hong Kong, Pokfulam Road, Hong Kong, P. R. China	Clive Yik-Sham CHUNG	hepatocyte	2023-06-14				
806	PXD022561	Multi-omics profiling of human pancreatic islet dysregulation from normoglycemia to type 2 diabetes	timsTOF Pro	TRUE	DDA	0.85	protocol_text	Homo sapiens (human)	human	Dept. Proteomics and Signal Transduction Max Planck Institute of Biochemistry	Matthias Mann	pancreas	2021-10-12				
807	PXD051792	Ultra-sensitive metaproteomics (uMetaP) redefines the “dark” metaproteome, enables single-bacterium resolution, and discovers hidden functions in the gut microbiome	timsTOF Ultra	TRUE	diaPASEF	0.95	protocol_text	"Mus musculus (mouse); Salinibacter ruber dsm 13855; Ligilactobacillus murinus dsm 20452 = nbrc 14221"	"mouse; salinibacter_ruber_dsm_13855; ligilactobacillus_murinus_dsm_"	Division of Pharmacology & Toxicology, Department of Pharmaceutical Sciences, Faculty of Life Sciences, University of Vienna	Manuela Schmidt	feces	2025-06-25				multi_organism
808	PXD036482	HPLC-TIMS-TOF-MS of purified mitochondrial I+III2 supercomplex from Arabidopsis thaliana	timsTOF Pro	TRUE	DDA	0.6	software_inference:maxquant	Arabidopsis thaliana (mouse-ear cress)	arabidopsis	Prof. Dr. Hans-Peter Braun Abteilung Pflanzenproteomik Institut für Pflanzengenetik Naturwissenschaftliche Fakultät Leibniz Universität Hannover Herrenhäuser Str. 2 30419 Hannover Germany	Hans-Peter Braun	cell culture	2022-12-30				
809	PXD053422	Data-driven Clustering of the Cerebrospinal Fluid Proteome Reflects Disease Phenotypes of Systemic Lupus Erythematosus	timsTOF	TRUE	diaPASEF	0.95	protocol_text	Homo sapiens (human)	human	Rheumatology, Department of Clinical Science in Lund Medical Faculty, Lund University, Sweden	Elsa Grenmyr	cerebrospinal fluid	2026-02-09				
810	PXD045714	Proteomics of tumor and serum samples from isocitrate dehydrogenase-wildtype glioblastoma patients: is the detoxification of reactive oxygen species associated with shorter survival?	timsTOF	TRUE	diaPASEF	0.95	protocol_text	Homo sapiens (human)	human	Département de Neurochirurgie, CHU Angers, Angers, France Inserm UMR 1307, CNRS UMR 6075, Université de Nantes, CRCI2NA, Université d'Angers, Angers, France	Anne Clavreul	blood serum	2024-07-04				
811	PXD062037	Role of FN Isoforms in Myogenic Progenitors	timsTOF Pro	TRUE	diaPASEF	0.95	protocol_text	Mus musculus (mouse)	mouse	University of Sherbrooke	Florian Bentzinger	primary cell	2025-10-29				
812	PXD061238	Mass spectrometry analysis of colonic neutrophils in colitis	timsTOF Pro	TRUE	diaPASEF	0.95	protocol_text	Mus musculus (mouse)	mouse	Conway Institute, School of Medicine, University College Dublin, Ireland	Ulla Knaus	bone marrow	2025-05-20				
813	PXD045850	Mind Bomb 2 limits inflammatory dermatitis in Sharpin mutant mice independently of cell death	timsTOF Pro	TRUE	diaPASEF	0.95	protocol_text	Mus musculus (mouse)	mouse	Laboratory Head The Walter and Eliza Hall Institute of Medical Research 1G Royal Parade Parkville Victoria 3052 Australia	Rebecca Feltham	skin	2024-01-25				
814	PXD061392	Proteomic insights into age-related changes in laser capture microdissected glomeruli of human kidney	timsTOF Pro	TRUE	diaPASEF	0.95	protocol_text	Homo sapiens (human)	human	Department of Laboratory Medicine and Pathology,  Mayo Clinic, Rochester, MN	Akhilesh Pandey	kidney	2025-12-22				
815	PXD062839	Elaboration of molecular glues that target TRIM21 into TRIMTACs that degrade protein aggregates	timsTOF Pro 2	TRUE	PASEF	0.9	protocol_text	Homo sapiens (human)	human	Case Western Reserve University, Department of Genetics and Genome Sciences, School of Medicine	Drew Adams, PhD	t cell	2025-06-17				
816	PXD040514	Analysis of Lysine Lactylation in CD4+ T cells of normal and EAU mouse	timsTOF	TRUE	PASEF	0.9	protocol_text	Mus musculus (mouse)	mouse	The first affiliated hospital of Chongqing Medical University	Shengping Hou	spleen	2023-08-29				
817	PXD060682	The ITM2B-associated retinal dystrophy mutation modifies BRI23 peptide interactions in the human retina	timsTOF Pro 2	TRUE	PASEF	0.9	protocol_text	Homo sapiens (human)	human	Sorbonne Université, INSERM, CNRS, Institut de la Vision, Paris, France	Isabelle Audo	retina	2025-07-25				
818	PXD036402	Proteome analysis of swine macrophages after infection with two genotype II African swine fever isolates of different pathogenicity	timsTOF Pro	TRUE	DDA	0.6	software_inference:maxquant	Sus scrofa domesticus (domestic pig)	pig	Institute of molecular virology and cell biology, Laboratory for biochemistry and protein analysis, Friedrich Loeffler Institut, Germany	Axel Karger	cell culture	2023-01-05				
819	PXD059174	Serological paroteomic biomarkers for monitoring liver fibrosis regression in on-treatment hepatities b patients	timsTOF Pro	TRUE	DIA	0.85	protocol_text	Homo sapiens (human)	human	Liver Research Center, Beijing Friendship Hospital, Capital Medical University	Hong You	blood cell	2025-08-24				
820	PXD049129	Personalized Molecular Signatures of Insulin Resistance and Type 2 diabetes	timsTOF Pro 2	TRUE	diaPASEF	0.95	protocol_text	Homo sapiens (human)	human	Novo Nordisk Foundation Center for Basic Metabolic Research, University of Copnehagen	Atul Shahaji Deshmukh	skeletal muscle	2025-05-27				
821	PXD055467	Quantitative proteomics analysis of liver from LONP1 Knockout mice	timsTOF Pro	TRUE	DIA	0.85	protocol_text	Mus musculus (mouse)	mouse	The First Afﬁliated Hospital of Anhui Medical University	Dengqiu Xu	liver	2025-09-23				
822	PXD058491	Inhibition of Furin in CAR macrophages directs them towards a pro-inflammatory phenotype and enhances their anti-tumor activities.	timsTOF fleX	FALSE	diaPASEF	0.95	protocol_text	Homo sapiens (human)	human	PRISM U1192, Universite de Lille France (Lab head)	Michel Salzet	cell culture	2024-12-12				mixed_instruments
823	PXD062328	Evolutionary Trajectories of IDH-Mutant Astrocytoma Identify Molecular Grading Markers Related to Cell Cycling	timsTOF	TRUE	single-cell	0.9	protocol_text	Homo sapiens (human)	human	Department of Neurology, University Hospital of Zurich (USZ) and University of Zurich (UZH)	Tobias Weiss	brain	2025-07-08				
824	PXD025709	Human colorectal cancer LC-MS/MS	timsTOF Pro	TRUE	DIA	0.65	software_inference:encyclopedia	Homo sapiens (human)	human	Shanxi Medical University	Jiayi Hou	colon	2023-10-24				
825	PXD054371	Comparative proteomic landscapes provide insights into mammalian preimplantation development and failure	timsTOF Pro	TRUE	DIA	0.65	software_inference:spectronaut	Mus musculus (mouse)	mouse	Center for Single-Cell Omics, School of Public Health, Shanghai Jiao Tong University Schoole of Medicine	Chen Li	embryo	2025-02-05				
826	PXD050249	Transcription factors induce differential splicing of duplicated ribosomal protein genes during meiosis	timsTOF Pro	FALSE	diaPASEF	0.95	protocol_text	Saccharomyces cerevisiae (baker's yeast)	yeast	Département de microbiologie et infectiologie, Faculté de médecine et des sciences de la santé, Université de Sherbrooke	Sherif Abou Elela		2024-12-20				mixed_instruments
827	PXD053994	A Simplified Method for Comprehensive Capture of the Staphylococcus aureus Proteome	timsTOF Pro	TRUE	PASEF	0.9	protocol_text	Staphylococcus aureus	staphylococcus_aureus	University of South Florida	Stanley Stevens		2025-03-31				
828	PXD047131	Propagation of a rapid cell-to-cell H2O2 signal over long distances in a monolayer of cardiomyocyte cells	timsTOF Pro 2	TRUE	diaPASEF	0.95	protocol_text	Rattus norvegicus (rat)	rat	Plant Sciences University of Missouri	Ron Mittler	cell culture	2024-05-24				
829	PXD059137	Proteomic profiling of PRLX-93936 and structurally similar compounds in pancreatic cancer cells.	timsTOF HT	TRUE	diaPASEF	0.95	protocol_text	Homo sapiens (human)	human	Departments of Medicine (Oncology) and of Chemical and Systems Biology, Stanford School of Medicine, Stanford, CA, USA  Stanford Cancer Institute, Stanford, CA, USA	Steven Corsello	epithelial cell	2025-08-15				
830	PXD057547	Plasma Proteomics Analysis of Human Host Response to Loa Loa	timsTOF HT	TRUE	diaPASEF	0.95	protocol_text	Homo sapiens (human)	human	Department of Biochemistry, Charité Universitätsmedizin Berlin, corporate member of Freie Universität Berlin, Humboldt-Universität zu Berlin, Berlin Institute of Health, Berlin, Germany  Berlin Institute of Health (BIH) at Charité Universitätsmedizin Berlin, Berlin, Germany The Wellcome Centre for Human Genetics, Nuffield Department of Medicine, University of Oxford, Roosevelt Dr, Headington, Oxford OX3 7BN, UK	Markus Ralser	blood plasma	2025-07-04				
831	PXD052016	A co-culture system of macrophages with breast cancer tumoroids to study cell interactions and therapeutic responses	timsTOF fleX	TRUE	diaPASEF	0.95	protocol_text	Homo sapiens (human)	human	PRISM U1192 Universite de Lille France	Michel Salzet	cell culture	2024-05-31				
832	PXD047749	Preclinical study with a CD40 agonist on patient-derived xenograft mice for the treatment of B-cell acute lymphoblastic leukemia	timsTOF	TRUE	PASEF	0.9	protocol_text	Homo sapiens (human)	human	INSERM U1231 Center of translational and molecular medicine Université de Bourgogne 7 Bd Jeanne d'Arc, 21000 DIJON	Quéré Ronan	b cell	2024-10-10				
833	PXD046326	Deciphering the role of CDK4 in regulating metabolism and cell fate of triple-negative breast cancer cells	timsTOF	FALSE	PASEF	0.9	protocol_text	Homo sapiens (human)	human	Center for Integrative Genomics, University of Lausanne, Lausanne, Switzerland	Lluis Fajas	malignant cell	2024-11-26				mixed_instruments
834	PXD057183	Role of immune dysfunction in Moyamoya disease - LCM proteomics	timsTOF SCP	TRUE	diaPASEF	0.95	protocol_text	Homo sapiens (human)	human	VIB-UGent Center for Medical Biotechnology, Ghent, Belgium	Francis Impens	brain	2025-10-20				
835	PXD044620	Mass spectrometry-based determination of R. prolixus hemoglobinases cleavage preferences	timsTOF	TRUE	PASEF	0.9	protocol_text	"Homo sapiens (human); Rhodnius prolixus (triatomid bug)"	"human; rhodnius_prolixus_(triatomid_b"	1Laboratory of Vector-Pathogen Biology, Proteomic Platform, Departmet of Molecular Biology, Université Libre de Bruxelles	Radouane OUALI	blood	2024-04-28				multi_organism
836	PXD039417	Inactivation of Exosc10 in the oocyte impairs oocyte development and maturation, leading to a depletion of the ovarian reserve in mice.	timsTOF Pro	TRUE	PASEF	0.9	protocol_text	Mus musculus (mouse)	mouse	Protim Core Facility - Irset Inserm U1085 - UAR Biosit CNRS 3480 - INSERM 018	Charles Pineau	ovary	2023-05-10				
837	PXD031224	RIPK3 is released into Extracellular Vesicles during Necroptosis through a Rab27 independent mechanism	timsTOF Pro	TRUE	PASEF	0.9	protocol_text	Mus musculus (mouse)	mouse	SMPH/SURGERY/VASCULAR SURGERY	Bo Liu	fibroblast	2022-08-14				
838	PXD025293	Lima1 mediates the pluripotency control of membrane dynamics and cellular metabolism	timsTOF Pro	TRUE	PASEF	0.9	protocol_text	Mus musculus (mouse)	mouse	Max Planck Institute for Molecular Biomedicine Bioanalytical Mass Spectrometry Unit Röntgenstr. 20 48149 Münster Germany	Hannes C. A. Drexler	stem cell	2021-12-16				
839	PXD043536	Proteomic mapping of the interactome of KRAS mutants identifies new features of RAS signalling networks and the mechanism of action of Sotorasib.	timsTOF Pro	TRUE	PASEF	0.9	protocol_text	Homo sapiens (human)	human	Systems Biology Ireland University College Dublin.	David Gomez	early embryonic cell	2023-10-15				
840	PXD066782	Essential role of Protein kinase R in the pathogenesis of pulmonary veno-occlusive disease	timsTOF Pro 2	TRUE	diaPASEF	0.95	protocol_text	Mus musculus (mouse)	mouse	Professor, Department of Laboratory Medicine, UCSF	Arun Wiita	lung	2025-08-11				
841	PXD057266	SysQuan: repurposing SILAC mice for affordable absolute quantitation of the human proteome	timsTOF HT	TRUE	PASEF	0.9	protocol_text	"Homo sapiens (human); Mus musculus (mouse)"	"human; mouse"	Segal Cancer Proteomics Centre, Jewish General Hospital, Montreal, QC, Canada Gerald Bronfman Department of Oncology, Jewish GeneraHospital, Montreal, QC, Canada  Division of Experimental Medicine, McGill University, Montreal, QC, Canada  Department of Pathology, McGill University, Montreal, QC, Canada	Christoph H. Borchers	liver	2025-06-16				multi_organism
842	PXD043363	Comparative proteomic landscapes provide insights into mammalian preimplantation development	timsTOF Pro	TRUE	DIA	0.65	software_inference:spectronaut	Mus musculus (mouse)	mouse	Center for Single-Cell Omics, School of Public Health, Shanghai Jiao Tong University School of Medicine	Chen Li	embryo	2025-11-27				
843	PXD050384	SARS-CoV-2 Spike Protein in the Skull-Meninges-Brain Axis	timsTOF SCP	TRUE	diaPASEF	0.95	protocol_text	"Homo sapiens (human); Mus musculus (mouse)"	"human; mouse"	Institute for tissue engineering and regenerative medicine, Helmholtz Center Munich	Ali Erturk	brain	2024-12-02				multi_organism
844	PXD039804	Translatome analyses by bio-orthogonal non-canonical amino acid labeling reveal that MR1-activated MAIT cells induce an M1 phenotype and antiviral programming in antigen-presenting monocytes_bicellular2	timsTOF Pro	TRUE	DDA	0.9	experimentTypes	Homo sapiens (human)	human	Cellular Proteomics, Helmholtz Centre for Infection Research, Braunschweig, Germany	Lothar Jaensch	monocyte	2023-02-08				
845	PXD048179	Enhanced feature matching in single-cell proteomics characterizes response to IFN-γ and reveals co-existence of different cell states-single cell Proteomics experiment	timsTOF Pro	TRUE	single-cell	0.9	protocol_text	Homo sapiens (human)	human	1 German Cancer Research Center (DKFZ), Heidelberg, Germany 2 Heidelberg University, Medical Faculty, Heidelberg, Germany	Prof. Jeroen Krijgsveld	epithelial cell	2024-08-22				
846	PXD037997	The effect of elevated copper concentrations on protein production in copper and sulfite tolerant S. cerevisiae	timsTOF Pro	TRUE	diaPASEF	0.95	protocol_text	Saccharomyces cerevisiae (baker's yeast)	yeast	The Australian Wine Research Institute	Simon Schmidt		2023-03-22				
847	PXD060901	Variation in Plasma Proteome Associated with Delayed Blood Processing	timsTOF Pro 2	TRUE	DIA	0.85	protocol_text	Homo sapiens (human)	human	Allegheny Health Network Cancer Institute	Kunhong Xiao	blood plasma	2026-01-05				
848	PXD033497	The Ragulator complex regulates NLRP3 inflammasome activation through interaction with HDAC6	timsTOF Pro	TRUE	DDA	0.6	software_inference:mascot	Homo sapiens (human)	human	Osaka Univ.	Fuminori Sugihara	permanent cell line cell	2022-11-29				
849	PXD029511	Comparative proteomic analysis reveals the different hepatotoxic mechanisms of human hepatocytes exposed to silver nanoparticles	timsTOF Pro	TRUE	DDA	0.9	experimentTypes	Homo sapiens (human)	human	HKUST	Henry Lam	hepatocyte	2022-12-21				
850	PXD053042	Full proteome analysis of Hoxb8 immortalized murine myeloid progenitors knockout for CCDC134 and differentiated into macrophages	timsTOF Pro	TRUE	diaPASEF	0.95	protocol_text	Mus musculus (mouse)	mouse	Department of Immunobiology, University of Lausanne (155 chemin des Boveresses 1066 Epalinges Switzerland)	Rebsamen Manuele	macrophage	2024-11-14				
851	PXD020861	PhosTip for Enrichment of Phosphopeptides from Urinary Extracellular Vesicles	timsTOF Pro	TRUE	DDA	0.9	experimentTypes	Homo sapiens (human)	human	Departments of Chemistry and Biochemistry, Purdue Center of Cancer Research, Purdue University	W. Andy Tao	urine	2022-02-15				
852	PXD030992	TGFB1 induced S100 family protein expression is associated with epithelial to mesenchymal transition states and poor survival in pancreatic cancer	timsTOF Pro	TRUE	diaPASEF	0.95	protocol_text	Mus musculus (mouse)	mouse	Associate Professor Tracy Putoczki The Walter and Eliza Hall Institute of Medical Research Australia	Tracy Putoczki	primary cell	2023-02-24				
853	PXD069989	4D label-free quantitative proteomics of 32 leukemia patient samples	timsTOF Pro 2	TRUE	PASEF	0.9	protocol_text	Homo sapiens (human)	human	School of Life Sciences and Technology, Tongji University, Shanghai, China	Yinghui Zhu	bone marrow	2025-12-30				
854	PXD034476	Deep Proteome profiling reveals signatures of age and sex differences in paw skin and sciatic nerve of naïve mice	timsTOF Pro	TRUE	diaPASEF	0.95	protocol_text	Mus musculus (mouse)	mouse	Systems Biology of Pain,Division of Pharmacology & Toxicology, Department of Pharmaceutical Sciences, University of Vienna	Manuela Schmidt	skin	2022-11-29				
855	PXD053082	METABOLIC DISRUPTION IMPAIRS RIBOSOMAL PROTEIN LEVELS, RESULTING IN ENHANCED AMINOGLYCOSIDE TOLERANCE	timsTOF Pro	TRUE	PASEF	0.9	protocol_text	Escherichia coli	ecoli	William A. Brookshire Department of Chemical and Biomolecular Engineering, University of Houston, Houston, TX, US	Mehmet A. Orman		2024-06-21				
856	PXD027161	Original TIMS-TOF pro BSA data sets for MaxLynx, a novel computational proteomics workflow for XL-MS integrated into the MaxQuant environment.	timsTOF Pro	TRUE	PASEF	0.9	protocol_text	Bos taurus (bovine)	bovine	Max Planck Institute of Biochemistry, Germany	Juergen Cox		2022-01-11				
857	PXD062678	Identification of potential salivary biomarkers and enriched protein domain/motif families for early detection and lymph node invasion in OSCC patients of the Indian population	timsTOF Pro 2	TRUE	diaPASEF	0.95	protocol_text	Homo sapiens (human)	human	Proteomics Lab, Dept. of Biosciences and Bioengineering, IIT Bombay, INDIA, 400076	Sanjeeva Srivastava	saliva	2025-08-08				
858	PXD050734	Crosslinking of Ly6a metabolically reprogram CD8 T cells for cancer immunotherapy.	timsTOF Pro 2	TRUE	PASEF	0.9	protocol_text	Mus musculus (mouse)	mouse	Cancer Proteomics Lab Department of Molecular Cell Biology Weizmann Institute of Science, Rehovot	Prof. Tamar Geiger	spleen	2024-08-04				
859	PXD044714	Spatial Proteomics of a Human Brain Tumour at 40 Âµm resolution	timsTOF SCP	TRUE	diaPASEF	0.95	protocol_text	Homo sapiens (human)	human	Discovery Proteomics Lab, University of Oxford	Roman Fischer	brain	2023-10-10				
860	PXD059495	Structural surfaceomics of myeloma models to identify tumor-specific protein conformations	timsTOF Pro 2	TRUE	unknown	0.0	none	Homo sapiens (human)	human	Associate Professor, Department of Laboratory Medicine, UCSF	Arun Wiita	cell culture	2025-10-20				unknown_acquisition_mode
861	PXD060035	Large-scale Proteomics Profiling of Peripheral Blood of DM1 patients identifies biomarkers for disease severity and physical activity - Validation cohort	timsTOF Pro 2	TRUE	diaPASEF	0.95	protocol_text	Homo sapiens (human)	human	Department of Human Genetics, Radboud University Medical Center Nijmegen	Jolein Gloerich	blood serum	2026-01-19				
862	PXD046260	Predicting the efficacy of glucocorticoids in pediatric primary immune thrombocytopenia using plasma proteomics	timsTOF Pro 2	TRUE	diaPASEF	0.95	protocol_text	Homo sapiens (human)	human	Department of Pediatrics, the Affiliated Huai’an No.1 People’s Hospital of Nanjing Medical University, Huai’an , China	yufang yuan	blood cell	2023-11-28				
863	PXD043226	Proteomic study of the retina of guinea pigs with form-deprivation myopia	timsTOF Pro 2	TRUE	DDA	0.6	software_inference:maxquant	Cavia porcellus (guinea pig)	cavia_porcellus_(guinea_pig)	Affiliated Eye Hospital of Shandong University of Traditional Chinese Medicine	Hongsheng Bi	retina	2023-07-12				
864	PXD060216	Quantitative proteomics of FFPE-preserved cardiac specimens	timsTOF HT	FALSE	diaPASEF	0.95	protocol_text	Homo sapiens (human)	human	Department of Biomedical Sciences, Faculty of Health and Medical Sciences, University of Copenhagen	Alicia Lundby	heart	2025-08-21				mixed_instruments
865	PXD048330	Sty1 kinase-dependent phosphosite mapping on Atf1	timsTOF Pro	TRUE	PASEF	0.9	protocol_text	Schizosaccharomyces pombe	schizosaccharomyces_pombe	State Key Laboratory of Cellular Stress Biology, School of Life Sciences, Faculty of Medicine and Life Sciences, Xiamen University, Xiamen, Fujian, China	Quan-wen Jin	cell culture	2024-02-15				
866	PXD041665	Multi-omics and 3D-imaging reveal bone heterogeneity and unique calvaria cells in in mice and humans	timsTOF SCP	TRUE	diaPASEF	0.95	protocol_text	"Homo sapiens (human); Mus musculus (mouse)"	"human; mouse"	Institute for Tissue Engineering and Regenerative Medicine (iTERM) Helmholtz Zentrum München Ingolstädter Landstraße 1 85764 Neuherberg Germany	Prof. Dr.	brain	2023-07-29				multi_organism
867	PXD041399	Ultrasensitive proteomics depicted an in-depth landscape for the very early stage of mouse maternal-to-zygotic transition	timsTOF Pro	TRUE	DIA	0.85	protocol_text	Mus musculus (mouse)	mouse	Center for Single-Cell Omics, School of Public Health, Shanghai Jiao Tong University School of Medicine, Shanghai, P. R. China	Chen Li	embryo	2023-05-23				
868	PXD042665	DNA framework-engineered chimeras platform enables selectively targeted protein degradation	timsTOF	TRUE	PASEF	0.9	protocol_text	Homo sapiens (human)	human	China Pharmaceutical University	Li Zhou	cell suspension culture	2023-06-27				
869	PXD058740	PTBP1 and PTBP2 associate with distinct proteins and have distinct post-translational modifications in nuclear neuronal extract.	timsTOF Pro 2	FALSE	unknown	0.0	none	Homo sapiens (human)	human	Department of Chemistry and Biochemistry. California State University, Fullerton.	Niroshika Keppetipola	cell culture	2026-02-09				"mixed_instruments; unknown_acquisition_mode"
870	PXD064789	Fibre Type–Specific Proteomics Reveals Shared and Distinct Skeletal Muscle Adaptations to Resistance Training and Beta2‐Adrenergic Agonist	timsTOF Pro	TRUE	diaPASEF	0.95	protocol_text	Homo sapiens (human)	human	University of Copenhagen, Novo Nordisk Foundatio Center for Basic Metabolic Research	Atul Shahaji	skeletal muscle fiber	2026-01-26				
871	PXD062971	Identification and validation of a tear fluid-derived protein biomarker signature in patients with Amyotrophic Lateral Sclerosis	timsTOF Pro	TRUE	diaPASEF	0.95	protocol_text	Homo sapiens (human)	human	Core Facility Proteomics, Department of Clinical Chemistry, University Medical Center Goettingen, Germany	Christof Lenz	tear	2025-09-08				
872	PXD035909	Spermidine is essential for fasting-mediated autophagy and longevity	timsTOF Pro	TRUE	diaPASEF	0.95	protocol_text	Saccharomyces cerevisiae (baker's yeast)	yeast	Institute of Pharmaceutical Sciences, Pharmaceutical Chemistry, University of Graz, Austria	Ulrich Stelzl		2024-04-30				
873	PXD069382	The RAB27A effector SYTL5 regulates mitophagy and mitochondrial metabolism	timsTOF fleX	TRUE	PASEF	0.9	protocol_text	Homo sapiens (human)	human	Proteomics Core Facility, Institute of Immunology, Rikshospitalet Oslo Norway	Tuula Anneli Nyman	cell culture	2025-11-03				
874	PXD061045	Proteomic characterization of the effect of CBD in animal models of PWA	timsTOF	TRUE	PASEF	0.9	protocol_text	Mus musculus (mouse)	mouse	Maimonides Biomedical Research Institute of Córdoba, Reina Sofía University Hospital, Department of Cell Biology, Physiology and Immunology, University of Córdoba, Avda Menéndez Pidal s/n., 14004, Córdoba, Spain	Eduardo Munoz	liver	2025-08-05				
875	PXD047939	Efficiency of acetate-based isopropanol synthesis in Escherichia coli W is controlled by ATP availability	timsTOF Pro	TRUE	PASEF	0.9	protocol_text	Escherichia coli	ecoli	Professor for Analytical Chemistry Institute of Chemical Technologies and Analytics TU Wien Getreidemarkt 9/E164 A-1060 Vienna Austria  Associate Professor for Biochemistry Diagnostic and Research Institute of Pathology Medical University of Graz Stiftingtalstrasse 24 A-8010 Graz Austria	Ruth Birner-Gruenberger		2024-10-17				
876	PXD052594	Radioproteomics stratifies molecular response to antifibrotic treatment in pulmonary fibrosis	timsTOF	TRUE	PASEF	0.9	protocol_text	Mus musculus (mouse)	mouse	University of Bern, Department of BioMedical Research (DBMR), Lung Precision Medicine (LPM) Program	Janine Gote-Schniering	lung	2024-10-17				
877	PXD025780	Proteomics characterization of extracellular vesicles derived from fermented food industry by-product: looking for new potential delivery vectors	timsTOF Pro	TRUE	PASEF	0.9	protocol_text	Bos taurus (bovine)	bovine	IMDEA-Food Research Institute +Pec Proteomics Campus of International Excellence UAM+CSIC 8 Crta. Canto Blanco, Madrid,  28049, Spain Email: aida.serra@imdea.org Tel: (+34) 917278100	Aida Serra, PhD.		2022-04-27				
878	PXD066701	The $10 proteome: low-cost, deep and quantitative proteome profiling of limited sample amounts using the Orbitrap Astral and timsTOF Ultra 2 mass spectrometers	timsTOF Ultra	FALSE	diaPASEF	0.95	protocol_text	Homo sapiens (human)	human	Department of Chemistry and Biochemistry, Brigham Young University, Provo, UT 84602	Ryan T. Kelly		2026-02-04				mixed_instruments
879	PXD062735	Social Hierarchy alters Drug Reward and the Protein Phosphorylation in the Nucleus Accumbens	timsTOF Pro	FALSE	PASEF	0.9	protocol_text	Rattus norvegicus (rat)	rat	Faculty of Life and Health Sciences, Shenzhen University of Advanced Technology	Wei Xu	brain	2025-04-09				mixed_instruments
880	PXD041023	A low-input proteomic analysis of mouse maternal-to-zygotic transition	timsTOF Pro	TRUE	DIA	0.65	software_inference:spectronaut	Mus musculus (mouse)	mouse	Center for Single-Cell Omics, School of Public Health, Shanghai Jiao Tong University School of Medicine, Shanghai, China	Chen Li	embryo	2023-03-27				
881	PXD050818	HEK293 WT and ATP6AP1 knockout cells treated with and without mitochondrial translation inhibitors	timsTOF fleX	TRUE	PASEF	0.9	protocol_text	Homo sapiens (human)	human	Department of Immunology, Oslo University Hospital, Oslo,Norway	Tuula Anneli	cell culture	2025-11-20				
882	PXD035916	TESMIN interactome characterization	timsTOF Pro	TRUE	PASEF	0.9	protocol_text	Mus musculus (mouse)	mouse	Research Institute for Microbial Diseases, Osaka University, Osaka, 565-0871, Japan	Masahito Ikawa	testis	2023-03-11				
883	PXD026533	Ubiquitylation of RIPK3 beyond-the-RHIM limits RIPK3 activity and cell death	timsTOF Pro	FALSE	PASEF	0.9	protocol_text	Mus musculus (mouse)	mouse	The Walter and Eliza Hall Institute of Medical Research, 1G Royal Parade, Melbourne, Victoria 3052, Australia	James Vince	fibroblast	2022-08-12				mixed_instruments
884	PXD050329	An automated workflow based on data independent acquisition for practical and high-throughput personalized assay development and minimal residual disease monitoring in multiple myeloma patients	timsTOF Pro 2	TRUE	diaPASEF	0.95	protocol_text	Homo sapiens (human)	human	Translational Metabolic Laboratory, Department of Human Genetics, Radboudumc, Nijmegen, The Netherlands	Hans Wessels	blood serum	2025-06-10				
885	PXD059057	TECPR2 HSAN9 Mutation CSF analysis Mouse	timsTOF Pro	TRUE	diaPASEF	0.95	protocol_text	Mus musculus (mouse)	mouse	DZNE Munich / TUM Munich	Stefan Lichtenthaler	cerebrospinal fluid	2025-10-23				
886	PXD060977	iTF Microglia Cell-Surface Proteomics	timsTOF Pro 2	TRUE	PASEF	0.9	protocol_text	Homo sapiens (human)	human	University of California San Francisco	James A. Wells	microglial cell	2025-09-15				
887	PXD048089	Proteomic analysis of paclitaxel-tolerant ovarian cancer OVCAR8-Persister cells revealed a metabolic shift to fatty acid oxidation	timsTOF Pro 2	TRUE	PASEF	0.9	protocol_text	Homo sapiens (human)	human	Women’s Reproductive Health Laboratory of Zhejiang Province, Women’s Hospital, Zhejiang University School of Medicine, Hangzhou, Zhejiang, 310006, China	Weiguo Lu	malignant cell	2026-01-12				
888	PXD056498	The endocannabinoid 2-arachidonoylglycerol is released and transported on demand via extracellular microvesicles	timsTOF HT	TRUE	DIA	0.85	protocol_text	Mus musculus (mouse)	mouse	Department of Molecular Physiology, Leiden University & Oncode Institute, The Netherlands	Mario van der Stelt	cell culture	2025-02-27				
889	PXD040890	An electrophysiological and proteomic analysis of the effects of the superoxide dismutase mimetic, MnTMPyP, on synaptic signalling post ischemia in isolated rat hippocampal slices.	timsTOF Pro	TRUE	PASEF	0.9	protocol_text	Rattus norvegicus (rat)	rat	School of Biomolecular and Biomedical Science, Conway Institute, University College Dublin	John O'Connor	brain	2023-05-10				
890	PXD033811	GT-stabiligase N-terminomics technology for capturing proteolytic modifications on human cell surfaces	timsTOF Pro	TRUE	DDA	0.6	software_inference:maxquant	Homo sapiens (human)	human	Department of Pharmacology, Dr. James Wells Laboratory, University of California,San Francisco	Kaitlin Schaefer	t cell	2023-06-23				
891	PXD027759	Identification of proximal SUMO-dependent interactors using SUMO-ID	timsTOF Pro	TRUE	DDA	0.6	software_inference:maxquant	Homo sapiens (human)	human	Proteomics Platform CIC bioGUNE, Bizkaia Tec. Park. Build. 800. Derio 48160 Spain	Felix Elortza	permanent cell line cell	2021-09-20				
892	PXD024206	Global proteomics to study silica nanoparticle-induced cytotoxicity and its mechanisms in HepG2 cells	timsTOF Pro	TRUE	DDA	0.9	experimentTypes	Homo sapiens (human)	human	Korea Research Institute of Standards and Science	Jin Gyeong Son	hepatocyte	2021-09-10				
893	PXD037501	Signalling Inhibition by Ponatinib Disrupts Productive Alternative Lengthening of Telomeres (ALT)	timsTOF fleX	FALSE	PASEF	0.9	protocol_text	Homo sapiens (human)	human	Cancer Science Institute of Singapore (CSI), National University of Singapore (NUS)	Dennis Kappei	cell culture	2023-02-20				mixed_instruments
894	PXD042295	Heart failure-induced cognitive dysfunction is mediated by intracellular Ca2+ leak through ryanodine receptor type 2.	timsTOF	TRUE	diaPASEF	0.95	protocol_text	Mus musculus (mouse)	mouse	Dept Physiology/CellBiophysics, Columbia University Medical Center, New York, NY   10032	Haikel Dridi	heart	2023-08-30				
895	PXD047839	timsTOF HT improves protein identification and quantitative reproducibility for deep unbiased plasma protein biomarker discovery (Cancer cohort dataset)	timsTOF Pro 2	TRUE	DIA	0.85	protocol_text	Homo sapiens (human)	human	PrognomiQ Inc.	Bruce Wilcox	plasma	2024-01-16				
896	PXD018429	The kinase Isr1 negatively regulates hexosamine biosynthesis in S. cerevisiae	timsTOF Pro	TRUE	diaPASEF	0.95	protocol_text	Saccharomyces cerevisiae (baker's yeast)	yeast	UCSF	Danielle Swaney		2020-06-07				
897	PXD053748	TIMS²Rescore: A DDA-PASEF optimized data-driven rescoring pipeline based on MS²Rescore - Plasma proteomics	timsTOF HT	TRUE	PASEF	0.9	protocol_text	Homo sapiens (human)	human	Bruker Switzerland AG, Faellanden, Switzerland	Claudia Martelli	blood plasma	2025-02-17				
898	PXD056806	TamL is a key player of the outer membrane homeostasis in Bacteroidetes.	timsTOF Pro	TRUE	PASEF	0.9	protocol_text	Flavobacterium johnsoniae	flavobacterium_johnsoniae	Research Unit in Biology of Microorganisms (URBM), Namur Research Institute for life Sciences (Narilis), University of Namur, Namur, Belgium	Francesco Renzi		2025-03-11				
899	PXD044360	AMPK activator 991 specifically activates SnRK1 and thereby affects seed germination in rice	timsTOF Pro 2	TRUE	DIA	0.85	protocol_text	Oryza sativa (rice)	oryza_sativa_(rice)	College of Agriculture, Nanjing Agricultural University, Nanjing, China	Yuxiang Hu	seed	2024-02-04				
900	PXD033293	Proteomic analysis neutrophils from COVID-19 patients	timsTOF Pro	TRUE	PASEF	0.9	protocol_text	Homo sapiens (human)	human	Laboratoire d’Excellence GR-Ex, Paris, France 3P5 Proteom’IC facility, Université Paris Cité, Institut Cochin, INSERM, CNRS, F-75014 PARIS, France	Emilie-Fleur Gautier	neutrophil	2022-07-27				
901	PXD023645	The strategy of a novel way to enhance bacterial motility	timsTOF Pro	TRUE	PASEF	0.9	protocol_text	Escherichia coli	ecoli	Shenzhen Key Laboratory of Microbial Genetic Engineering, College of Life Sciences and Oceanology, Shenzhen University, Shenzhen, Guangdong, P. R. China	Conghui You		2021-11-25				
902	PXD054498	Multiple classes of antigen contribute to the antigenic landscape of mesothelioma	timsTOF	TRUE	DDA	0.9	experimentTypes	Homo sapiens (human)	human	Department of Biochemistry and Molecular Biology and Infection and Immunity Program, Biomedicine Discovery Institute, Monash University, Melbourne, Victoria, Australia	Anthony Wayne	lung	2025-05-07				
903	PXD057648	Bacillus subtilis proteome 	timsTOF	TRUE	PASEF	0.9	protocol_text	Bacillus subtilis subsp. subtilis str. ro-nn-1	bacillus_subtilis_subsp._subti	School of Life Sciences, Central China Normal University, Wuhan, Hubei province, China	Xiongfeng Dai	cell culture	2025-04-30				
904	PXD051943	Comparison of the proteome of adult neural stem/progenitor cells (NSPCs) from tdTom-Plin2 heterozygous and wildtype control mice.  These data are presented in the manuscript entitled “A fluorescent perilipin 2 knock-in mouse model reveals a high abundance of lipid droplets in the developing and adult brain” by Madsen et al. 2024.	timsTOF Pro	TRUE	single-cell	0.9	protocol_text	Mus musculus (mouse)	mouse	University of Lausanne, Department of Biomedical Sciences, Rue du Bugnon 7, 1005 Lausanne	Marlen Knobloch	brain	2024-06-11				
905	PXD071811	A Novel Human Cellular System for Studying Normal Aging and for Anti-Aging Discovery	timsTOF Pro	TRUE	diaPASEF	0.95	protocol_text	Homo sapiens (human)	human	InnoHK Centre for Translational Stem Cell Biology, The University of Hong Kong	Prof. Pengtao Liu	stem cell	2026-01-26				
906	PXD062366	Alterations in tear proteomes of adults with pre-diabetes and type 2 diabetes mellitus but without diabetic retinopathy	timsTOF Pro	TRUE	diaPASEF	0.95	protocol_text	Homo sapiens (human)	human	University of Houston	Guoting Qin	tear	2025-08-04				
907	PXD056692	Quantitative proteomics analysis reveals a protein concentration effect of neat urine compared to urine EVs	timsTOF Pro	TRUE	diaPASEF	0.95	protocol_text	Homo sapiens (human)	human	The Walter and Eliza Hall Institute of Medical Research Associate Professor of Medical Biology, University of Melbourne, Australia	A/Prof. Andrew Webb	urine	2025-07-11				
908	PXD046854	Senolytic-Facilitated Reversal of End-Organ Dysfunction in a Murine Model of Obstructive Sleep Apnea	timsTOF Pro 2	TRUE	diaPASEF	0.95	protocol_text	Mus musculus (mouse)	mouse	Department of Child Health and Child Health Research Institute, School of Medicine, University of Missouri, Columbia, MO, United States	Abdelnaby Khalyfa	blood plasma	2025-05-06				
909	PXD060229	Gut microbiota induce neutrophil activation that aggravates stroke pathology	timsTOF HT	TRUE	diaPASEF	0.95	protocol_text	Mus musculus (mouse)	mouse	Bioanalytik, Leibniz-Institut für Analytische Wissenschaften – ISAS – e.V., Dortmund, Germany	Albert Sickmann	brain	2025-06-02				
910	PXD056617	IP-to-MS: an unbiased workflow for antigen profiling	timsTOF Pro 2	FALSE	PASEF	0.9	protocol_text	Homo sapiens (human)	human	Impact Proteomics	Jonathan Minden	blood cell	2025-05-07				mixed_instruments
911	PXD054763	Sleep deprivation leads to non-adaptive alterations in sleep microarchitecture and amyloid-β accumulation in a murine Alzheimer model	timsTOF Pro	TRUE	diaPASEF	0.95	protocol_text	Mus musculus (mouse)	mouse	Department for Drug Design and Pharmacology, University of Copenhagen	Niels Henning	cerebrospinal fluid	2025-01-30				
912	PXD050274	Global proteomic effects of rapidly reversible electrophiles	timsTOF Pro 2	TRUE	PASEF	0.9	protocol_text	Homo sapiens (human)	human	Case Western Reserve University School of Medicine	Yi Fan Chen	cell suspension culture	2024-06-08				
913	PXD063883	Profiling CTBP2’s genome-wide interactome in murine macrophages during LPS-induced inflammation – oligomerization-dependent interactions	timsTOF Pro	TRUE	PASEF	0.9	protocol_text	Mus musculus (mouse)	mouse	Metabolic Programming, TUM School of Life Sciences, Technical University of Munich, Munich, Bavaria, Germany	Henriette Uhlenhaut	macrophage	2025-06-08				
914	PXD058084	Proteomic Profile at Revision Arthroplasty for Periprosthetic Joint Infection Correlates with Disease Stage and Surgical Outcome	timsTOF HT	TRUE	PASEF	0.9	protocol_text	Homo sapiens (human)	human	Department of Laboratory Medicine and Pathology, Mayo Clinic, Rochester, MN, USA	Akhilesh Pandey	bodily fluid	2025-08-26				
915	PXD060117	Arginine restriction of skeletal myotubes	timsTOF Pro	TRUE	PASEF	0.9	protocol_text	Mus musculus (mouse)	mouse	Proteomics and Modomics Experimental Core Facility (PROMEC) Laboratory Centre, 4th floor East Wing, Room 231.04.008 Erling Skjalgssons gate 1, Trondheim, Norway	Lars Hagen	bone marrow	2025-11-10				
916	PXD051462	Proteomics analysis reveals insights into the role of lipid metabolism in T2DM-related sarcopenia	timsTOF Pro	TRUE	PASEF	0.9	protocol_text	Mus musculus (mouse)	mouse	Department of Cardiology, The Second Affiliated Hospital of Fujian Medical University, 950 Donghai Street, Fengze District, Quanzhou, Fujian Province, 362000, China.	Jingying Wu	skeletal muscle	2024-10-17				
917	PXD039309	Tracing retinal progenitors cells and photoreceptors from mouse retinal organoids	timsTOF Pro	TRUE	PASEF	0.9	protocol_text	Mus musculus (mouse)	mouse	Group “Retinal degeneration and regeneration” Department of Ophthalmology University of Lausanne Hôpital Ophtalmique Jules-Gonin Fundamental research center 15 av. de France 1004 Lausanne Switzerland	Yvan Arsenijevic	retina	2025-02-14				
918	PXD056072	Identifying receptor kinase substrates using an 8,000 peptide kinase client library enriched for conserved phosphorylation sites	timsTOF Pro 2	TRUE	PASEF	0.9	protocol_text	Arabidopsis thaliana (mouse-ear cress)	arabidopsis	Division of Biochemistry, C.S. Bond Life Sciences Center, University of Missouri, Columbia, MO, USA	Jay J. Thelen		2025-02-26				
919	PXD030672	Off-target effects of the lysosomal acid lipase inhibitors Lalistat-1 and Lalistat-2 on neutral lipid hydrolases	timsTOF Pro	TRUE	PASEF	0.9	protocol_text	Mus musculus (mouse)	mouse	"Research and Diagnostic Institute of Pathology, Medical University of Graz, Stiftingtalstrasse 6, 8010 Graz, Austria; Faculty of Technical Chemistry, Institute of Chemical Technologies and Analytics, Technische Universität Wien, Getreidemarkt 9/164, 1060 Vienna, Austria"	Ruth Birner-Gruenberger	primary cell	2022-05-13				
920	PXD026463	Iimmunopeptidomics pipeline for generation of personalized oncolytic cancer vaccines.	timsTOF Pro	TRUE	PASEF	0.9	protocol_text	Mus musculus (mouse)	mouse	Dep. of Oncology-Pathology, Karolinska Institutet, Scilifelab, Stockholm, Sweden	Janne Lehtiö	colon	2022-04-06				
921	PXD070287	Hepatic metabolic reprogramming during short-term caloric restriction is driven by enhanced glucocorticoid rhythms.	timsTOF Pro 2	TRUE	PASEF	0.9	protocol_text	Mus musculus (mouse)	mouse	Institute for Diabetes and Endocrinology (IDE) Helmholtz Zentrum München Ingolstaedter Landstr. 1 85764 Neuherberg, Germany	Nina Henriette Uhlenhaut	liver	2025-11-04				
922	PXD052910	Discovery and development of CLL-1 as a cellular immunotherapy target in juvenile myelomonocytic leukemia	timsTOF Pro	TRUE	DDA	0.6	software_inference:msfragger	Homo sapiens (human)	human	Associate Professor, Department of Laboratory Mediciene, UCSF	Arun Wiita, Elliot Steglitz	blood	2025-02-03				
923	PXD021425	Proteomics Tool Spike-in dataset analyzed on a timsTOF Pro	timsTOF Pro	TRUE	DDA	0.85	protocol_text	"Homo sapiens (human); Escherichia coli"	"human; ecoli"	DKFZ Heidelberg	Jeroen Krijgsveld	permanent cell line cell	2021-07-10				multi_organism
924	PXD058185	Molecular pathology of SMIM20 deficiency in the mouse heart	timsTOF Pro 2	TRUE	diaPASEF	0.95	protocol_text	Mus musculus (mouse)	mouse	University Medical Center Goettingen, Department of Clinical Chemistry, Core Facility Proteomics, Goettingen/Germany	Christof Lenz	heart	2025-05-16				
925	PXD050319	BRCA1/BARD1 ubiquitinates PCNA in unperturbed conditions to promote continuous DNA synthesis.	timsTOF SCP	TRUE	DDA	0.9	experimentTypes	Homo sapiens (human)	human	CABIMER - University of Sevilla	Román González Prieto	cell culture	2024-05-07				
926	PXD057685	Electrophoresis-Correlative Framing of Ion Mobility Deepens Single-Cell Mass Spectrometry Proteomics	timsTOF	TRUE	single-cell	0.9	protocol_text	"Homo sapiens (human); Xenopus laevis (african clawed frog)"	"human; xenopus_laevis_(african_clawed"	Department of Chemistry & Biochemistry, University of Maryland at College Park	Peter Nemes	cell culture	2025-05-07				multi_organism
927	PXD037622	Increased lipid transport and de novo synthesis lead to dynamic lipidome remodeling and regulation of lipid-dependent kinases during megakaryopoiesis and proplatelet formation	timsTOF Pro	TRUE	PASEF	0.9	protocol_text	Mus musculus (mouse)	mouse	University of Vienna, Faculty of Chemistry, Department of Analytical Chemistry	Christopher Gerner	megakaryocyte differentiation	2023-08-22				
928	PXD039343	A gas phase fractionaction scheme integrating ion mobility for rapid diaPASEF library generation	timsTOF	TRUE	diaPASEF	0.95	protocol_text	Homo sapiens (human)	human	Queen's University Belfast	Ben Collins	epithelial cell	2023-08-18				
929	PXD039212	Proteomic Characterization of human small airway epithelial cells (hSAECs) in the context of respiratory syncytial virus infection and BRD4 inhibition.	timsTOF	TRUE	diaPASEF	0.95	protocol_text	Homo sapiens (human)	human	Institute for Clinical and Translational Research, University of Wisconsin - Madison	Allan R. Brasier	lung	2023-06-13				
930	PXD046065	Endogenously produced cyanide supports bioenergetics and exerts cytoprotective effects in mammals_Mice-liver	timsTOF Pro 2	TRUE	PASEF	0.9	protocol_text	Mus musculus (mouse)	mouse	Sulfaging group, Leibniz-Institut fur Analytische Wissenschaften - ISAS - e.V. Dortmund, Germany	Dr Milos	liver	2025-05-06				
931	PXD068369	Molecular mechanisms governing the formation of distinct Upf1-containing complexes in yeast	timsTOF Pro	FALSE	PASEF	0.9	protocol_text	Saccharomyces cerevisiae (baker's yeast)	yeast	Paul Langerhans Institute Dresden and Center of Membrane Biochemistry and Lipid Research, Faculty of Medicine TU Dresden, 01307 Dresden German Center for Diabetes Research 85764 Neuherberg, Germany	Iuliia Iermak		2025-10-14				mixed_instruments
932	PXD057162	Identification of cellular factors associated with HIV-1 virions isolated by filtration and ultracentrifugation. (Total lysate)	timsTOF Pro	TRUE	PASEF	0.9	protocol_text	Homo sapiens (human)	human	Université Paris Cité, Institut Cochin, INSERM, CNRS, F-75014 PARIS, France	Clarisse Berlioz-Torrent	hela cell	2025-10-08				
933	PXD024043	Ultra-high sensitivity mass spectrometry quantifies single-cell proteome changes upon perturbation	timsTOF	TRUE	single-cell	0.9	protocol_text	Homo sapiens (human)	human	Department of Proteomics and Signal Transduction Max Planck Institute of Biochemistry	Matthias Mann	cell culture	2022-02-23				
934	PXD022194	Immunopeptidomics by use of a microfluidics chip.	timsTOF Pro	TRUE	PASEF	0.9	protocol_text	Homo sapiens (human)	human	Dept. Oncology-Pathology, Scilifelab, Karolinska Institutet, Stockholm, Sweden	Janne Lehtio	ovary	2022-02-17				
935	PXD058436	MHCquant2 refines immunopeptidomics tumor antigen discovery	timsTOF Pro 2	TRUE	PASEF	0.9	protocol_text	Homo sapiens (human)	human	Department of Peptide-based Immunotherapy, University and University Hospital Tuebingen, Germany	Juliane Sarah	spleen	2025-08-22				
936	PXD050383	Unbiased complexome profiling reveals altered mitochondrial and intercalated disk supercomplexes in  presymptomatic R14 2 Δ/+ mice hearts	timsTOF Pro 2	TRUE	diaPASEF	0.95	protocol_text	Mus musculus (mouse)	mouse	Core Facility Proteomics, Department of Clinical Chemistry, University Medical Center Göttingen, Germany	Christof Lenz	heart	2024-09-26				
937	PXD062078	Talin force coupling underlies eukaryotic cell-substrate adhesion	timsTOF Pro	TRUE	diaPASEF	0.95	protocol_text	"Homo sapiens (human); Dictyostelium discoideum (slime mold)"	"human; dictyostelium_discoideum_(slim"	Max Planck Institute for Molecular Biomedicine Mass Spectrometry Unit Röntgenstr. 20 48159 Münster Germany	Hannes C. A. Drexler	fibroblast	2025-11-21				multi_organism
938	PXD055561	Targeted therapies restore skin barrier function and associated proteomics in atopic dermatitis	timsTOF Pro	TRUE	diaPASEF	0.95	protocol_text	Homo sapiens (human)	human	The First Affiliated Hospital, Sun Yat-sen University	Fang Wang	skin	2025-04-19				
939	PXD029188	Tear proteomics of young patients wearing glasses, orthokeratology lenses, and soft contact lenses	timsTOF Pro	TRUE	diaPASEF	0.95	protocol_text	Homo sapiens (human)	human	University of Houston, Houston, TX 77204, USA	Guoting Qin	tear	2022-11-07				
940	PXD056263	Ubiquitin proteomic analysis of bone marrow cells from wild-type and Dcaf8 knockout mice	timsTOF Pro	TRUE	PASEF	0.9	protocol_text	Mus musculus (mouse)	mouse	Shanghai Institute of Hematology, State Key Laboratory of Medical Genomics, Collaborative Innovation Center of Hematology, National Research Center for Translational Medicine at Shanghai, Ruijin Hospital, Shanghai Jiao Tong University School of Medicine, Shanghai 200000, China	Ping Liu	bone marrow	2025-10-04				
941	PXD013086	Docosahexaenoic acid attenuates metabolic dysfunctions induced by lipopolysaccharide in BV-2 microglial cells	timsTOF Pro	TRUE	PASEF	0.9	protocol_text	Mus musculus (mouse)	mouse	Department of Chemistry, University of Missouri-Columbia	C. Michael Greenlief	microglial cell	2020-04-20				
942	PXD061410	Human skeletal muscle proteome responses to weight loss induced by bariatric surgery or low-calorie diet	timsTOF Pro	TRUE	DDA	0.6	software_inference:maxquant	Homo sapiens (human)	human	Obesity Research Unit, Research Program for clinical and Molecular Metabolism  Faculty of Medicine, University of Helsinki, Helsinki, Finland eugene	Kirsi H. Pietiläinen	skeletal muscle	2025-11-10				
943	PXD044386	Longitudinal serum proteome analysis in COVID-19	timsTOF Pro	TRUE	DDA	0.6	software_inference:mascot	Homo sapiens (human)	human	Cincinnati Children’s Hospital Medical Center	Takanori Takebe	blood	2025-05-06				
944	PXD030775	Exploring post-genomic biomarker signatures based on pathomechanisms of ulcerative colitis	timsTOF Pro	TRUE	DDA	0.6	software_inference:maxquant	Homo sapiens (human)	human	Department of Analytical Chemistry, University of Vienna, Vienna, Austria Joint Metabolome Facility, University of Vienna & Medical University of Vienna, Vienna, Austria	Univ.-Prof. Dr. Christopher Gerner	colon	2023-04-11				
945	PXD043158	Heart LC-MS/MS of a primary carnitine deficiency mouse model	timsTOF Pro 2	TRUE	diaPASEF	0.95	protocol_text	Mus musculus (mouse)	mouse	Faculty of Forensic Medicine, Zhongshan School of Medicine, Sun Yat-sen University, Guangzhou, China	Erwen Huang	heart	2023-06-21				
946	PXD039058	Proteomic characteristics and diagnostic potential of exhaled breath particles in patients with COVID-19	timsTOF Pro 2	TRUE	DDA	0.85	protocol_text	Homo sapiens (human)	human	Lund Univeristy	Sandra Lindstedt	lung	2023-05-10				
947	PXD069158	TIGAR Regulates Intestinal Mucus Barrier Integrity by Inhibiting Lactylation of G6PD/6PGD in Ulcerative Colitis	timsTOF HT	TRUE	DIA	0.65	software_inference:spectronaut	Homo sapiens (human)	human	Clinical Medical Research Center, Southwest Hospital, Third Military Medical University (Army Medical University)	XI Peng	cell culture	2026-01-29				
948	PXD048249	S phase proteome of deubiquitylase Ubp10	timsTOF Pro	TRUE	PASEF	0.9	protocol_text	Saccharomyces cerevisiae (baker's yeast)	yeast	Professor, University of Salamanca (Spain).	Avelino Bueno		2024-08-12				
949	PXD035294	The comparative proteomic analysis of bovine embryos developed in vivo or in vitro reveals the contribution of the maternal environment to early embryo	timsTOF	TRUE	PASEF	0.9	protocol_text	Bos taurus (bovine)	bovine	Protim Core facility - Irset Inserm U1085 - UAR Biosit CNRS 380 Inserm 018	Charles Pineau	embryo	2023-03-11				
950	PXD035495	Positive feedback between TOR singling, energy metabolism and lysine acetylation drives heterosis in elite hybrid rice	timsTOF Pro	TRUE	DDA	0.9	experimentTypes	Oryza sativa (rice)	oryza_sativa_(rice)	National Key Laboratory of Crop Genetic Improvement, Hubei Hongshan Laboratory, Huazhong Agricultural University, 430070 Wuhan, China	Xuan Ma	plant cell	2023-10-24				
951	PXD066414	A proteomics resource for human iPSC-derived endothelial cells (iEC), smooth muscle cells (iSMC), pericytes (iPC) and astrocytes (iAS) in comparison to human primary cells - technical and biological replicates	timsTOF Pro	TRUE	diaPASEF	0.95	protocol_text	Homo sapiens (human)	human	DZNE Munich, Neuroproteomics, Feodor-Lynen-Str. 17, 81377 München, Germany	Stefan F.	smooth muscle cell	2025-09-08				
952	PXD048510	Proteome analysis of amniotic fluid from fetuses with myelomeningocele from singleton pregnancies	timsTOF Pro	TRUE	diaPASEF	0.95	protocol_text	Homo sapiens (human)	human	DZNE Munich, Neuroproteomics, Feodor-Lynen Str. 17, 81377 Munich, Germany	Stefan F. Lichtenthaler	amniotic fluid	2025-03-13				
953	PXD062203	PLAMseq enables the proteo-genomic characterization of chromatin-associated proteins and protein interactions in a single workflow.	timsTOF SCP	TRUE	diaPASEF	0.95	protocol_text	Homo sapiens (human)	human	CABIMER	Román González-Prieto	cell culture	2025-10-24				
954	PXD048864	Evaluation of cerebrospinal fluid (CSF) and interstitial fluid (ISF) mouse proteomes for the validation and description of Alzheimer's disease biomarkers	timsTOF fleX	TRUE	diaPASEF	0.95	protocol_text	Mus musculus (mouse)	mouse	"University of Oslo, Oslo University Hospital, University of Lübeck, University of Latvia, Tel Aviv University
www.pahnkelab.eu"	Jens Pahnke		2024-08-28				
955	PXD040550	S. aureus exoproteome in the context of genetic competence development	timsTOF Pro	TRUE	PASEF	0.9	protocol_text	Staphylococcus aureus	staphylococcus_aureus	Université Paris-Saclay, CEA, CNRS, Institute for Integrative Biology of the Cell (I2BC), 91198, Gif-sur-Yvette, France.	David Cornu	cell suspension culture	2023-04-26				
956	PXD064823	proteomic quantitative analysis of cell supernatants from Ddx49f/f and Ddx49hep-/-	timsTOF HT	TRUE	DIA	0.85	protocol_text	Homo sapiens (human)	human	National Key Laboratory of Immunity and Inflammation	Yunhui Li	cell culture	2026-01-09				
957	PXD040620	DIA proteomics on mouse tissue to investigate the GAPDH redox switch	timsTOF Pro 2	TRUE	diaPASEF	0.95	protocol_text	Mus musculus (mouse)	mouse	Department of Biochemistry, Charite Universitaetsmedizin Berlin, Germany	Markus Ralser	heart	2023-04-10				
958	PXD044961	The effect of nutrient deprivation on early life small intestine mucosal microbiome and host proteome	timsTOF	TRUE	diaPASEF	0.95	protocol_text	Homo sapiens (human)	human	Biochemistry and Molecular Biology, Michael Smith Laboratories, University of British Columbia, Canada	Leonard J. Foster	small intestine	2024-07-16				
959	PXD064747	Proteomics analysis of lipid-induced granules	timsTOF HT	TRUE	DIA	0.85	protocol_text	Homo sapiens (human)	human	National Key Laboratory of Immunity and Inflammation, Naval Medical University, Shanghai 200433, China	Yunhui Li	cell culture	2026-01-09				
960	PXD057988	Inactivation of mitochondrial pyruvate dehydrogenase by singlet oxygen involves lipoic acid oxidation, side-chain modification and structural changes	timsTOF Pro	TRUE	DDA	0.6	software_inference:fragpipe	Sus scrofa domesticus (domestic pig)	pig	University of Copenhagen Faculty of Health and Medical Sciences Department of Biomedical Sciences Panum Institute  Building 12.6  Blegdamsvej 3, 2200 Copenhagen N	Per Hagglund and Michael Davies		2025-05-28				
961	PXD042852	Nanoparticle Enrichment Mass-Spectrometry Proteomics Identifies Protein Altering Variants for Precise pQTL Mapping	timsTOF	TRUE	diaPASEF	0.95	protocol_text	Homo sapiens (human)	human	Bioinformatics Core, Weill Cornell Medicine-Qatar	Karsten Suhre	blood plasma	2023-12-19				
962	PXD039999	Sulfide promotes tolerance to drought through protein persulfidation in Arabidopsis	timsTOF Pro	TRUE	DDA	0.6	software_inference:maxquant	Arabidopsis thaliana (mouse-ear cress)	arabidopsis	Instituto de Bioquímica Vegetal y Fotosíntesis, Consejo Superior de Investigaciones Científicas and Universidad de Sevilla, Avenida Américo Vespucio, 49, 41092 Sevilla, Spain	Luis C. Romero		2023-10-24				
963	PXD046999	Spatial characterization and stratification of colorectal adenomas by Deep Visual Proteomics	timsTOF SCP	TRUE	diaPASEF	0.95	protocol_text	Homo sapiens (human)	human	Department of Proteomics and Signal Transduction, Max Planck Institute of Biochemistry, Martinsried, Germany. & NNF Center for Protein Research, Faculty of Health and Medical Sciences, University of Copenhagen, Copenhagen, Denmark	Matthias Mann	cell culture	2024-08-04				
964	PXD061700	Mass spectrometry analysis of MTH1 inhibitor TH1579 in keratinocytes	timsTOF HT	TRUE	DIA	0.85	protocol_text	Homo sapiens (human)	human	Ingrid Asp Psoriasis Research Center, Department of Biomedical and Clinical Sciences, Linköping University, Linköping, Sweden	Charlotta Enerbäck	cell culture	2026-02-09				
965	PXD063524	Identification of SAMD4B-Interacting Proteins by Mass Spectrometry	timsTOF Pro	TRUE	unknown	0.0	none	Homo sapiens (human)	human	Fudan university	Qi-Xiang Ma	cell culture	2025-05-01				unknown_acquisition_mode
966	PXD031940	The social and structural architecture of the yeast protein interactome	timsTOF Pro	TRUE	PASEF	0.9	protocol_text	Saccharomyces cerevisiae (baker's yeast)	yeast	Dept. Proteomics and Signal Transduction, Max-Planck Institute of Biochemistry, Germany	Matthias Mann		2023-09-11				
967	PXD068909	Integrated tissue and serum proteomics on magnet-guided photothermal therapy using Au/Fe/Au trilayer nanodiscs	timsTOF Pro	TRUE	PASEF	0.9	protocol_text	Mus musculus (mouse)	mouse	Nanobio Measurement Group, Division of Biomedical Metrology, Korea Research Institute of Standards and Science (KRISS), Daejeon 34113, Republic of Korea	Jin Gyeong Son	blood serum	2025-10-15				
968	PXD032782	CSF proteomics of the APPPS1 Alzheimer mouse model with life long BACE inhibition	timsTOF Pro	TRUE	PASEF	0.9	protocol_text	Mus musculus (mouse)	mouse	DZNE Munich Neuroproteomics Feodor-Lynen Str. 17 81377 Munich Germany	Stefan F. Lichtenthaler	cerebrospinal fluid	2022-12-05				
969	PXD058906	MCL-1 as a molecular switch between myofibroblastic and pro-angiogenic features of breast cancer-associated fibroblasts	timsTOF Pro 2	TRUE	single-cell	0.9	protocol_text	Homo sapiens (human)	human	Université de Nantes, INSERM, CNRS, CRCI2NA, F-44000 Nantes, France	Frédérique Souazé	cell culture	2025-08-14				
970	PXD057865	A NOVEL REGULATION OF FUMARATE HYDRATASE ACTIVITY THROUGH HISTONE DEACETYLASE 6 BINDING	timsTOF Pro	TRUE	diaPASEF	0.95	protocol_text	Homo sapiens (human)	human	Department of Physiology and Medical Physics, Royal College of Surgeons in Ireland, Dublin, Ireland.	Tríona Ní Chonghaile	malignant cell	2025-08-04				
971	PXD058625	Impact of Culture Platform Transition on Adipose-derived Mesenchymal Stromal Cells Molecular Signatures: A Multi-Omics Analysis of Small-Scale versus Large-Scale Production	timsTOF HT	TRUE	DIA	0.85	protocol_text	Homo sapiens (human)	human	Proteomics program, Novo Nordisk Foundation Center for Protein Research, Faculty of Health and Medical Sciences, University of Copenhagen, Copenhagen, Denmark	Beatrice Dyring-Andersen	cell culture	2025-06-24				
972	PXD054133	4D-DIA Proteomics Uncovers New Insights into Host Salivary Response Following SARS-CoV-2 Omicron Infection	timsTOF Pro	TRUE	diaPASEF	0.95	protocol_text	Homo sapiens (human)	human	PPGEMN, School of Engineering, Mackenzie Presbyterian University & MackGraphe - Mackenzie Institute for Research in Graphene and Nanotechnologies, Mackenzie Presbyterian Institute, São Paulo – SP, 01302-907, Brazil	Marcos Nogueira	saliva	2025-01-18				
973	PXD065950	Identification of a highly sensitive combination of protein biomarkers for the detection of high-grade bladder cancer	timsTOF Pro	TRUE	PASEF	0.9	protocol_text	Homo sapiens (human)	human	Department of Immunology and Cell biology, Université de Sherbrooke, 3201, Jean-Mignault, Sherbrooke, Québec, J1E 4K8, Canada	Francois-Michel Boisvert	urine	2026-02-03				
974	PXD039693	RyR1 protein decrease induces ER stress and plays a major role in myopathies	timsTOF Pro	TRUE	diaPASEF	0.95	protocol_text	"Homo sapiens (human); Mus musculus (mouse)"	"human; mouse"	Institute of Sports Sciences, Faculty of Biology and Medicine, University of Lausanne	Nadege Zanou	permanent cell line cell	2024-01-26				multi_organism
975	PXD057706	Cysteine profiling by CL26-alkyne to investigate protein targets of CL26 in Huh7 cells	timsTOF Pro	TRUE	PASEF	0.9	protocol_text	Homo sapiens (human)	human	School of Biomedical Sciences and Department of Pathology, School of Clinical Medicine, Li Ka Shing Faculty of Medicine, The University of Hong Kong, Pokfulam Road, Hong Kong, P. R. China	CHUNG, Clive Yik Sham	hepatocyte	2025-07-21				
976	PXD051304	Chromatomes of GR and SUMO2/3 identified with RIME	timsTOF Pro	TRUE	PASEF	0.9	protocol_text	Homo sapiens (human)	human	Institute of Biomedicine, University of Eastern Finland, Finland	Jorma Palvimo	b cell	2025-05-06				
977	PXD046631	Lysine lactylation of mouse ischemia reperfusion heart	timsTOF	TRUE	PASEF	0.9	protocol_text	Mus musculus (mouse)	mouse	State Key Laboratory of Cardiovascular Disease, Fuwai Hospital, National Center for Cardiovascular Diseases, Chinese Academy of Medical Sciences and Peking Union Medical College, Beijing 100037, China	Le Wang	heart	2024-11-20				
978	PXD071100	Plasma extracellular vesicle miRNA profiling in cervical cancer patients and healthy controls	timsTOF Pro	TRUE	DDA	0.9	experimentTypes	Homo sapiens (human)	human	Affiliated Hospital of Qinghai University, Qinghai , China	Tonghui Bao	blood cell	2026-01-23				
979	PXD030132	Combination antiretroviral therapy and MCL1 inhibition mitigate HTLV-1 infection in vivo	timsTOF Pro	TRUE	PASEF	0.9	protocol_text	"Homo sapiens (human); Htlv-1 subtype a"	"human; htlv-1_subtype_a"	Laboratory Head Walter and Eliza Hall Institute of Medical Research 1G Royal Parade, Parkville, AUS 3052	Prof. Marc Pellegrini	t cell	2025-07-11				multi_organism
980	PXD043065	Shotgun LC-MS/MS of plasma in severe burns	timsTOF Pro	TRUE	DDA	0.9	experimentTypes	Homo sapiens (human)	human	Department of Traumatology and Acute Critical Medicine  Osaka University Graduate School of Medicine	Hisatake Matsumoto	blood	2023-07-10				
981	PXD028435	Single muscle fiber proteomics reveals remodeling of focal adhesions in response to muscle unloading and microgravity	timsTOF Pro	TRUE	DDA	0.6	software_inference:maxquant	Homo sapiens (human)	human	Max Planck Institute of Biochemistry Department of Proteomics and Signal Transduction Munich, Germany	Marta Murgia	skeletal muscle	2023-03-10				
982	PXD056098	Expedited SARS-CoV-2 MPro inhibitor discovery through a modular, 'direct-to-biology' approach	timsTOF Pro 2	TRUE	diaPASEF	0.95	protocol_text	Homo sapiens (human)	human	Chemical Biology, GSK, UK	Jacob Theodore Bush	epithelial cell	2024-12-20				
983	PXD054343	"DIA Spike-in SILAC Revisions; additional submission including single-cell like amounts"	timsTOF Pro 2	FALSE	single-cell	0.9	protocol_text	"Homo sapiens (human); Escherichia coli"	"human; ecoli"	Max-Delbruck-Centrum Berlin, Proteome Dynamics	Matthias Selbach	cell culture	2024-10-14				"mixed_instruments; multi_organism"
984	PXD045752	Multiplexing of TMT labeling reveals folate deficient diet specific proteome changes in NTDs	timsTOF	TRUE	DDA	0.6	software_inference:maxquant	Mus musculus (mouse)	mouse	Capital Institute of Pediatrics, Beijing	Shan Wang	brain	2024-03-12				
985	PXD061600	Proteomics of human platelet samples, LC-MSMS	timsTOF fleX	TRUE	DIA	0.85	protocol_text	Homo sapiens (human)	human	Proteomics Core Facility, School of Science, National and Kapodistrian University of Athens, Athens, Greece	Guillaume Médard	blood platelet	2025-11-10				
986	PXD028321	LC-MS/MS proteomics analysis of neuronal cells and secretomes with timsTOF Pro	timsTOF Pro	TRUE	PASEF	0.9	protocol_text	Rattus norvegicus (rat)	rat	Chiara Guerrera, IR1, HDR Head of the Proteomics Platform SFR Necker INSERM US24  Faculty of Medecine,  University of Paris 160 rue de Vaugirard 75015 Paris Tél. : 01 40 61 54 67	Chiara Guerrera	cell culture	2023-01-31				
987	PXD061623	LGI3 promotes the progression of TFE3-rearranged renal cell carcinoma through GEMIN6/AURKB axis	timsTOF Pro	TRUE	unknown	0.0	none	Homo sapiens (human)	human	The Third Medical Center, Chinese PLA General Hospital	Xiubin Li	cell culture	2025-03-30				unknown_acquisition_mode
988	PXD044134	Superior metabolic improvement of polycystic ovary syndrome traits after GLP1-based multi-agonist therapy	timsTOF	TRUE	DDA	0.9	experimentTypes	Mus musculus (mouse)	mouse	Instituto Maimónides de Investigación Biomédica de Córdoba (IMIBIC), Córdoba. Department of Cell Biology, Physiology and Immunology, University of Córdoba, Córdoba. Hospital Universitario Reina Sofía, Córdoba, Spain. CIBER Fisiopatología de la Obesidad y Nutrición, Instituto de Salud Carlos III, Córdoba, Spain.	Manuel Tena Sempere	brain	2024-10-02				
989	PXD046998	Shotgun proteomics of lung tumors and normal tumor-adjacent tissue of non-small cell lung cancer patients	timsTOF Pro	TRUE	DIA	0.85	protocol_text	Homo sapiens (human)	human	Faculty of Technical Chemistry, Institute of Chemical Technologies and Analytics, Technische Universität Wien, Getreidemarkt 9/164, 1060 Vienna, Austria	Ruth Birner-Gruenberger	lung	2023-11-27				
990	PXD028579	Cryo-EM structures of Gid12-bound GID E3 reveal steric blockade as a mechanism inhibiting substrate ubiquitylation	timsTOF Pro	FALSE	PASEF	0.9	protocol_text	Saccharomyces cerevisiae (baker's yeast)	yeast	Department of Molecular Machines and Signaling, Max Planck Institute of Biochemistry, 82152, Martinsried, Germany	Brenda A. Schulman		2022-05-29				mixed_instruments
991	PXD055381	KCs with or without tamoxifen-triggered Nrp1 knockout and treated by HCM from premalignant hepatocytes	timsTOF Pro	TRUE	DDA	0.6	software_inference:maxquant	Mus musculus (mouse)	mouse	Affiliated Cancer Hospital of Chongqing University	Li Yuan Ni	liver	2025-03-21				
992	PXD035842	Proteomic Evaluation of the Influence of Shear Stress and BRD4-Inhibition on Human Umbilical Vein Endothelial Cells	timsTOF Pro 2	TRUE	diaPASEF	0.95	protocol_text	Homo sapiens (human)	human	University Medical Center, Department of Clinical Chemistry, Core Facility Proteomics	Christof Lenz	epithelial cell	2022-10-30				
993	PXD057824	Proteome and phosphoproteome in sh-HNRNPA2B1-8226 and sh-NC-8226	timsTOF Pro	TRUE	unknown	0.0	none	Homo sapiens (human)	human	Hematology Department, Harbin Medical University Cancer Hospital, Harbin, Heilongjiang, People’s Republic of China.	Lina Quan	cell culture	2025-11-24				unknown_acquisition_mode
994	PXD061935	Novel chemotherapy selectively induces double-strand DNA breaks and death in naïve and Cisplatin-resistant cholangiocarcinoma tumours - total proteomics and phosphoproteomics	timsTOF Pro	TRUE	PASEF	0.9	protocol_text	Homo sapiens (human)	human	Proteomics Platform CIC bioGUNE Bizkaia Tech. Park Build. 800 Derio 48160 Spain	Felix Elortza	cholangiocarcinoma	2025-11-10				
995	PXD044616	Characterization of the regulatory AAA-ATPase subunit Rpt3 in Plasmodium berghei as an activator of Protein Phosphatase 1	timsTOF Pro	TRUE	PASEF	0.9	protocol_text	Mus musculus (mouse)	mouse	Proteomics platform Necker, Université Paris Cité - Structure Fédérative de Recherche Necker, INSERM US24/CNRSUAR3633, Paris 75015, France.	Ida Chiara Guerrera	cell suspension culture	2025-12-03				
996	PXD065327	Proteomic analysis uncovers enhanced inflammatory pheno-type and distinct metabolic changes in IDH1 mutant glioma cells	timsTOF Pro	TRUE	single-cell	0.9	protocol_text	Homo sapiens (human)	human	Professor in molecular biology and scientific leader of PROMEC Department of Clinical and Molecular Medicine Faculty of Medicine and Health Sciences +4773598608 +4791825455 +4772573076 Laboratoriesenteret, 231.05.034, Øya, Erling Skjalgssons g 1 Trondheim 7030, Norway	Geir Slupphaug	brain	2025-10-06				
997	PXD051824	Cytotoxic mechanisms of pemetrexed and HDAC inhibition in non-small cell lung cancer cells involving ribonucleotides in DNA	timsTOF Pro	TRUE	unknown	0.0	none	Homo sapiens (human)	human	Department of Clinical and Molecular Medicine, Norwegian University of Science and Technology, N-7006 Trondheim, Norway	Tobias Iveland	cell culture	2024-12-18				unknown_acquisition_mode
998	PXD056694	Calorie Restriction Modulates Four Hallmarks of Aging in Prediabetic Adults: A Proteomics PREVIEW Sub-Study	timsTOF Pro	TRUE	DIA	0.85	protocol_text	Homo sapiens (human)	human	Professor of Medicine and Nutrition Leonard P. Ullman Chair in Translational Metabolic Health Scientific Director, Charles Perkins Centre Royal Prince Alfred Clinic Director of the 'Health for Life' Research, Educational and Clinical Program	Prof. Luigi Fontana	blood plasma	2025-07-11				
999	PXD061889	The Multiomics Landscape of Plasma Exosomes in First-Episode Drug-Naïve of Schizophrenia	timsTOF Pro	TRUE	DDA	0.6	software_inference:maxquant	Homo sapiens (human)	human	Institute of Mental Health, Tianjin Anding Hospital, Mental Health Center of Tianjin Medical University, Tianjin	Jie Li	blood cell	2025-08-25				
1000	PXD027654	PROTEOMIC CHARACTERIZATION OF DRY BLOOD SPOTS OF HEALTHY WOMEN DURING SIMULATION THE MICROGRAVITY EFFECTS USING DRY IMMERSION	timsTOF Pro	TRUE	DDA	0.9	experimentTypes	Homo sapiens (human)	human	IBP RAS	Alexey Kononikhin	blood	2022-02-17				
1001	PXD030009	Proteomics profiling of end-stage COVID-19 diseased human lungs	timsTOF Pro	TRUE	DIA	0.85	protocol_text	Homo sapiens (human)	human	Full Professor for Analytical Chemistry Institute of Chemical Technologies and Analytics TU Wien  Getreidemarkt 9/E164 A-1060 Vienna Austria	Ruth Birner-Gruenberger	lung	2023-03-08				
1002	PXD018369	Exploration of human cerebrospinal fluid:  A large proteome dataset revealed by trapped ion mobility time-of-flight mass spectrometry	timsTOF Pro	TRUE	DDA	0.6	software_inference:mascot	Homo sapiens (human)	human	Proteomics group leader, Nestlé Institute for Food Safety & Analytical Sciences, Nestlé Research, Switzerland	Affolter Michael	cerebrospinal fluid	2020-05-07				
1003	PXD034557	Comparative Proteomic Profiling of Variants SARS-CoV-2 Virus-Like-Particles (VLPs) Incubated Cells	timsTOF Pro 2	TRUE	diaPASEF	0.95	protocol_text	Homo sapiens (human)	human	King Abdullah University of Science and Technology (KAUST), Bioscience Division	Muhammad Shuaib	epithelial cell	2023-04-15				
1004	PXD051104	metaExpertPro: a computational workflow for metaproteomics spectral library construction and data-independent acquisition mass spectrometry data analysis	timsTOF Pro	FALSE	diaPASEF	0.95	protocol_text	Homo sapiens (human)	human	"1, Westlake Center for Intelligent Proteomics, Westlake Laboratory of Life Sciences and Biomedicine, Hangzhou, Zhejiang Province, 310030, China
2, School of Medicine, School of Life Sciences, Westlake University, Hangzhou, Zhejiang Province, 310030, China
3, Research Center for Industries of the Future, Westlake University, 600 Dunyu Road, Hangzhou, Zhejiang, 310030, China"	Tiannan Guo	colon	2024-09-28				mixed_instruments
1005	PXD039672	Molecular chaperone Hsp90 supports adaptive cell size increase in response to chronic stress	timsTOF Pro	TRUE	diaPASEF	0.95	protocol_text	Homo sapiens (human)	human	Departement of Molecular and Cell Biology, University of Geneva, Geneva, Switzerland	Didier Picard	permanent cell line cell	2023-12-01				
1006	PXD021657	A  proteomic landscape of mouse tissues' macrophages	timsTOF Pro	FALSE	DDA	0.6	software_inference:maxquant	Mus musculus (mouse)	mouse	State Key Laboratory of Genetic Engineering, Institutes of Biomedical Sciences, Human Phenome Institute, School of Life Sciences, Zhongshan Hospital, Fudan University	Chen Ding	liver	2022-10-26				mixed_instruments
1007	PXD042761	LSM14B is essential for oocyte meiotic maturation by regulating maternal mRNA storage and clearance	timsTOF	TRUE	DIA	0.65	software_inference:encyclopedia	Mus musculus (mouse)	mouse	Center for Reproductive Medicine, Shandong University	Hongbing Liu	cell culture	2023-10-17				
1008	PXD067612	Extracellular vesicles derived from induced pluripotent stem cells mediate anti-inflammatory effects in human primary macrophage. Macrophage dataset.	timsTOF Pro	TRUE	PASEF	0.9	protocol_text	Homo sapiens (human)	human	School of Medicine, University College Dublin, Belfield, Dublin 4, Ireland	Stephen Fitzsimons	macrophage	2025-09-08				
1009	PXD052226	Influence of Albumin Concentration on Surface Characteristics and Cellular Responses in the Pre-Incubation of Multi-Walled Carbon Nanotubes	timsTOF Pro	TRUE	PASEF	0.9	protocol_text	"Homo sapiens (human); Bos taurus (bovine)"	"human; bovine"	Nanobio Measurement Group, Division of Biomedical Metrology, Korea Research Institute of Standard and Science, 267 Gajeong-ro, Yuseong-gu, Daejeon 34113, Republic of Korea	Jin Gyeong Son	hepatocyte	2024-10-21				multi_organism
1010	PXD051945	Deficiency of Antioxidant Enzyme PRDX6 and Mucosal Chemokine CXCL17: Unraveling the Factors Behind Oxidative Stress and Mucosal Homeostasis Disruption in Dry Eye Disease	timsTOF Pro	TRUE	PASEF	0.9	protocol_text	Homo sapiens (human)	human	Institut National de la Santé et de la Recherche Médicale INSERM UMRS 968, CNRS UMR 7210, Institut de la Vision, IHU ForeSight, Sorbonne Université UM80, 75012 Paris, France	Karima KESSAL	tear	2025-07-25				
1011	PXD046398	Hereditary POIKTMP caused by FAM111B variants	timsTOF Pro	TRUE	PASEF	0.9	protocol_text	Homo sapiens (human)	human	Nantes Université, CNRS, INSERM, l’institut du thorax, 44000 Nantes, France	Sandra Mercier	fibroblast	2025-09-08				
1012	PXD059000	Protein identification in purified amyloid fibrils	timsTOF Pro 2	TRUE	PASEF	0.9	protocol_text	Mus musculus (mouse)	mouse	CRIBL Unit, UMR CNRS 7276 INSERM 1262, University of Limoges	Christophe Sirac	heart	2025-01-17				
1013	PXD055547	Maximizing immunopeptidomics-based bacterial epitope discovery by rescoring and integrating the results of multiple search engines	timsTOF SCP	TRUE	PASEF	0.9	protocol_text	"Homo sapiens (human); Listeria monocytogenes egd"	"human; listeria_monocytogenes_egd"	"VIB-UGent Center for Medical Biotechnology, VIB, Ghent, Belgium; Department of Biomolecular Medicine, Ghent University, Ghent, Belgium."	Francis Impens	cell culture	2025-02-05				multi_organism
1014	PXD056702	SARS-CoV-2 nsp15 enhances viral virulence by subverting host antiviral defenses	timsTOF Pro 2	TRUE	diaPASEF	0.95	protocol_text	Homo sapiens (human)	human	Department of Biochemistry and Cell Biology, Boston University Chobanian and Avedisian School of Medicine, Boston, MA 02118, USA National Emerging Infectious Diseases Laboratories (NEIDL), Boston University, Boston, MA 02118, USA	Mohsan Saeed	lung	2025-06-30				
1015	PXD047528	Using Plasma Proteomics to Investigate Viral Infections of the Central Nervous System including Patients with HIV-Associated Neurocognitive Disorders	timsTOF Pro	TRUE	DIA	0.85	protocol_text	Homo sapiens (human)	human	Harvard Medical School , Boston Children's Hospital	Hanno Steen	blood plasma	2024-03-05				
1016	PXD034128	Rapid and in-depth coverage of the (phospho-)proteome with deep libraries and optimal window design for dia-PASEF	timsTOF Pro 2	TRUE	diaPASEF	0.95	protocol_text	Homo sapiens (human)	human	"Department Proteomics and Signal Transduction, Max Planck Institute of Biochemistry, Martinsried, Germany; Protein Research, NNF Center for Protein Research, Copenhagen, Denmark"	Matthias Mann	epithelial cell	2022-08-11				
1017	PXD052369	Development of an Automated, Ultra-Rapid Bottom-Up Proteomics Workflow Utilizing Alginate-Based Hydrogels	timsTOF SCP	TRUE	PASEF	0.9	protocol_text	Homo sapiens (human)	human	Department of Biochemistry and Molecular Biology, Michael Smith Laboratories, University of British Columbia, Vancouver, BC, V6T 1Z4, Canada	Leonard J.	cell culture	2024-11-12				
1018	PXD038368	hnRNP R Knock-out affects the axonal and somatic proteome	timsTOF	TRUE	diaPASEF	0.95	protocol_text	Mus musculus (mouse)	mouse	Max Planck Institute of Biochemistry, Am Klopferspitz 18, 82152 Planegg, Germany	Matthias Mann	brain	2024-08-22				
1019	PXD033606	Characterization of ISG65-Cd3 complex	timsTOF Pro	FALSE	DDA	0.6	software_inference:mascot	"Homo sapiens (human); Trypanosoma brucei"	"human; trypanosoma_brucei"	Institute of Organic Chemistry and Biochemistry of the CAS	Sebastian Zoll	cell suspension culture	2023-05-10				"mixed_instruments; multi_organism"
1020	PXD051880	Immunopeptidome of Human Renal Cell Carcinoma (RCC) derived cells infected with oncolytic viruses.	timsTOF SCP	TRUE	PASEF	0.9	protocol_text	Homo sapiens (human)	human	Dept. Oncology-Pathology, Scilifelab, Karolinska Institutet, Sweden	Janne Lehtiö	cell culture	2025-05-06				
1021	PXD030838	Deep proteome analysis of mouse brains from wild-type, LPS-induced, and drug-treated mice groups	timsTOF	TRUE	diaPASEF	0.95	protocol_text	Mus musculus (mouse)	mouse	Head of Core Facility, Central European Institute of Technology, Masaryk University, Brno, Czech Republic.	Zbyněk Zdráhal	brain	2022-10-25				
1022	PXD033488	Human RIPK3 C-lobe phosphorylation is essential for necroptotic signaling	timsTOF Pro	TRUE	DDA	0.85	protocol_text	Homo sapiens (human)	human	Division Head, WEHI	James Murphy	blood cell	2022-07-30				
1023	PXD040205	"Fast proteomics with dia-PASEF and analytical flow-rate chromatography
"	timsTOF Pro	TRUE	DIA	0.85	protocol_text	"Homo sapiens (human); Escherichia coli"	"human; ecoli"	1)Department of Biochemistry, Charité – Universitätsmedizin Berlin, Berlin, Germany. 2)The Wellcome Centre for Human Genetics, Nuffield Department of Medicine, University of Oxford, UK 3)Max Planck Institute for Molecular Genetics, Berlin, Germany	prof. Markus Ralser	blood plasma	2023-07-03				multi_organism
1024	PXD069569	G-CSF/NAMPT signaling drives neutrophil dysfunction and enhances bacterial infection susceptibility in cancer patients	timsTOF HT	TRUE	diaPASEF	0.95	protocol_text	Mus musculus (mouse)	mouse	Group of Immunoproteomics Medical Research Center (MFZ) University Hospital Essen Hufelandstraße 55 D-45147 Essen, Germany	Olga Shevchuk	cell culture	2025-10-17				
1025	PXD045889	The characterisation of protein binding in paediatric extracorporeal membrane oxygenation (ECMO) circuits	timsTOF Pro	TRUE	diaPASEF	0.95	protocol_text	Homo sapiens (human)	human	Professor (PAR) of Pediatrics Head, Translational Research and Innovation Laboratory (TRaIL), Johns Hopkins All Children's Institute for Clinical and Translational Research	Prof Vera Ignjatovic	blood serum	2024-10-07				
1026	PXD040779	Repeated sprint training in hypoxia potentiates muscle glycolytic adaptations through S100A protein signaling	timsTOF Pro	TRUE	diaPASEF	0.95	protocol_text	Homo sapiens (human)	human	Institute of Sport Science and Department of Biomedical Sciences, UNIL, Quartier Unil-Centre 1010 Lausanne, Switzerland	Nicolas Place	skeletal muscle	2024-05-05				
1027	PXD064532	E3 ubiquitin ligase Listerin regulates macrophage cholesterol efflux and atherosclerosis by targeting ABCA1	timsTOF Pro	TRUE	single-cell	0.9	protocol_text	Mus musculus (mouse)	mouse	"State Key Laboratory for Innovation and Transformation of Luobing Theory; Key Laboratory of Cardiovascular Remodeling and Function Research, Chinese Ministry of Education, Chinese National Health Commission and Chinese Academy of Medical Sciences; Department of Cardiology, Qilu Hospital of Shandong University, Jinan, China"	Lei Cao	cell culture	2025-06-11				
1028	PXD030327	Enhanced competition at the nano-bio interface enables comprehensive characterization of protein corona dynamics and deep coverage of proteomes 	timsTOF Pro 2	TRUE	diaPASEF	0.95	protocol_text	Homo sapiens (human)	human	Seer Inc.	Daniel Hornburg	blood plasma	2022-09-02				
1029	PXD064580	Cutaneous Lupus Erythematosus: proteomics salivary profiling	timsTOF Pro	TRUE	PASEF	0.9	protocol_text	Homo sapiens (human)	human	Escola Superior de Agricultura Luiz de Queiroz da Universidade de São Paulo	Carlos Alberto Labate	saliva	2025-12-22				
1030	PXD061457	A multiomics framework for high-throughput lncRNA characterization uncovers major immune regulators	timsTOF Pro	TRUE	PASEF	0.9	protocol_text	Homo sapiens (human)	human	Philipps-University Marburg Faculty of Chemistry  Mass spectrometry facility  Hans-Meerwein-Str. 4  35043 Marburg Germany	Dr. Uwe Linne	macrophage	2025-05-01				
1031	PXD057999	Calprotectin promotes anemia of inflammation in healthy and pathological conditions	timsTOF Pro	TRUE	PASEF	0.9	protocol_text	Homo sapiens (human)	human	1. INSERM U1287, Université Paris-Saclay, Gustave Roussy Cancer Center, Villejuif, France 2. Université Paris-Saclay, Faculté de Médecine, Le Kremlin-Bicêtre, France	Eric Solary	bone marrow	2024-11-20				
1032	PXD038204	The global downregulation of protein synthesis observed during hepatogenic maturation is associated with a decrease in TOP mRNA translation The global downregulation of protein synthesis observed during hepatogenic maturation is associated with a decrease in TOP mRNA translation	timsTOF Pro	TRUE	PASEF	0.9	protocol_text	Homo sapiens (human)	human	University of Namur - Narilis - URBC 61 rue de Bruxelles 5000 Namur Belgium	Prof Patricia Renard	hepatocyte	2022-12-26				
1033	PXD035655	Tear protein profile in eyes with keratoconus after one year of intrastromal corneal ring and corneal crosslinking: a pilot study	timsTOF Pro	TRUE	PASEF	0.9	protocol_text	Homo sapiens (human)	human	Proteomics Service CIC bioGUNE Bizkaia Tech. Park Build. 800 Derio (48160) Spain	Felix Elortza	tear	2022-10-14				
1034	PXD060091	Cholangiocarcinoma PDHA1 Succinylation Suppresses Macrophage Antigen Presentation via α-KG Accumulation	timsTOF Pro 2	TRUE	PASEF	0.9	protocol_text	Homo sapiens (human)	human	Department of General Surgery, Key Laboratory of Hepatosplenic Surgery, Ministry  of Education, The First Affiliated Hospital of Harbin Medical University, Harbin  150001, China.  Anhui Province Key Laboratory of Hepatopancreatobiliary Surgery, Hefei, Anhui,  230001, China.  Anhui Provincial Clinical Research Center for Hepatobiliary Diseases, Hefei, Anhui,  230001, China.	Ning Zhang	liver	2025-05-07				
1035	PXD059879	human synovium micro-regional proteomics analysis	timsTOF	TRUE	DIA	0.85	protocol_text	Homo sapiens (human)	human	hong kong baptist university	zhu lin	synovium	2025-10-12				
1036	PXD046596	Spatial proteomics of skeletal muscle using thin cryosections reveals metabolic adaption at the muscle-tendon transition zone	timsTOF Pro 2	FALSE	DIA	0.85	protocol_text	Mus musculus (mouse)	mouse	"Institute for Genetics, Cologne Excellence Cluster on Cellular Stress Responses in Aging-Associated Diseases (CECAD), Cologne Germany; Center for Molecular Medicine (CMMC), University of Cologne, 50931 Cologne, Germany"	Marcus Krüger	cell culture	2024-05-22				mixed_instruments
1037	PXD031458	Novel Targeted Proteomic Profiling of Potential Biomarkers in Postural Orthostatic Tachycardia Syndrome (POTS)	timsTOF Pro	TRUE	DIA	0.85	protocol_text	Homo sapiens (human)	human	Department of Clinical Sciences, Lund University, Malmö,  Sweden	Madeleine Johansson	blood plasma	2022-11-24				
1038	PXD046085	The characterisation of protein and cellular binding in paediatric extracorporeal membrane oxygenation (ECMO) circuits using proteomics, immunofluorescence, and scanning electron microscopy	timsTOF Pro	TRUE	diaPASEF	0.95	protocol_text	Homo sapiens (human)	human	Prof Vera Ignjatovic, Professor (PAR) of Pediatrics Head, Translational Research and Innovation Laboratory (TRaIL), Johns Hopkins All Children's Institute for Clinical and Translational Research	Prof Vera Ignjatovic	blood	2024-10-07				
1039	PXD035249	Four-dimensional proteomics analysis of human cerebrospinal fluid on a trapped ion mobility mass spectrometer using PASEF	timsTOF Pro	TRUE	diaPASEF	0.95	protocol_text	Homo sapiens (human)	human	Department of Laboratory Medicine and Pathology, Mayo Clinic, Rochester, MN 55905, USA	Akhilesh Pandey	cerebrospinal fluid	2023-02-28				
1040	PXD040281	A standardized and reproducible workflow for membrane glass slides in routine histology and spatial proteomics	timsTOF Pro 2	FALSE	single-cell	0.9	protocol_text	Homo sapiens (human)	human	Proteomics and Signal Transduction, Max Planck Institute of Biochemistry, Martinsried, Germany	Matthias Mann	tonsil	2023-10-24				mixed_instruments
1041	PXD063938	Age-related proteomic profiling of livers from Caspase-2 deficient mice	timsTOF Pro	TRUE	diaPASEF	0.95	protocol_text	Mus musculus (mouse)	mouse	Bradley Distinguished Professor Chair of Cancer Biology & Research Professor of Cell Biology Centre for Cancer Biology University of South Australia	Prof. Sharad Kumar	liver	2025-11-20				
1042	PXD067204	Integrated Multi-Omics Mapping of Mitochondrial Dysfunction and Substrate Preference in Barth Syndrome Cardiac Tissue	timsTOF Pro 2	TRUE	diaPASEF	0.95	protocol_text	Homo sapiens (human)	human	Laboratory Genetic Metabolic Diseases, Amsterdam UMC, University of Amsterdam, Amsterdam, The Netherlands	Riekelt H. Houtkooper	heart	2025-09-08				
1043	PXD025671	Towards comprehensive plasma proteomics by orthogonal protease digestion	timsTOF Pro	TRUE	DIA	0.85	protocol_text	"Homo sapiens (human); Mycobacterium tuberculosis tkk-01-0032"	"human; mycobacterium_tuberculosis_tkk"	University of California San Francisco, Quantitative Biosciences Institute (QBI), SanFrancisco, CA, 94158, USA, J. David Gladstone Institutes, San Francisco, CA 94158, USA	Danielle Swaney	blood plasma	2021-07-29				multi_organism
1044	PXD060276	SFRP1 upregulation causes hippocampal synaptic dysfunction and memory impairment	timsTOF Pro 2	TRUE	diaPASEF	0.95	protocol_text	Mus musculus (mouse)	mouse	Centro de Biología Molecular Severo Ochoa,  CSIC-UAM, Campus de la Universidad Autónoma de Madrid, Spain	Paola Bovolenta	brain	2026-01-19				
1045	PXD057754	Binding of Glycyl-tRNA synthetase to the 3´UTR stimulates Mengovirus RNA translation	timsTOF Pro	TRUE	PASEF	0.9	protocol_text	"Homo sapiens (human); Mengo virus; Viruses"	"human; mengo_virus; viruses"	Philipps-Universität Marburg Faculty of Chemistry Hans-Meerwein-Str. 4 35043 Marburg GERMANY	Dr. Uwe Linne	permanent cell line cell	2025-12-03				multi_organism
1046	PXD053952	A multiomics framework for high-throughput lncRNA characterization uncovers major immune regulators	timsTOF Pro	TRUE	PASEF	0.9	protocol_text	Homo sapiens (human)	human	Philipps-University Marburg Faculty of Chemistry Mass spectrometry facility  Hans-Meerwein-Str. 4 Germany	Uwe Linne	macrophage	2025-10-01				
1047	PXD047446	Proteomic analysis of salivary extracellular vesicles from COVID-19 patients reveals a specific anti-COVID-19 response protein signature	timsTOF Pro	TRUE	PASEF	0.9	protocol_text	Homo sapiens (human)	human	Department of Pathology and Conservative Dentistry. Faculty of Dentistry. Centre for Biomedical Research and Innovation (CIIB). Periodontal Research Laboratory. University of the Andes, Santiago, Chile	Alejandra Chaparro	saliva	2024-05-21				
1048	PXD038782	TOFIMS mass spectrometry-based immunopeptidomics refines tumor antigen identification	timsTOF Pro	FALSE	PASEF	0.9	protocol_text	Homo sapiens (human)	human	Department of Peptid-based Immunotherapy, University and University Hospital TÃƒÆ’Ã‚Â¼bingen, Germany	Juliane Walz	spleen	2023-11-21				mixed_instruments
1049	PXD059008	Low glucose culture conditions alter neuronal energetics, mimicking in vivo studies	timsTOF Pro 2	TRUE	diaPASEF	0.95	protocol_text	Mus musculus (mouse)	mouse	University of Neada, Reno	Robert Renden	brain	2025-06-30				
1050	PXD054295	Secretomes from non-small cell lung cancer cells induce endothelial plasticity through a partial endothelial-to-mesenchymal transition	timsTOF Pro 2	TRUE	PASEF	0.9	protocol_text	Homo sapiens (human)	human	MINT UMR Inserm 1066 CNRS 6021   IBS IRIS  CHU 4 rue Larrey    F-49933 ANGERS  France	Nicolas Clere	lung	2025-04-24				
1051	PXD054476	Antithrombotic coating with sheltered positive charges prevents contact activation by controlling Factor XII-biointerface binding	timsTOF	TRUE	PASEF	0.9	protocol_text	Homo sapiens (human)	human	College of Polymer Science and Engineering, State Key Laboratory of Polymer Materials Engineering, Sichuan University, Chengdu, 610065, People's Republic of China	Weifeng Zhao	blood plasma	2025-05-07				
1052	PXD058285	Developmental programming of Kupffer cells by maternal obesity causes fatty liver disease in the offspring	timsTOF Pro	TRUE	diaPASEF	0.95	protocol_text	Mus musculus (mouse)	mouse	"Developmental Biology of the Immune System, Life & Medical Sciences (LIMES) Institute,University of Bonn; 53115 Bonn, Germany"	Elvira Mass	liver	2025-09-01				
1053	PXD053154	Protein restriction reprograms the multi-organ proteomic landscape of mouse aging	timsTOF Pro	FALSE	DIA	0.85	protocol_text	"Homo sapiens (human); Mus musculus (mouse)"	"human; mouse"	School of Medicine, Westlake University, Hangzhou, Zhejiang Province, China. Westlake Center for Intelligent Proteomics, Westlake Laboratory of Life Sciences and Biomedicine, Hangzhou, Zhejiang Province, China. Research Center for Industries of the Future, School of Life Sciences, Westlake University, Hangzhou, Zhejiang Province, China. Guomics	Tiannan Guo	heart	2025-10-26				"mixed_instruments; multi_organism"
1054	PXD064795	Deciphering Mutational Effects on Inducible Nitric Oxide Synthase Conformational Dynamics via Quantitative Cross-Linking Mass Spectrometry and AlphaFold2 Subsampling	timsTOF fleX	TRUE	PASEF	0.9	protocol_text	Homo sapiens (human)	human	University of New Mexico	Changjian Feng		2025-10-30				
1055	PXD057536	Cell type-specific in vivo proteomes with a multicopy mutant methionyl tRNA synthetase mouse line	timsTOF Pro 2	FALSE	diaPASEF	0.95	protocol_text	Mus musculus (mouse)	mouse	Max Planck Institute for Brain Research Max Planck Institute of Biophysics	Julian D.	brain	2025-08-28				mixed_instruments
1056	PXD044545	Improved drug-target deconvolution with PISA-DIA using an extended, overlapping temperature gradient	timsTOF Pro	FALSE	diaPASEF	0.95	protocol_text	Homo sapiens (human)	human	Advanced Technology and Biology Division, The Walter and Eliza Hall Institute of Medical Research, Melbourne, VIC, Australia	Dr. Laura Dagley	blood cell	2024-05-20				mixed_instruments
1057	PXD040175	Clinical and pulmonary function analysis in long-COVID revealed that long-term pulmonary dysfunction is associated with vascular inflammation pathways and metabolic syndrome	timsTOF Pro	TRUE	diaPASEF	0.95	protocol_text	Homo sapiens (human)	human	Molecular and Translational Immunology Laboratory, Department of Clinical Biochemistry and Immunology, Pharmacy Faculty, University of Concepcion, Concepcion, Chile.	Estefanía Nova-Lamperti	blood	2023-11-22				
1058	PXD047535	Global Lactylation Profiling Reveals Lactate-Driven Regulatory Mechanisms Promoting Tumor Progression in Oral Squamous Cell Carcinoma	timsTOF Pro	TRUE	DDA	0.6	software_inference:maxquant	Homo sapiens (human)	human	Peking University School and Hospital of Stomatology	Fengyang Jing	tongue cancer cell	2024-08-23				
1059	PXD035656	proteomics Reveals the Wolframin-Calcium Axis as a Key Pathogenic Signaling Node in Primary Aldosteronism	timsTOF Pro	TRUE	DDA	0.6	software_inference:maxquant	Homo sapiens (human)	human	the First Affiliated Hospital of Chongqing Medical University	Yang Yi	adrenal adenoma cell	2025-12-26				
1060	PXD056826	Transgenic sickle cell mouse plasma and brain	timsTOF	TRUE	PASEF	0.9	protocol_text	Mus musculus (mouse)	mouse	University of Illinois Urbana-Champaign, Department of Chemistry	Jonathan V. Sweedler	brain	2025-11-25				
1061	PXD028541	Perilipin 5-mediated lipid droplet-mitochondria coupling determines mitochondrial capacity	timsTOF Pro	TRUE	DIA	0.85	protocol_text	Homo sapiens (human)	human	Institut für Pharmazeutische Wissenschaften, Universitry of Graz, Austria	Urlich Stelzl	heart	2022-02-11				
1062	PXD047550	Brain region differences in α1 and α5 subunit-containing GABAA receptor proteome revealed by affinity purification and Blue Native PAGE proteomics	timsTOF Pro 2	TRUE	diaPASEF	0.95	protocol_text	Mus musculus (mouse)	mouse	CNCR,VU Amsterdam	Kawan Li	brain	2024-01-26				
1063	PXD057784	Study of molecular mechanisms in lung injury due to ultra-high and conventional dose rate pulsed radiation based on 4D-DIA proteomics	timsTOF Pro	TRUE	diaPASEF	0.95	protocol_text	Mus musculus (mouse)	mouse	Beijing Key Laboratory for Radiobiology, Beijing Institute of Radiation Medicine, Beijing 100850, P.R. China	ChangZhen Wang	lung	2025-05-07				
1064	PXD051878	iDIA-QC: AI-empowered Data-Independent Acquisition Mass Spectrometry-based Quality Control	timsTOF Pro	FALSE	diaPASEF	0.95	protocol_text	Mus musculus (mouse)	mouse	School of Medicine, School of Life Sciences, Westlake University, Hangzhou, Zhejiang, China.	Tiannan Guo	liver	2025-05-06				mixed_instruments
1065	PXD038245	Ultrasensitive Capillary Electrophoresis Trapped Ion Mobility Time-of-Flight Mass spectrometry Reveals Proteome Transition in the Brain’s Developing Circadian Pacemaker	timsTOF	TRUE	PASEF	0.9	protocol_text	Mus musculus (mouse)	mouse	Associate Professor, University of Maryland College Park, MD 20742	Peter Nemes	brain	2023-10-25				
1066	PXD043196	Widespread Involvement of Acetylation in the Retinal Metabolism of Form-Deprivation Myopia in Guinea Pigs	timsTOF Pro 2	TRUE	DDA	0.6	software_inference:maxquant	Cavia porcellus (guinea pig)	cavia_porcellus_(guinea_pig)	Affiliated Eye Hospital of Shandong University of Traditional Chinese Medicine	Hongsheng Bi	retina	2023-07-12				
1067	PXD046236	HEK whole proteome of carboxypyridostatin (cPDS) treated cells	timsTOF Pro	TRUE	PASEF	0.9	protocol_text	Homo sapiens (human)	human	Cancer Research Center of Toulouse, INSERM UMR 1037, 31037 Toulouse, France  Université Toulouse III Paul Sabatier, 31330 Toulouse, France	Anne Cammas	permanent cell line cell	2025-05-06				
1068	PXD030860	The serum of COVID-19 asymptomatic patients  in circulating angiogenic cells ex-vivo	timsTOF Pro	TRUE	PASEF	0.9	protocol_text	Homo sapiens (human)	human	University of Cadiz	Duran-Ruiz, Carmen	blood serum	2022-05-20				
1069	PXD029441	Role of EVs in inflammation propagation and oxidative stress during vascular calcification	timsTOF Pro	TRUE	PASEF	0.9	protocol_text	Homo sapiens (human)	human	Necker Proteomic Platform, SFR Necker, Paris, France	Chiara Guerrera	macrophage	2022-05-19				
1070	PXD026401	Discovery of biomarkers with clinical utility for recurrent aphthous stomatitis using saliva as liquid biopsy and mass spectrometry-based proteomics	timsTOF Pro	TRUE	PASEF	0.9	protocol_text	Homo sapiens (human)	human	Departmento de Ciencias Básicas Biomédicas, Facultad de Ciencias de la Salud, Universidad de Talca, Talca, Región del Maule, Chile	César Rivera	saliva	2021-06-17				
1071	PXD041045	Suspension TRAPping filter (sTRAP) sample preparation for quantitative proteomics in the low µg input range using a plasmid DNA micro-spin column: analysis of the hippocampus from the 5xFAD Alzheimer’s Disease mouse model	timsTOF Pro 2	TRUE	diaPASEF	0.95	protocol_text	Mus musculus (mouse)	mouse	Center for Neurogenomics and Cognitive Research, Department of Molecular and Cellular Neurobiology, Amsterdam Neuroscience, Vrije Universiteit Amsterdam, 1081 HV Amsterdam, The Netherlands.	Ka Wan Li	brain	2023-05-23				
1072	PXD063339	PSME3 Regulates Migration and Differentiation of Myoblasts	timsTOF HT	TRUE	DIA	0.65	software_inference:diann	"Mus musculus; Mus musculus (mouse)"	"mouse; mouse"	ISTA (Institute of Science and Technology Austria), Austria	Martin Hetzer		2025-06-17				multi_organism
1073	PXD063351	PSME3 Regulates Migration and Differentiation of Myoblasts	timsTOF HT	TRUE	DIA	0.65	software_inference:diann	"Mus musculus; Mus musculus (mouse)"	"mouse; mouse"	ISTA (Institute of Science and Technology Austria)	Martin Hetzer		2025-06-17				multi_organism
1074	PXD068793	Introducing the Sinclair Nanopig™ model: Preliminary genomic, proteomic, and hepatic CYP450 characterization for (bio)pharmaceutical safety assessment	timsTOF Pro 2	TRUE	diaPASEF	0.95	protocol_text	Sus scrofa domesticus (domestic pig)	pig	University of Missouri-Columbia	Thao Nguyen	spleen	2025-10-08				
1075	PXD051251	Insights into differences in the dilated cardiomyopathy phenotype in mice carrying NLS variants in RBM20 revealed by multiomics	timsTOF Pro	TRUE	DDA	0.6	software_inference:maxquant	Mus musculus (mouse)	mouse	Department of Animal and Dairy Sciences, University of Wisconsin-Madison, Madison WI 53706, USA	Wei Guo	heart	2025-12-08				
1076	PXD043873	A General Approach for Activity-based Protein Profiling of Oxidoreductases with Redox-differentiated Diarylhalonium Warheads	timsTOF Pro	TRUE	diaPASEF	0.95	protocol_text	Mus musculus (mouse)	mouse	"Institute of Chemical Technologies and Analytics, Technische Universität Wien, Getreidemarkt 9, 1060 Vienna, Austria; Research and Diagnostic Institute of Pathology, Medical University of Graz, Stiftingtalstraße 6, 8036, Graz, Austria"	Ruth Birner-Gruenberger	liver	2025-05-06				
1077	PXD069074	Lung adenocarcinoma surfaceome remodeling with EGFR inhibitors uncovers placental alkaline phosphatase as a target for combination therapy	timsTOF	TRUE	DIA	0.95	experimentTypes	Homo sapiens (human)	human	Department of Clinical Cancer Prevention, The University of Texas MD Anderson Cancer Center, Houston, TX 77030, USA.	Samir Hanash	cell culture	2025-10-09				
1078	PXD040855	MALT1 paracaspase controls cholesterol homeostasis in glioblastoma stem-like cells through lysosome proteome shaping	timsTOF	TRUE	DDA	0.6	software_inference:maxquant	Homo sapiens (human)	human	Team SOAP, CRCI2NA, Nantes Université, Inserm, CNRS, Université d’Angers, Nantes, France	Gavard Julie	brain	2025-01-16				
1079	PXD052805	RNF157 targets RIG-I/DDX58 promotes proliferation in hepatocellular carcinoma	timsTOF	TRUE	DIA	0.95	experimentTypes	Homo sapiens (human)	human	Affiliated Chuzhou Hospital of Anhui Medical University	Changsong ma	cell culture	2024-10-21				
1080	PXD060083	Plectin-mediated cytoskeletal crosstalk as a target for inhibition of hepatocellular carcinoma growth and metastasis – in vitro phosphoproteomics	timsTOF Pro	TRUE	DDA	0.85	protocol_text	Homo sapiens (human)	human	University of Vienna, Faculty of Chemistry, Department of Analytical Chemistry	Christopher Gerner	hepatoma cell line	2025-04-22				
1081	PXD068418	Cerebellar Mechanisms Underlying Autism-Like Cognitive Deficits in Mouse Offspring with Prenatal Valproic Acid Exposure	timsTOF Pro	TRUE	DIA	0.85	protocol_text	Mus musculus (mouse)	mouse	Department of Public Health and Medical Technology, Xiamen Medical College	Juan Wang	brain	2025-11-10				
1082	PXD061644	Clinicopathologic and Proteomic Characteristics of Low-Grade Undifferentiated Spindle Cell SarcomaClinicopathologic and Proteomic Characteristics of Low-Grade Undifferentiated Spindle Cell Sarcoma	timsTOF Pro	TRUE	DDA	0.85	protocol_text	Homo sapiens (human)	human	the Department of Pathology, the First Affiliated Hospital of Sun Yat-sen University, Guangzhou, China	Yani Wei	whole body	2025-06-28				
1083	PXD047218	Uncovering the mechanisms responsible for intravenous paracetamol-induced hypotension	timsTOF	TRUE	DIA	0.85	protocol_text	Homo sapiens (human)	human	University of Copenhagen, Department of Biomedical Sciences, Jepps lab, Blegdamsvej 3, Copenhagen N.	Thomas Jepps	cell culture	2025-05-20				
1084	PXD043052	The Proteomics landscape of aortic aneurysm	timsTOF Pro	TRUE	diaPASEF	0.95	protocol_text	Homo sapiens (human)	human	Fudan University	Weijia Zhang	aorta	2024-12-10				
1085	PXD058690	Cerebrovascular proteome changes with mucin-domain glycoprotein degradation and core 1 mucin-type O-glycan downregulation	timsTOF Pro	TRUE	DIA	0.65	software_inference:spectronaut	Mus musculus (mouse)	mouse	Department of Neurology and Neurological Sciences, Stanford University, United States	Tony Wyss-Coray	brain	2024-12-17				
1086	PXD041943	Proteomic identification of the GPER1 interactome	timsTOF Pro	FALSE	PASEF	0.9	protocol_text	Homo sapiens (human)	human	Département de Biologie Moléculaire et Cellulaire, Université de Genève	Didier Picard	permanent cell line cell	2023-11-06				mixed_instruments
1087	PXD038787	CSF glycoproteomics reveals brain-specific changes in glyco-sylation in congenital disorders of glycosylation	timsTOF Pro	TRUE	PASEF	0.9	protocol_text	Homo sapiens (human)	human	VU Amsterdam, Division of BioAnalytical Chemistry	Melissa Baerenfaenger	cerebrospinal fluid	2023-01-18				
1088	PXD027525	Proteomic profiling to predict therapeutic response to anti-PD1 therapy in advanced melanoma	timsTOF Pro	TRUE	PASEF	0.9	protocol_text	Homo sapiens (human)	human	University of Vienna, Faculty of Chemistry, Joint Metabolome Facility, Department of Analytical Chemistry	Christopher Gerner	blood serum	2023-08-18				
1089	PXD039416	Ex vivo proteomics of Mycobacterium marinum	timsTOF fleX	TRUE	PASEF	0.9	protocol_text	Danio rerio (zebrafish) (brachydanio rerio)	zebrafish	Head of Proteomics	Tuula Nyman		2023-03-06				
1090	PXD064674	Steric Repulsion Counteracts ER-to-Lipid Droplet Protein Movement	timsTOF	TRUE	DDA	0.6	software_inference:maxquant	Mus musculus (mouse)	mouse	Osnabrück University Department of Biology/Chemistry, Bioanalytical Chemistry section, 49076 Osnabrück, Germany	Florian Fröhlich	cell culture	2025-09-28				
1091	PXD067233	Optimising the induction of inflammation within preterm infant-derived intestinal epithelial organoids	timsTOF HT	TRUE	diaPASEF	0.95	protocol_text	Homo sapiens (human)	human	Newcastle University Biosciences Institute   Cookson Building Newcastle University NE2 4HH United Kingdom	Matthias Trost	cell culture	2026-01-14				
1092	PXD064837	Glycoproteomics analysis of Complement Factor H and its effect on complement regulatory function during Streptococcus pneumoniae-associated hemolytic uremic syndrome	timsTOF Pro 2	TRUE	PASEF	0.9	protocol_text	Homo sapiens (human)	human	Department of Human Genetics, Radboud University Medical Center, Nijmegen, The Netherlands	Hans JCT Wessels	blood plasma	2025-08-21				
1093	PXD042038	4D-FastDIA quantitative phosphorylation modification omics analysis before and after expression of Salmonella effector SteC in RAW264.7 cell	timsTOF	TRUE	DDA	0.9	experimentTypes	Mus musculus (mouse)	mouse	Department of Pathogen Biology, School of Clinical and Basic Medicine, Shandong First Medical University &Shandong Academy of Medical Sciences	Min Zhang	cell culture	2024-02-22				
1094	PXD063984	Heterozygous nonsense FLI1Met100* variant results in thrombocytopenia and increased erythroid gene expression	timsTOF HT	TRUE	diaPASEF	0.95	protocol_text	Homo sapiens (human)	human	Laboratory of mass spectrometry, Sanquin Research, Amsterdam, NL	A.J. Hoogendijk	cell culture	2025-12-05				
1095	PXD034826	Proteomics analysis for the study of beta cell adaptation to stress in mice deficient for insulin-degrading enzyme (IDE)	timsTOF	TRUE	DDA	0.6	software_inference:maxquant	Mus musculus (mouse)	mouse	Lab Head of Necker Proteomics Platform	Ida Chiara Guerrera	cell culture	2024-06-16				
1096	PXD063831	A flexible end-to-end automated sample preparation workflow enables reproducible large-scale bottom-up proteomics - Part 4	timsTOF HT	FALSE	diaPASEF	0.95	protocol_text	Homo sapiens (human)	human	Biognosys AG	Roland Bruderer	cell culture	2025-10-17				mixed_instruments
1097	PXD047053	Human NDMM MHC-I immunopeptidome mass spectrometry	timsTOF Pro 2	TRUE	PASEF	0.9	protocol_text	Homo sapiens (human)	human	School of Basic Medical Sciences, Southern Medical University	Dong Wang	blood plasma	2025-02-20				
1098	PXD053786	Super-enhancer-driven CACNA2D2 is an EWSR1::WT1 signature gene encoding a diagnostic marker for desmoplastic small round cell tumor (DSRCT)	timsTOF Pro	TRUE	single-cell	0.9	protocol_text	Homo sapiens (human)	human	Hopp Children`s Cancer Center Heidelberg (KiTZ)  National Center for Tumor Diseases (NCT), NCT Heidelberg, a partnership between DKFZ and Heidelberg University Hospital, Germany Division of Translational Pediatric Sarcoma Research, German Cancer Research Center (DKFZ), German Cancer Consortium (DKTK), Heidelberg, Germany	Dr. Florencia Cidre-Aranaz	cell culture	2025-06-30				
1099	PXD030994	Dynamic changes in the proteome of early bovine embryos developed in vivo	timsTOF Pro	TRUE	PASEF	0.9	protocol_text	Bos taurus (bovine)	bovine	UMS Biosit - CNRS 3480 - Inserm 018 Campus de Beaulieu - Bâtiment. 24 - CS2407 263 Avenue du Général Leclerc 35042 RENNES CEDEX FRANCE	Charles Pineau	embryo	2022-05-20				
1100	PXD063467	Comprehensive investigation of (redox-) proteomic changes induced by cana-, dapa-, empagliflozin treatment in cardiac cells	timsTOF HT	TRUE	diaPASEF	0.95	protocol_text	Homo sapiens (human)	human	Institute of Chemical Technologies and Analytics, TU Wien, Austria Diagnostic and Research Institute of Pathology, Medical University of Graz, Austria	Ruth Birner-Gruenberger	cell culture	2026-01-20				
1101	PXD056232	Proteomics of TurboID-induced biotinylated proteins from astrocyte and astrocyte endeet after acute peripheral inflammation	timsTOF SCP	TRUE	PASEF	0.9	protocol_text	Mus musculus (mouse)	mouse	UK Dementia Research Institute University of Edinburgh	Blanca Diaz-Castro		2025-09-11				
1102	PXD060163	An updated inventory of genes essential for oxidative phosphorylation identifies a mitochondrial origin in familial Ménière’s disease - Quantitative K562 proteomics	timsTOF Pro	TRUE	PASEF	0.9	protocol_text	Homo sapiens (human)	human	Dpt. of Immunobiology University of Lausanne (UNIL), Boveresses 155 CH-1066 Epalinges	Alexis Jourdain	blood cell	2025-07-30				
1103	PXD055597	Proteomic analysis of plasma-derived extracellular vesicles: pre- and postprandial comparisonsProteomic analysis of plasma-derived extracellular vesicles: pre- and postprandial comparisons	timsTOF Pro	TRUE	PASEF	0.9	protocol_text	Homo sapiens (human)	human	Cellular Proteome Research Group, Helmholtz Centre for Infection Research, Braunschweig, Germany.	Lothar Jaensch	blood	2025-05-07				
1104	PXD029121	Investigation of hepatic stellate cell proteomics during activa-tion with fetal bovine serum	timsTOF Pro	TRUE	PASEF	0.9	protocol_text	Homo sapiens (human)	human	Vienna University of Technology Institute of Chemical Technologies and Analytics Getreidemarkt 9/E164 A-1060 Vienna Austria	Ruth Birner-Gruenberger	permanent cell line cell	2022-02-14				
1105	PXD063082	Localisation of Organelle Proteins using Data-Independent Acquisition (DIA-LOP)	timsTOF HT	FALSE	diaPASEF	0.95	protocol_text	Homo sapiens (human)	human	Cambridge Centre for Proteomics, Department of Biochemistry, University of Cambridge,  Tennis Court Road, Cambridge, CB2 1GA, UK	Kathryn S. Lilley	cell culture	2025-09-29				mixed_instruments
1106	PXD046035	A single-sample workflow for joint metabolomic and proteomic analysis of clinical specimens	timsTOF Pro	TRUE	single-cell	0.9	protocol_text	"Homo sapiens (human); Mus musculus (mouse)"	"human; mouse"	Faculty of Medicine, University of Heidelberg, 69120 Heidelberg, Germany   Division Proteomics of Stem Cells and Cancer, German Cancer Research Center (DKFZ), Im Neuenheimer Feld 581, 69120 Heidelberg, Germany	Jeroen Krijgsveld	cell culture	2024-08-01				multi_organism
1107	PXD040716	The GlycoPaSER prototype as a real-time N-glycopeptide identification tool based on the PaSER parallel computing platform	timsTOF Pro 2	TRUE	PASEF	0.9	protocol_text	Homo sapiens (human)	human	Translational Metabolic Laboratory, Department of Laboratory Medicine, Radboud Institute for Molecular Life Sciences, Radboud University Medical Center, 6525 GA Nijmegen, The Netherlands	Hans J.C.T. Wessels	blood plasma	2023-03-13				
1108	PXD053195	the quantitative proteome of B. subtilis strain 168 and its RapP-overexpressing strain	timsTOF Pro	TRUE	PASEF	0.9	protocol_text	Bacillus subtilis	bacillus_subtilis	School of Life Sciences, Central China Normal University, Wuhan, Hubei province, China	Xiongfeng Dai & Manlu Zhu	cell culture	2024-11-02				
1109	PXD058944	Study on the changes of extracellular matrix morphology and components in COPD animal model by using lung decellularized scaffold	timsTOF Pro	TRUE	PASEF	0.9	protocol_text	Mus musculus (mouse)	mouse	138 Tongzipo Road,Changsha,Hunan,P.R.China	Lihua Xie	lung	2025-05-07				
1110	PXD060363	Identification of global proteome changes upon rapalog-induced tethering of WIPI2 to the mitochondrial outer membrane in wild-type or NIX/BNIP3 DKO HeLa cells	timsTOF HT	TRUE	diaPASEF	0.95	protocol_text	Homo sapiens (human)	human	Max Perutz Labs, Vienna BioCenter, University of Vienna Dr. Bohr-Gasse 9/5, 1030 Vienna, Austria	Sascha Martens	cell culture	2025-01-30				
1111	PXD044326	Antibody Characterisation using FFAP	timsTOF SCP	TRUE	DDA	0.6	software_inference:mascot	Homo sapiens (human)	human	Institute of Microbiology, The Czech Academy of Scicences	Petr Novak		2024-05-21				
1112	PXD039710	The CD58:CD2 axis is co-regulated with PD-L1 via CMTM6 and shapes anti-tumor immunity	timsTOF Pro	TRUE	single-cell	0.9	protocol_text	Homo sapiens (human)	human	Department of Medicine, Columbia University	Benjamin Izar	cell culture	2023-07-06				
1113	PXD061590	Proteomics of a human dental plaque sample, LC-MSMS	timsTOF fleX	TRUE	DIA	0.85	protocol_text	Homo sapiens (human)	human	Proteomics Core Facility, School of Science, National and Kapodistrian University of Athens, Athens, Greece	Guillaume Médard	tooth	2025-11-10				
1114	PXD067120	Role of SPOP in cardiac hypertrophy and heart failure	timsTOF Pro	TRUE	diaPASEF	0.95	protocol_text	Mus musculus (mouse)	mouse	Harbin Medical University	Hao Wu	heart	2025-08-26				
1115	PXD030130	Age-related differences in structure and function of nasal epithelial cultures from healthy children and elderly people	timsTOF Pro	TRUE	single-cell	0.9	protocol_text	Homo sapiens (human)	human	"Department of Pediatric Respiratory Medicine, Immunology and Critical Care Medicine, Charite ‐ Universitatsmedizin, Germany; German Center for Lung Research (DZL), Associated Partner Site, Germany; Berlin Institute of Health (BIH) at Charité - Universitätsmedizin Berlin, Germa"	Marcus Mall	cell culture	2022-02-28				
1116	PXD071487	SIRT1 mediates brain metabolic and developmental consequences of methionine synthase deficiency in inborn errors of cobalamin metabolism	timsTOF Pro 2	TRUE	PASEF	0.9	protocol_text	Mus musculus (mouse)	mouse	Inserm UMRS 1256 N-GERE (Nutrition-Genetics-Environmental Risks)	GUEANT-RODRIGUEZ, Rosa-Maria	brain	2026-01-06				
1117	PXD065419	SUMOylation proteomic analysis in mouse liver	timsTOF Pro	TRUE	PASEF	0.9	protocol_text	Mus musculus (mouse)	mouse	1. Department of Biochemistry and Molecular Cell Biology, State Key Laboratory of Oncogenes and Related Genes, Shanghai Key Laboratory for Tumor Microenvironment and Inflammation, Key Laboratory of Cell Differentiation and Apoptosis of Chinese Ministry of Education, Shanghai Jiao Tong University School of Medicine.	Jie Yang	liver	2026-02-09				
1118	PXD056805	H3K14la drives endothelial dysfunction in sepsis-induced ARDS via promoting SLC40A1/TFR-mediated ferroptosis	timsTOF Pro	TRUE	PASEF	0.9	protocol_text	Mus musculus (mouse)	mouse	1 Department of Emergency, Ruijin Hospital, Shanghai Jiao Tong University School of Medicine	Erzhen Chen	lung	2025-05-07				
1119	PXD053351	RNAPII interactome in INTS6 degron cells	timsTOF Pro	TRUE	PASEF	0.9	protocol_text	Homo sapiens (human)	human	DNRF Center for Gene Expression  Department of Cellular and Molecular Medicine Blegdamsvej 3B University of Copenhagen 2200 Copenhagen N, Denmark	Jesper Svejstrup	flp-in-t-rex cell	2025-12-22				
1120	PXD023904	Deep Visual Proteomics defines single-cell identity and heterogeneity	timsTOF Pro	TRUE	single-cell	0.9	protocol_text	Homo sapiens (human)	human	Prof. Dr. Matthias Mann Max Planck Institute of Biochemistry Am Klopferspitz 18 82152 Martinsried +49 89 8578-2557	Matthias Mann	cell culture	2022-04-27				
1121	PXD057389	FBXW7 alleviates c-MYC repression of pyruvate carboxylase to support metabolic flexibility	timsTOF Pro	TRUE	PASEF	0.9	protocol_text	Homo sapiens (human)	human	Department of Immunobiology, University of Lausanne (Chemin des Boveresses 155, Epalinges 1066)	Alexis A. Jourdain	blood cell	2026-01-30				
1122	PXD048222	INTEGRATED MULTI-OMICS ANALYSIS OF PBX1 IN MOUSE ADULT NEURAL STEMAND PROGENITOR CELLS IDENTIFIES A TRANSCRIPTIONAL MODULE WITH RELEVANCE TO LEUKEMOGENESIS	timsTOF Pro 2	TRUE	PASEF	0.9	protocol_text	Mus musculus (mouse)	mouse	Max Planck Institute of Biophysics and Max Planck Institute for Brain Research	Julian Langer	brain	2024-09-16				
1123	PXD041339	Caspase-2 protects against ferroptotic cell death	timsTOF Pro	TRUE	diaPASEF	0.95	protocol_text	Homo sapiens (human)	human	"Group Leader; Honorary Senior Fellow: Sir Peter MacCallum Department of Oncology, University of Melbourne, Australia"	A/Prof Nicholas Clemons	epithelial cell	2024-03-06				
1124	PXD026110	FASN-dependent de novo lipogenesis is required for brain development	timsTOF Pro	TRUE	single-cell	0.9	protocol_text	Homo sapiens (human)	human	University of Zurich, Brain Research Institute, Laboratory of Neural Plasticity	Sebastian Jessberger	cell culture	2022-01-14				
1125	PXD042478	Pronounced metabolic alterations and susceptibility to inflammation, fibrosis, and cancer in livers from lysosomal acid lipase-deficient mice	timsTOF Pro	TRUE	PASEF	0.9	protocol_text	Mus musculus (mouse)	mouse	"Faculty of Technical Chemistry, Institute of Chemical Technologies and Analytics, Technische Universität Wien (TU Wien), 1060 Vienna, Austria;  Diagnostic and Research Institute of Pathology, Medical University of Graz, 8036 Graz, Austria;  BiotechMed-Graz, Omics Center Graz, 8010 Graz, Austria;"	Ruth Birner-Gruenberger	liver	2023-10-24				
1126	PXD029654	Quantitative proteomics analysis of mice lung	timsTOF Pro	TRUE	PASEF	0.9	protocol_text	Mus musculus (mouse)	mouse	changchun university of chinese medicine	Liping Sun	lung	2022-02-17				
1127	PXD040661	PROTEOMIC ANALYSIS OF DYSFUNCTIONAL LIVER SINUSOIDAL ENDOTHELIAL CELLS REVEALS  SUBSTANTIAL DIFFERENCES IN MOST COMMON EXPERIMENTAL MODELS OF CHRONIC LIVER  DISEASES.	timsTOF Pro	TRUE	PASEF	0.9	protocol_text	Rattus norvegicus (rat)	rat	Proteomics Service CIC bioGUNE, Bizakaia Tech. Park Build. 800 48160 Derio Spain	Felix Elortza		2023-10-24				
1128	PXD061560	Employing Expression-Matched Controls Enables High Confidence Proximity-Based Interactome Classification (Dataset 2)	timsTOF Pro 2	TRUE	DIA	0.85	protocol_text	Homo sapiens (human)	human	School of Biological Sciences, Department of Cell and Developmental Biology, University of California, San Diego, CA, USA	Eric Bennett	cell culture	2025-07-13				
1129	PXD061541	Employing Expression-Matched Controls Enables High Confidence Proximity-Based Interactome Classification (Dataset 1)	timsTOF Pro 2	TRUE	DIA	0.85	protocol_text	Homo sapiens (human)	human	School of Biological Sciences,Department of Cell and Developmental Biology, University of California, San Diego, CA, USA	Eric Bennett	cell culture	2025-07-13				
1130	PXD056009	Development of mirror-image monobodies targeting the oncogenic BCR::ABL1 kinase	timsTOF Pro	TRUE	PASEF	0.9	protocol_text	Homo sapiens (human)	human	Philipps-University Marburg  Faculty of Chemistry Core Facility for Mass Spectrometry Hans-Meerwein-Str. 4 35032 Marburg	Dr. Uwe Linne	blood cell	2024-10-28				
1131	PXD060044	Human glioma cells CELSR2 knock-down LC-MSMS	timsTOF Pro 2	TRUE	DIA	0.95	experimentTypes	Homo sapiens (human)	human	University of Health and Rehabilitation Sciences	Aimei Liu	cell culture	2025-11-10				
1132	PXD060265	Mechanical confinement governs phenotypic plasticity in melanoma	timsTOF	TRUE	single-cell	0.9	protocol_text	Homo sapiens (human)	human	Cancer Biology and Genetics Program, Memorial Sloan Kettering Cancer Center, New York, NY	Richard White		2025-08-26				
1133	PXD040481	Malonylation of Acetyl-CoA Carboxylase 1 Promotes Hepatic Steatosis and Is Attenuated by Ketogenic Diet in NAFLD	timsTOF Pro	TRUE	PASEF	0.9	protocol_text	Mus musculus (mouse)	mouse	Department of Endocrinology and Metabolism, the Third Affiliated Hospital of Sun Yat-sen University, Guangzhou, P.R. China 510630	Fen Xu	liver	2023-07-21				
1134	PXD027001	Identification of ubiquitinated proteins in lung adenocarcinoma and normal lung tissues	timsTOF Pro	TRUE	DDA	0.6	software_inference:maxquant	Homo sapiens (human)	human	Department of Thoracic Surgery, The Second Affiliated Hospital of Harbin Medical University, Harbin 150086, China	Zhang linyou	lung	2022-01-12				
1135	PXD058981	Seeded aggregation of TDP-43 induces its loss of function	timsTOF Pro 2	TRUE	DIA	0.85	keywords	Homo sapiens (human)	human	University of Zurich Department of Quantitative Biomedicine	Magdalini Polymenidou	cell culture	2025-04-14				
1136	PXD050328	HDAC inhibitors activate lipid peroxidation and ferroptosis in gastric cancer	timsTOF Pro 2	TRUE	DIA	0.95	experimentTypes	Homo sapiens (human)	human	AG Functional Proteomics, University Hospital Jena	Prof. Dr. Florian Meier	cell culture	2024-05-21				
1137	PXD059596	Inhibition of tumor-intrinsic NAT10 enhances antitumor immunity by triggering type I interferon responses via MYC/CDK2/DNMT1 pathway	timsTOF Pro 2	TRUE	DDA	0.6	software_inference:msfragger	Mus musculus (mouse)	mouse	Qilu Hospital of Shandong University	Wancheng Liu	cell culture	2025-05-16				
1138	PXD036478	Adenosine-rich extract of Ganoderma lucidum: a safe and effective lipid-lowering substance via regulating expression and modulation of PPAR signaling pathway	timsTOF Pro	TRUE	PASEF	0.9	protocol_text	Mus musculus (mouse)	mouse	Dongzhimen Hospital, Beijing University of Chinese Medicine	Shengxian Wu	liver	2023-03-11				
1139	PXD062685	DIA-PASEF acquisition of mixed-species samples for ProteoBench	timsTOF SCP	TRUE	diaPASEF	0.95	protocol_text	"Homo sapiens (human); Saccharomyces cerevisiae (baker's yeast); Escherichia coli"	"human; yeast; ecoli"	1. Institut de Pharmacologie et de Biologie Structurale (IPBS), CNRS, Université de Toulouse (UT), Toulouse, 31077, France 2. Infrastructure Nationale de Protéomique, ProFI, UAR 2048, Toulouse, France	Marie Locard-Paulet		2025-05-09				multi_organism
1140	PXD027008	Proteomic Identification of Lung Adenocarcinoma and Normal Lung Tissue	timsTOF Pro	TRUE	DDA	0.6	software_inference:maxquant	Homo sapiens (human)	human	Department of Thoracic Surgery, The Second Affiliated Hospital of Harbin Medical University, China	Zhang linyou	lung	2022-01-12				
1141	PXD051311	Cytosolic N6AMT1-dependent translation supports mitochondrial RNA processing to prevent double-stranded RNA accumulation	timsTOF Pro	TRUE	PASEF	0.9	protocol_text	Homo sapiens (human)	human	Department of Immunobiology, University of Lausanne (UNIL), Chemin des Boveresses 155 CH-1066 Epalinges	Alexis Jourdain	blood cell	2024-11-11				
1142	PXD032370	Dual CBS and MPST gene knockdown induces inflammation and impairs adipogenesis in human adipocytes	timsTOF Pro	TRUE	PASEF	0.9	protocol_text	Homo sapiens (human)	human	Proteomics Platform CIC bioGUNE Bizkaia Tech. Park Build. 800 Derio 48160 Spain	Felix Elortza	preadipocyte	2022-08-12				
1143	PXD003624	Identification of BNC2 interactors in human LX2 cells using RIME	timsTOF Pro	TRUE	DDA	0.6	software_inference:mascot	Homo sapiens (human)	human	Laboratoire de Spectrométrie de Masse Bio-Organique Département des Sciences Analytiques, Institut Pluridisciplinaire Hubert Curien, UMR 7178 (CNRS-UdS) ECPM, Bat. R5-N0, 25  rue Becquerel  F67087-Strasbourg-Cedex 2	Strub Jean-Marc	liver	2022-08-05				
1144	PXD032667	Acute stress induces long-term metabolic, functional and structural remodeling of the heart	timsTOF Pro	TRUE	PASEF	0.9	protocol_text	Mus musculus (mouse)	mouse	Plateforme d’Imageries du Vivant, Université Paris Cité, PARCC, INSERM, F-75006 Paris, France	Bertrand Tavitian	heart	2023-06-28				
1145	PXD034369	Isolation and Characterisation of EVs from Feline Plasma: A Comparative Analysis with Human Plasma Derived EVs	timsTOF Pro	TRUE	PASEF	0.9	protocol_text	Homo sapiens (human)	human	University College Dublin, School of Medicine, Conway Institute Belfield Dublin 4, Ireland.	Amanda McCann	blood cell	2022-07-13				
1146	PXD062722	Proteomics of the temporal cortex in Semantic Dementia reveals brain-region specific molecular pathology and regulation of the TDP-43-ANXA11 interactome	timsTOF Pro 2	TRUE	diaPASEF	0.95	protocol_text	Homo sapiens (human)	human	Department of Molecular and Cellular Neurobiology, Center for Neurogenomics and Cognitive Research, Amsterdam Neuroscience, Vrije Universiteit Amsterdam, Amsterdam, The Netherlands	A.B. Smit	brain	2026-01-16				
1147	PXD041243	Plasma protein profiling of women after a GDM pregnancy	timsTOF Pro	TRUE	DDA	0.6	software_inference:msfragger	Homo sapiens (human)	human	Department of Physiology, University of Toronto, Toronto, Ontario, Canada	Michael Wheeler	blood plasma	2024-09-04				
1148	PXD050682	Proteomic characterization  of 1,000 human and murine neutrophils freshly isolated from blood and sites of sterile inflammation	timsTOF	TRUE	PASEF	0.9	protocol_text	"Homo sapiens (human); Mus musculus (mouse)"	"human; mouse"	Proteomics, Leibniz-Institut für Analytische Wissenschaften – ISAS – e.V., Dortmund, Germany	Albert Sickmann	brain	2024-10-11				multi_organism
1149	PXD027974	Proteomic analysis of mouse hearts treated with and without 2-deoxy-D-glucose	timsTOF Pro	TRUE	PASEF	0.9	protocol_text	Mus musculus (mouse)	mouse	Proteomics Platform CIC bioGUNE Bizkaia Tech. Park, Build. 800 Derio 48160 Bizkaia (Spain)	Felix Elortza	heart	2022-05-20				
1150	PXD055900	Neuronal aging leads to disrupted RNA metabolism	timsTOF Pro 2	TRUE	diaPASEF	0.95	protocol_text	Homo sapiens (human)	human	Department of Cell & Developmental Biology, University of California, San Diego, CA 92093, USA.	Eric J. Bennett	brain	2025-02-19				
1151	PXD039875	High-throughput mass spectrometry maps the sepsis plasma proteome and differences in response	timsTOF Pro	TRUE	DDA	0.6	software_inference:msfragger	Homo sapiens (human)	human	Target Discovery Institute University of Oxford	Roman Fischer	blood plasma	2024-06-06				
1152	PXD045467	A DIA-MS-based proteomics approach to find potential serum prognostic biomarkers in glioblastoma patients	timsTOF Pro 2	TRUE	diaPASEF	0.95	protocol_text	Homo sapiens (human)	human	CHU Angers, Angers, France Inserm UMR 1307, CNRS UMR 6075, Université de Nantes, CRCI2NA, Université d'Angers, Angers, France	Clavreul Anne	brain	2025-09-15				
1153	PXD062507	Proteomic analysis of the esophageal epithelium reveals key features of eosinophilic esophagitis pathophysiology	timsTOF Pro	TRUE	PASEF	0.9	protocol_text	Homo sapiens (human)	human	Instituto investigación sanitaria la Princesa	Pedro L.Majano	epithelial cell	2025-04-11				
1154	PXD056226	Proteomic Profiling of Extracellular Vesicles Derived From Different State Of Polarized Microglia	timsTOF	TRUE	PASEF	0.9	protocol_text	Mus musculus (mouse)	mouse	Zhejiang Provincial Key Laboratory of Aging and Neurological Disorder Research, The First Affiliated Hospital of Wenzhou Medical University, Wenzhou 325000, China	Zhuge Qichuan	cell culture	2024-10-30				
1155	PXD057652	Immunometabolic reprogramming of macrophages by gut microbiota-derived cadaverine controls colon inflammation	timsTOF Pro 2	TRUE	diaPASEF	0.95	protocol_text	Mus musculus (mouse)	mouse	Sorbonne Université, INSERM UMRS-938, Centre de Recherche Saint-Antoine, CRSA, AP-HP, Paris, France.	Harry Sokol	cell culture	2025-10-06				
1156	PXD044709	Reduction of ZFX levels decreases histone H4 acetylation and increases the pause ratio at target promoters	timsTOF Pro	FALSE	DIA	0.65	software_inference:spectronaut	Homo sapiens (human)	human	Department of Biochemistry and Molecular Medicine and the Norris Comprehensive Cancer Center, Keck School of Medicine, University of Southern California, Los Angeles, CA, 90089, USA	Peggy J. Farnham	brain	2024-08-09				mixed_instruments
1157	PXD053976	Proteins associated with chromatin in Hela cells detected by LC-MS	timsTOF	TRUE	DDA	0.9	experimentTypes	Homo sapiens (human)	human	"Fudan University Shanghai Cancer Center & Institutes of Biomedical Sciences; School of Basic Medical Sciences, Cancer Institutes; Key Laboratory of Breast Cancer in Shanghai; Shanghai Key Laboratory of Radiation Oncology; The Shanghai Key Laboratory of Medical Epigenetics, State Key Laboratory of Medical Neurobiology, Shanghai Medical College, Fudan University, Shanghai, China"	Qun-Ying Lei	cell culture	2024-11-15				
1158	PXD050142	Mapping the IMiD-dependent cereblon interactome using BioID-proximity labelling	timsTOF Pro	TRUE	PASEF	0.9	protocol_text	Homo sapiens (human)	human	Head of Haematology Research, School of Clinical Sciences, Monash University, Australia	ProfessorJake Shortt	epithelial cell	2024-07-09				
1159	PXD052027	Multi-Omics Analysis Revealed Significant Metabolic Changes in Brain Cancer Cells Treated with Paclitaxel and/or Topotecan	timsTOF	TRUE	DDA	0.6	software_inference:maxquant	Homo sapiens (human)	human	1. Research Institute for Medical and Health Sciences, University of Sharjah, Sharjah, United Arab Emirates. 2. College of Pharmacy, Department of Medicinal Chemistry, University of Sharjah, United Arab Emirates	Mohammad Harb Semreen	cell culture	2025-05-07				
1160	PXD058854	Probing condensate microenvironments and functions with a micropeptide “killswitch” 	timsTOF SCP	TRUE	PASEF	0.9	protocol_text	Homo sapiens (human)	human	Denes Hnisz, PhD Dept. of Genome Regulation Max Planck Institute for Molecular Genetics Ihnestraße 63-73 14195 Berlin, Germany	Denes Hnisz		2025-04-15				
1161	PXD033257	Unveiling the mechanism of action of nature-inspired anti-cancer compounds using a multi-Omics approach	timsTOF	TRUE	DDA	0.6	software_inference:maxquant	Homo sapiens (human)	human	University of Sharjah	Mohammad Semreen	cell culture	2023-01-17				
1162	PXD056771	Astrocytic EphA4 signaling is important for the elimination of excitatory synapses in Alzheimer’s disease	timsTOF Pro	TRUE	DDA	0.85	protocol_text	Mus musculus (mouse)	mouse	Room 6313, Academic building, The Hong Kong University of Science and Technology, Clear Water Bay, Kowloon	Nancy Ip	brain	2025-01-06				
1163	PXD048032	The raw interactomic data of overexpressing hCDK3 in mouse hippocampus	timsTOF Pro	TRUE	DDA	0.6	software_inference:maxquant	Mus musculus (mouse)	mouse	Institute of Neuroscience, College of Medicine, Xiamen University, Xiamen, Fujian 361005, China	Jie Zhang	brain	2025-10-27				
1164	PXD062182	Sensory nerve-secreted factors regulate basal keratinocyte function in vitro	timsTOF Pro	TRUE	DIA	0.85	protocol_text	Mus musculus (mouse)	mouse	The University of Guelph, Guelph, Ontario, Canada. The department of Biomedical Sciences at the Ontario Veterinary College.	Samantha Louise Payne	cell culture	2025-03-28				
1165	PXD047794	African swine fever virus proteins MGF360-21R and A151R interact with barrier-to-autointegration factor 1 (BANF1)	timsTOF Pro	TRUE	PASEF	0.9	protocol_text	"Homo sapiens (human); Sus scrofa domesticus (domestic pig)"	"human; pig"	Institute of Molecular Virology and Cell Biology, Friedrich-Loeffler-Institut, Greifswald-Insel Riems, Germany	Katarzyna Dolata	epithelial cell	2025-07-23				multi_organism
1166	PXD055348	A HEV ORF2 protein-mediated mechanism of hepatitis E-associated kidney disease	timsTOF Pro	FALSE	diaPASEF	0.95	protocol_text	Homo sapiens (human)	human	Department of Pathology and Molecular Pathology, University of Zurich (UZH) and University Hospital Zurich (USZ), Zurich, Switzerland.	Prof. Dr.	liver	2025-01-18				mixed_instruments
1167	PXD042795	hippocampus LC-MS experiment from Men1-CcKO mice and the controls	timsTOF Pro	TRUE	DDA	0.6	software_inference:maxquant	Mus musculus (mouse)	mouse	Institute of Neuroscience, College of Medicine, Xiamen University, Xiamen, Fujian, 361105, China	Jie Zhang	brain	2024-07-03				
1168	PXD055268	Combining ERAP1 silencing and entinostat therapy to overcome resistance to cancer  immunotherapy in neuroblastoma	timsTOF Pro	TRUE	DIA	0.95	experimentTypes	Mus musculus (mouse)	mouse	Department of Biochemistry and Molecular Biology, Infection and Immunity Program, Biomedicine Discovery Institute, Monash University, Clayton 3800 Victoria, Australia.	Anthony Wayne Purcell	cell culture	2025-05-07				
1169	PXD039477	ASCL2 is a key regulator of the proliferation-differentiation equilibrium in the esophageal epithelium	timsTOF Pro	TRUE	DIA	0.85	protocol_text	Mus musculus (mouse)	mouse	Université de Sherbrooke	Véronique Giroux	cell culture	2024-05-24				
1170	PXD024658	Proteomics investigation of the time course responses of RAW264.7 macrophages to infections with the wild-type and twin-arginine translocation mutant strains of Brucella melitensis	timsTOF Pro	TRUE	DIA	0.65	software_inference:encyclopedia	Mus musculus (mouse)	mouse	Harbin Veterinary Research Institute	Xin Yan	cell culture	2021-07-05				
1171	PXD040497	Vacuum insulated probe heated electrospray ionization source (VIP-HESI) significantly enhances micro flow rate chromatography signals in the Bruker timsTOF mass spectrometer.	timsTOF Pro	TRUE	diaPASEF	0.95	protocol_text	"Homo sapiens (human); Mus musculus (mouse)"	"human; mouse"	Lab head, Director Proteomics Group, Institute for Systems Biology (ISB), Seattle, WA, USA	Robert L. Moritz	liver	2023-05-24				multi_organism
1172	PXD024046	Comparative gene and protein expression profile of olfactory ensheathing cells from olfactory bulb and olfactory mucosa	timsTOF Pro	TRUE	DIA	0.65	software_inference:encyclopedia	Mus musculus (mouse)	mouse	School of Clinical Medicine, Ningxia Medical University, Yinchuan, Ningxia Hui Autonomous Region, China, 750004. Ningxia Human Stem Cell Institute, General Hospital of Ningxia Medical University, Yinchuan, Ningxia Hui Autonomous Region, China, 750004.	Yuanxiang Lan	cell culture	2022-02-16				
1173	PXD045888	Dynamic proximity based interactome of the transcription factor RELA to identify gene-regulatory networks revealed	timsTOF Pro	TRUE	PASEF	0.9	protocol_text	Homo sapiens (human)	human	Rudolf Buchheim Institute of Pharmacology, Justus Liebig University, Giessen, D-35392, Germany	Michael Kracht	epithelial cell	2024-11-04				
1174	PXD055179	Heparin-binding human plasma proteins	timsTOF Pro	TRUE	diaPASEF	0.95	protocol_text	Homo sapiens (human)	human	Institute of Pharmaceutical Sciences University of Graz Humboldtstraße 46/III 8010 Graz Austria	Bernd Gesslbauer	blood plasma	2024-11-06				
1175	PXD041412	Filter-aided expansion proteomics	timsTOF Pro	TRUE	diaPASEF	0.95	protocol_text	"Homo sapiens (human); Mus musculus (mouse)"	"human; mouse"	Westlake Laboratory of Life Sciences and Biomedicine, Key Laboratory of Structural Biology of Zhejiang Province, School of Life Sciences, Westlake University, Hangzhou, Zhejiang, China.	Tiannan Guo	liver	2024-10-01				multi_organism
1176	PXD028123	Phosphoproteome of SARS-CoV-2 infected Human Nasal Epithelium	timsTOF Pro	TRUE	PASEF	0.9	protocol_text	Homo sapiens (human)	human	Baxter Laboratory for Stem Cell Biology Department of Microbiology & Immunology Stanford University School of Medicine 269 Campus Drive Stanford, CA 94305-5175, USA	Peter K. Jackson	epithelial cell	2023-03-10				
1177	PXD048596	Exploring roles of the chitinase ChiC in modulating Pseudomonas aeruginosa virulence phenotypes 	timsTOF Pro	TRUE	DDA	0.6	software_inference:maxquant	"Pseudomonas aeruginosa pao1; Bacteria"	"pseudomonas_aeruginosa_pao1; bacteria"	Faculty of Chemistry, Biotechnology and Food Science Norwegian University of Life Sciences	Gustav Vaaje-Kolstad		2024-04-30				multi_organism
1178	PXD046496	Acute phase serum proteome in Cardiac Surgery	timsTOF Pro	TRUE	diaPASEF	0.95	protocol_text	Homo sapiens (human)	human	Department of Anaesthesiology and Pain Medicine, Cantonal Hospital of St. Gallen, St. Gallen, Switzerland	Markus M. Luedi	blood plasma	2023-11-27				
1179	PXD051069	Multilevel Omics-Readouts of Perturbation Studies in vitro are Determined by Memory Effects from Subculture	timsTOF Pro	TRUE	DDA	0.85	protocol_text	Homo sapiens (human)	human	University of Vienna, Faculty of Chemistry, Department of Analytical Chemistry	Christopher Gerner	colonic cancer cell line	2025-04-22				
1180	PXD029260	A Redox-Dependent Pathway for Regulating Reversible HDACs Synchronizes Crown Root Development in Rice	timsTOF Pro	TRUE	PASEF	0.9	protocol_text	Oryza sativa (rice)	oryza_sativa_(rice)	Huazhong Agricultural University	Qiutao Xu	root	2022-08-10				
1181	PXD024330	Interactome of the Autophagy Receptor TAX1BP1 (T6BP)	timsTOF Pro	TRUE	PASEF	0.9	protocol_text	Homo sapiens (human)	human	Institute for Integrative Biology of the Cell Department of Virology - Team: Autophagy and Antiviral Immunity UMR 9198 CNRS, CEA, Université Paris-Saclay 1 Avenue de la Terrasse, 91190 Gif-sur-Yvette France	Arnaud Moris	epithelial cell	2022-09-22				
1182	PXD036608	A systems immunology study comparing innate and adaptive immune responses in adults to COVID-19 mRNA (BNT162b2/mRNA-1273) and adenovirus vectored vaccines (ChAdOx1-S)	timsTOF Pro	TRUE	diaPASEF	0.95	protocol_text	Homo sapiens (human)	human	Precision Medicine Theme, South Australian Health and Medical Research Institute, Adelaide, SA, 5001, Australia	David J. Lynn	blood plasma	2023-03-01				
1183	PXD070221	Proteomic validation of MEG-01-Derived Extracellular Vesicles as Biologically Representative Models for Megakaryocyte- and Platelet-Derived Extracellular Vesicles.	timsTOF	TRUE	diaPASEF	0.95	protocol_text	Homo sapiens (human)	human	1. Gene Regulation, Stem Cells and Development group, PTS, Granada GENyO, Pfizer-University of Granada-Andalusian Regional Government Centre for Genomics and Oncological Research, Avenida de la Ilustración 114, 18016 Granada, Spain. 2. Department of Biochemistry and Molecular Biology I, Faculty of Science, University of Granada, Avenida Fuentenueva s/n, 18071 Granada, Spain.  3. Instituto de Investigación Biosanitaria ibs.GRANADA, Granada, Spain.	Pedro J. Real	cell culture	2026-01-05				
1184	PXD050527	MS-based analysisi of the role of protein neddylation in the context of T-cell-mediated anti-tumor immunity (1)	timsTOF Pro	TRUE	single-cell	0.9	protocol_text	Mus musculus (mouse)	mouse	Proteomics Service CIC bioGUNE Bizkaia Tech. Park Build. 800 48160 Derio Spain	Felix Elortza		2025-04-15				
1185	PXD068183	Vesicle-mediated mitochondrial clearance presents an actionable metabolic vulnerability in triple-negative breast cancer	timsTOF	TRUE	diaPASEF	0.95	protocol_text	Homo sapiens (human)	human	Assistant Professor, Clinical Cancer Prevention, University of Texas MD Anderson Cancer Center	Johannes F. Fahrmann	cell culture	2025-09-30				
1186	PXD046997	Steap4 controls adipocyte thermogenesis and energy expenditure by modulating mitochondrial function	timsTOF Pro 2	TRUE	PASEF	0.9	protocol_text	Mus musculus (mouse)	mouse	1Department of Biochemistry, School of Medicine, Case Western Reserve University, Cleveland, OH, 44106	Xiao Li, Ph.D	cell culture	2025-02-03				
1187	PXD036594	prm-PASEF and g-dia-PASEF analysis of plasma samples from colorectal cancer and control patients	timsTOF Pro	TRUE	diaPASEF	0.95	protocol_text	Homo sapiens (human)	human	lih	Gunnar Dittmar	blood plasma	2023-04-11				
1188	PXD052340	Increased antioxidative defense and reduced advanced glycation end-product formation by metabolic adaptation in Non-Small-Cell-Lung-Cancer patients	timsTOF Pro	TRUE	PASEF	0.9	protocol_text	Homo sapiens (human)	human	"Institute of Chemical Technologies and Analytics, TU Wien, Getreidemarkt 9, 1060 Vienna, Austria; Research and Diagnostic Institute of Pathology, Medical University of Graz, Stiftingtalstraße 6, 8036, Graz, Austria"	Ruth Birner-Gruenberger	lung	2025-05-12				
1189	PXD056046	METTL3-dependent m6A RNA Methylation Regulates Transposable Elements and Represses Human Naïve Pluripotency through Transposable Element-derived Enhancers	timsTOF	TRUE	diaPASEF	0.95	protocol_text	Homo sapiens (human)	human	1. School of Biomedical Sciences, Li Ka Shing Faculty of Medicine, The University of Hong Kong, Hong Kong Special Administrative Region, China. 2. Centre for Translational Stem Cell Biology, The University of Hong Kong, Hong Kong Special Administrative Region, China.	Pengtao Liu	cell culture	2025-05-07				
1190	PXD023422	Fluvastatin mitigates SARS-CoV-2 infection in human lung cells	timsTOF Pro	TRUE	PASEF	0.9	protocol_text	Homo sapiens (human)	human	Helmholtz Centre for Infection Reasearch, Structure and Function of proteins Division, Cellular Proteomics Group, Germany	Lothar Jaensch	epithelial cell	2021-12-07				
1191	PXD049692	Phosphoproteomics of Natural Killer (NK) Cells Stimulated with Fibrin and IL-15	timsTOF	TRUE	diaPASEF	0.95	protocol_text	Homo sapiens (human)	human	Department of Microbiology, Immunology, and Molecular Genetics, University of California, Los Angeles, Los Angeles, CA, USA  Institute for Quantitative and Computational Biosciences, University of California, Los Angeles, Los Angeles, CA, USA	Mehdi Bouhaddou	cell culture	2024-06-26				
1192	PXD042593	CISD3 is required for Complex I function, mitochondrial integrity, and skeletal muscle maintenance	timsTOF Pro	TRUE	diaPASEF	0.95	protocol_text	Mus musculus (mouse)	mouse	University of Missouri	Ron Mittler	muscle	2024-05-07				
1193	PXD042316	Presentation of DNAJB1-PRKACA fusion neoantigens by different HLA class I alleles	timsTOF Pro 2	TRUE	DDA	0.6	software_inference:maxquant	Homo sapiens (human)	human	Department of Biochemistry, Monash University, Clayton,3168, Australia	Anthony Wayne Purcell	cell culture	2024-05-24				
1194	PXD063228	LC-MSMS of the brain in mice with Alzheimer's disease	timsTOF Pro	TRUE	diaPASEF	0.95	protocol_text	Mus musculus (mouse)	mouse	The Second Affiliated Hospital of Dalian Medical University, Dalian City, Liaoning Province, China	Jing Yan	brain	2025-12-16				
1195	PXD040813	Lis1 in human cortical organoids	timsTOF Pro 2	TRUE	DDA	0.6	software_inference:msfragger	Homo sapiens (human)	human	Department of Molecular Genetics Faculty of Biochemistry Weizmann Institute of Science Rehovot, Israel	Orly Reiner	cell culture	2025-03-11				
1196	PXD057069	Muscle Cathepsin B benefits Alzheimer's Disease mice	timsTOF Pro	TRUE	diaPASEF	0.95	protocol_text	Mus musculus (mouse)	mouse	University of Copenhagen, Novo Nordisk Foundation Center for Basic Metabolic Research, Denmark	Atul Deshmukh	brain	2025-11-17				
1197	PXD056411	CDH11 regulates presynaptic vesicle trafficking and neuronal activity in autism-related brain circuit	timsTOF Pro	TRUE	diaPASEF	0.95	protocol_text	Mus musculus (mouse)	mouse	Key Laboratory of Brain Functional Genomics of Shanghai and Ministry of Education, Institute of Brain Functional Genomics, School of Life Science and the Collaborative Innovation Center for Brain Science, East China Normal University, Shanghai, China	Xiao-Bing Yuan	brain	2025-08-08				
1198	PXD049089	Mouse Fecal Metaproteomics - DIA	timsTOF Pro 2	TRUE	DIA	0.65	software_inference:diann	Mus musculus (mouse)	mouse	Regulatory Research Division, Biologic and Radiopharmaceutical Drugs Directorate, Health Products and Food Branch, Health Canada	Xu Zhang		2024-07-03				
1199	PXD056188	Proteomics of brain from a myeloid specific NPC1 KO mouse	timsTOF Pro	TRUE	diaPASEF	0.95	protocol_text	Mus musculus (mouse)	mouse	DZNE Munich, Neuroproteomics, Feodor-Lynen-Str. 17, 81377 München	Dr. Stefan F. Lichtenthaler	brain	2024-12-05				
1200	PXD055387	Establishing an activity-based protein profiling platform to screen in situ kinase inhibitor engagement	timsTOF HT	TRUE	DDA	0.6	software_inference:maxquant	Homo sapiens (human)	human	Professor of Molecular Physiology, Leiden Institute of Chemistry, Leiden University, The Netherlands	Mario van der Stelt		2025-04-09				
1201	PXD049439	Fkbp5 Gene Deletion: Impacts on Circadian Rhythmicity and Brain Proteomics in Aged Mice	timsTOF Pro	TRUE	diaPASEF	0.95	protocol_text	Mus musculus (mouse)	mouse	University of South Florida, USA	Stanley Stevens	brain	2024-09-05				
1202	PXD053881	Bacterial RNA sensing by TLR8 requires RNase 6 processing and is inhibited by RNA 2’O-methylation	timsTOF HT	FALSE	DDA	0.85	protocol_text	Homo sapiens (human)	human	Institute of Molecular Biology (IMB)	Falk Butter		2024-09-12				mixed_instruments
1203	PXD040358	Compromised transcription-mRNA export factor THOC2 causes R-loop accumulation, DNA damage and adverse neurodevelopment	timsTOF Pro	TRUE	diaPASEF	0.95	protocol_text	Mus musculus (mouse)	mouse	Adelaide Medical School Faculty of Health and Medical Sciences University of Adelaide	Raman Sharma	brain	2024-02-12				
1204	PXD030397	Changes of ubiquitylated proteins in atrial fibrillation associated with heart valve disease: proteomics in human in left appendage tissue	timsTOF Pro	TRUE	PASEF	0.9	protocol_text	Homo sapiens (human)	human	Department of Cardiology, The Second Xiangya Hospital, Central South University, Changsha, Hunan 410011, China.	Shenghua Zhou	heart	2021-12-24				
1205	PXD064096	Thermal Proteome Profiling (TPP) of l-Cysteine–Treated Arabidopsis Mitochondrial Proteins	timsTOF HT	TRUE	DDA	0.6	software_inference:maxquant	Arabidopsis thaliana (mouse-ear cress)	arabidopsis	University of Cologne CEPLAS/ Institute for Plant Sciences Plant Metabolic Biochemistry Lab Zülpicher Straße 47a D-50674 Cologne Germany	Prof. Dr. Tatjana Hildebrandt	cell culture	2025-05-29				
1206	PXD033164	Multi-omics approach to characterize sex-specific metabolic alterations in triple-transgenic Alzheimer's mouse brain	timsTOF Pro	TRUE	diaPASEF	0.95	protocol_text	Mus musculus (mouse)	mouse	University of Lausanne Metabolomics Platform (MEP) Quartier UNIL-CHUV Rue du Bugnon 19 CH-1005 Lausanne	Julijana Ivanisevic	brain	2023-03-11				
1207	PXD052835	Zika virus remodels the IGF2BP2 and VCP cellular interactome	timsTOF Pro	TRUE	PASEF	0.9	protocol_text	"Homo sapiens (human); Zika virus; Dengue virus 2"	"human; zika_virus; dengue_virus_2"	Dr. Pietro Scaturro, Systems Arbovirology, Leibniz Institute of Virology, Hamburg, Germany	Pietro Scaturro	liver	2024-10-28				multi_organism
1208	PXD020783	The role of Wnt/β‐catenin pathway mediators in aortic valve stenosis	timsTOF Pro	TRUE	PASEF	0.9	protocol_text	Homo sapiens (human)	human	Divisions of Cardiology and Cardiac Surgery, McGill University Health Center, Montreal, Quebec, Canada	Adel Schwertani	heart	2021-09-09				
1209	PXD043544	Comparative Proteomic Analysis of Six Pairs of Hepatocellular Carcinoma Tissues and Adjacent Non-tumor Tissues	timsTOF Pro	TRUE	PASEF	0.9	protocol_text	Homo sapiens (human)	human	University of Science and Technology of China	Yao Liu	liver	2024-07-03				
1210	PXD026729	In-depth Profiling and Quantification of the Acetylproteome in Hepatocellular Carcinoma with a Trapped Ion Mobility Mass Spectrometer	timsTOF Pro	TRUE	PASEF	0.85	keywords	Homo sapiens (human)	human	School of Pharmaceutical Science and Technology, Tianjin University	Ruibing Chen	liver	2022-07-02				
1211	PXD065101	Human FAN1 interactome using mass spectometry	timsTOF	TRUE	PASEF	0.9	protocol_text	Homo sapiens (human)	human	University of Zürich	Sylvain Bischof	cell culture	2026-01-29				
1212	PXD063320	Proteomic analysis of gemcitabine-resistant (GemR) versus paired control human pancreatic cancer cells (PCCs)	timsTOF Pro 2	TRUE	diaPASEF	0.95	protocol_text	Homo sapiens (human)	human	The Proteomics Core Facility (PCF) at Oslo University Hospital	Tuula A. Nyman	cell culture	2025-11-03				
1213	PXD053799	Control Of Major Bleeding After Trauma (COMBAT) Clinical Research Trial	timsTOF Pro	TRUE	PASEF	0.9	protocol_text	Homo sapiens (human)	human	Department of Biochemistry and Molecular Genetics, University of Anschutz Medical Campus, Aurora CO	Kirk Hansen	blood plasma	2025-08-25				
1214	PXD061598	PP1/PNUTS phosphatase binds the restrictor complex and stimulates RNA pol II transcription termination	timsTOF	TRUE	PASEF	0.9	protocol_text	Homo sapiens (human)	human	University of Colorado School of Medicine	David Bentley	cell culture	2025-04-06				
1215	PXD062917	Post-gastrulation amnioids (PGAs) as a stem cell-derived model of week 2-4 of human extra-embryonic development	timsTOF Pro 2	TRUE	diaPASEF	0.95	protocol_text	Homo sapiens (human)	human	Quantitative Stem Cell Biology Lab The Francis Crick Institute 1 Midland Road London NW1 1AT	Silvia D. M. Santos	cell culture	2026-01-19				
1216	PXD056676	NSD2 promotes HCC metastasis through methylating PKM2 and activating SF3B1-dependent alternative splicing	timsTOF	TRUE	PASEF	0.9	protocol_text	Homo sapiens (human)	human	dapengzhang0@yeah.net	dapeng zhang	cell culture	2025-09-30				
1217	PXD060355	RNF10 and RIOK3 Facilitate 40S Ribosomal Subunit Degradation upon 60S Biogenesis Disruption or Amino Acid Starvation [Fig. 1F, 2A-C, 3A-C, 6A, S1F, S2A, S3A-D]	timsTOF Pro 2	TRUE	diaPASEF	0.95	protocol_text	Homo sapiens (human)	human	UCSD	Eric Bennett	cell culture	2025-02-07				
1218	PXD056672	NSD2 promotes HCC metastasis through methylating PKM2 and activating SF3B1-dependent alternative splicing	timsTOF	TRUE	PASEF	0.9	protocol_text	Homo sapiens (human)	human	The Key Laboratory of Molecular Biology of Infectious Diseases designated by the Chinese Ministry of Education, Chongqing Medical University, Chongqing, China.	dapeng zhang	cell culture	2025-09-30				
1219	PXD051559	Mass spectrometry of plasma extracellular vesicles before and after exercise	timsTOF Pro	TRUE	PASEF	0.9	protocol_text	Homo sapiens (human)	human	Oslo University Hospital	Alicia Llorente Martinez	blood plasma	2026-02-09				
1220	PXD059451	Data for Cross-platform Construction of Comprehensive Proteomic Database for Human Corneal Epithelial Cell	timsTOF Pro 2	FALSE	diaPASEF	0.95	protocol_text	Homo sapiens (human)	human	Centre for Myopia Research, School of Optometry, The Hong Kong Polytechnic University, Hung Hom, Hong Kong.	Thomas Chuen Lam	cell culture	2025-03-24				mixed_instruments
1221	PXD057643	Protein disulfide isomerases regulate androgen receptor stability and promote prostate cancer cell growth and survival	timsTOF Pro 2	TRUE	diaPASEF	0.95	protocol_text	Homo sapiens (human)	human	Flinders Centre for Innovation in Cancer, Flinders University, Level 3, Flinders Centre for Innovation in Cancer Building, Flinders Drive, Bedford Park 5042, Australia.	Luke A.	cell culture	2025-10-15				
1222	PXD054435	Identification of targets of DBIC	timsTOF	TRUE	PASEF	0.9	protocol_text	Homo sapiens (human)	human	State Key Laboratory of Cellular Stress Biology, Innovation Center for Cell Signaling Network, School of Life Sciences, Xiamen University, Xiamen 361102, Fujian Province, P. R. China	Liu-zheng Wu	cell culture	2025-11-21				
1223	PXD057148	Immunoprecipitation/Pull-down of ATP6AP1-FLAG in HEK293 WT cells treated with and without a mitochondrial translation inhibitor	timsTOF Pro 2	TRUE	diaPASEF	0.95	protocol_text	Homo sapiens (human)	human	Head of the Proteomics Core Facility, NAPI project manager, Institute of Immunology Rikshospitalet, Oslo, Norway	Tuula Anneli	cell culture	2025-11-20				
1224	PXD051224	Copper(I)-Nitrene Platform for Chemoproteomics Profiling of Methionine	timsTOF	FALSE	PASEF	0.9	protocol_text	Homo sapiens (human)	human	Department of Pathology and Laboratory Medicine, Emory University, Atlanta, GA, United States	David Ezra Gordon	cell culture	2024-04-24				mixed_instruments
1225	PXD047857	NEAT PLASMA PROTEOMICS: GETTING THE BEST OUT OF THE WORST	timsTOF Pro	TRUE	PASEF	0.9	protocol_text	Homo sapiens (human)	human	Head of the Necker Proteomics Faculty of Medecine, University Paris Cité  SFR Necker INSERM US24 160 rue de Vaugirard | 75015  Paris Tél. 01 40 61 54 67	Ida Chiara Guerrera	blood plasma	2024-08-14				
1226	PXD054127	Robust proteome profiling of cysteine-reactive fragments using label-free chemoproteomics - 80 compound screen (HEK293T and Jurkat)	timsTOF Pro 2	TRUE	diaPASEF	0.95	protocol_text	Homo sapiens (human)	human	Crick-GSK LinkLabs, UK	Jacob Bush	cell culture	2024-11-18				
1227	PXD050906	Systematic profiling of lysine lactylation proteome reveals distinct changes in lactylation between the parental AGS cells and cisplatin-resistant AGS cells	timsTOF	TRUE	PASEF	0.9	protocol_text	Homo sapiens (human)	human	Guangdong Provincial Key Laboratory of Digestive Cancer Research, The Seventh Affiliated Hospital of Sun Yat-sen University, No. 628 Zhenyuan Road, Shenzhen, 518107, Guangdong, People’s Republic of China.	Hengxing Chen	cell culture	2024-05-09				
1228	PXD052080	Combining data independent acquisition with spike-in SILAC (DIA-SiS) improves proteome coverage and quantification )	timsTOF Pro 2	FALSE	diaPASEF	0.95	protocol_text	"Homo sapiens (human); Escherichia coli"	"human; ecoli"	Max Delbrück Center for Molecular Medicine Berlin and Charite Berlin	Matthias Selbach	cell culture	2024-10-14				"mixed_instruments; multi_organism"
1229	PXD074094	Proteomic analysis of MFM223 and MDA-MB-231 cells	timsTOF HT	TRUE	diaPASEF	0.95	protocol_text	Homo sapiens (human)	human	Research Center of Clinical Pharmacy of The First Affiliated Hospital & Liangzhu Laboratory, Zhejiang University School of Medicine, Hangzhou, China.	Xiaolan Liu		2026-02-10				
1230	PXD047098	Structural dynamics of Na+ and Ca 1 2+ interactions with full-size mammalian NCX	timsTOF	TRUE	PASEF	0.9	protocol_text	Homo sapiens (human)	human	Institute of Microbiology of the Czech Academy of Sciences, Division BioCeV, Prumyslova 595, 252 50 Vestec, Czech Republic	Petr Man	cell culture	2024-04-17				
1231	PXD066497	Neuropeptides in the Extracellular Space of the Mouse Cortex Measured by In Vivo Nanodialysis Probe	timsTOF Pro	TRUE	PASEF	0.9	protocol_text	Mus musculus (mouse)	mouse	Chemistry Department, University of Illinois Urbana-Champaign	Jonathan V. Sweedler	brain	2025-09-29				
1232	PXD050961	Spike-in enhanced phosphoproteomics uncovers synergistic signaling responses to MEK inhibition in colon cancer cells	timsTOF Pro 2	TRUE	diaPASEF	0.95	protocol_text	Homo sapiens (human)	human	Proteome Dynamics, Max Delbrück Center for Molecular Medicine (MDC), Berlin, Germany	Matthias Selbach	cell culture	2025-03-11				
1233	PXD043033	Infected erythrocytes and plasma proteomics reveal a specific protein signature of severe malaria 	timsTOF Pro	TRUE	PASEF	0.9	protocol_text	"Homo sapiens (human); Plasmodium falciparum"	"human; plasmodium_falciparum"	Université Paris Cité, IRD, UMR261, MERIT, F-75006 Paris, France	Gwladys I.	blood plasma	2024-02-01				multi_organism
1234	PXD058245	p53 isoforms have a high aggregation propensity, interact with chaperones and lack binding to p53 interaction partners	timsTOF HT	TRUE	diaPASEF	0.95	protocol_text	Homo sapiens (human)	human	Max Planck Institute for Biophysics Max Planck Institute of Brain Research	Julian D. Langer		2025-06-03				
1235	PXD042875	Bottom-up proteomics of EZH2 mutants in isogenic cells	timsTOF	TRUE	PASEF	0.9	protocol_text	Homo sapiens (human)	human	Cancer Biology and Genetics, Wexner Medical Center, The Ohio State University, Columbus, OH, USA	Michael A. Freitas	cell culture	2023-10-24				
1236	PXD048833	Human aneuploid cells depend on the RAF/MEK/ERK pathway for overcoming increased DNA damage	timsTOF Pro 2	TRUE	diaPASEF	0.95	protocol_text	Homo sapiens (human)	human	Charité Universitätsmedizin, Department of Biochemistry, 10117 Berlin, Germany The Wellcome Centre for Human Genetics, Nuffield Department of Medicine, University of Oxford, Oxford OX3 7BN, UK Max Planck Institute for Molecular Genetics, Berlin, Germany	Markus Ralser	cell culture	2024-07-08				
1237	PXD053250	ABCA7 transporter functional role on Alzheimer’s disease onset and progess	timsTOF Pro	TRUE	PASEF	0.9	protocol_text	Mus musculus (mouse)	mouse	University of Oslo, Oslo University Hospital, University of Lübeck, University of Latvia, Tel Aviv University www.pahnkelab.eu (lab head)	Jens Pahnke	brain	2025-05-07				
1238	PXD042510	Ergolide Mediates Anti-Cancer Effects on Metastatic Uveal Extra Cellular Vesicles: Melanoma Cells and Modulates  their Cell Lysate and Extracellular Vesicle proteomes.	timsTOF	TRUE	PASEF	0.9	protocol_text	Homo sapiens (human)	human	University College Dublin, School of Biomolecular and Biomedical Science, Conway Institute Belfield Dublin 4	Professor Breandán Kennedy	cell culture	2023-08-15				
1239	PXD058081	Comparison of SJSA-1 and MCF-7 whole proteome after Navtemadlin treatment	timsTOF HT	TRUE	diaPASEF	0.95	protocol_text	Homo sapiens (human)	human	Imperial College London	Anna Barnard		2025-04-28				
1240	PXD045438	Discovery and Functional Characterization of a Potent, Selective and Metabolically Stable PROTAC Degrader of the Protein Kinases DYRK1A and DYRK1B	timsTOF Pro 2	TRUE	diaPASEF	0.95	protocol_text	Homo sapiens (human)	human	Institute of Pharmacology and Toxicology RWTH Aachen University Wendlingweg 2 52074 Aachen, Germany	Walter Becker	cell culture	2024-09-30				
1241	PXD052118	Microglial SHIP1 controls synaptic pruning in the developing hippocampus via the complement system	timsTOF Pro	TRUE	PASEF	0.9	protocol_text	Mus musculus (mouse)	mouse	UNIL – Department of Biomedical Sciences. Rue du Bugnon 7, 1005, Lausanne.	Rosa C. Paolicelli	brain	2024-12-04				
1242	PXD035721	Selective androgen receptor degrader (SARD) to overcome antiandrogen resistance in castration-resistant prostate cancer	timsTOF	TRUE	PASEF	0.9	protocol_text	Homo sapiens (human)	human	Beijing Hospital	Meng Wu	cell culture	2023-02-02				
1243	PXD023175	A blood atlas of COVID-19 defines hallmarks of disease severity and specificity	timsTOF Pro	TRUE	PASEF	0.9	protocol_text	Homo sapiens (human)	human	Discovery Proteomics Facility Target Discovery Institute University of Oxford	Roman Fischer	blood plasma	2022-02-22				
1244	PXD032234	Cellular and culture medium proteomes from umbilical cord mesenchymal stem cell and human umbilical vein endothelial cells	timsTOF Pro 2	TRUE	diaPASEF	0.95	protocol_text	Homo sapiens (human)	human	"Department of Pediatric Cardiology and Critical Care; Pulmonary Vascular Research Center; Hannover Medical School; Hannover; Germany"	Prof. Dr. Georg Hansmann	cell culture	2022-11-29				
1245	PXD055135	vPro-MS enables identification of human-pathogenic viruses from patient samples by untargeted proteomics	timsTOF HT	TRUE	diaPASEF	0.95	protocol_text	Homo sapiens (human)	human	Proteomics and Spectroscopy, ZBS6, Robert Koch Institute, Germany	Peter Lasch		2025-08-04				
1246	PXD051147	CAP1-KO E18.5 mouCAP1-KO E18.5 mouse cerebral cortices LC-MSMS	timsTOF Pro	TRUE	PASEF	0.9	protocol_text	Mus musculus (mouse)	mouse	Philipps University Marburg Faculty of Chemistry Core Facility for Mass Spectrometry Hans-Meerwein-Str. 4 35032 Marburg GERMANY	Uwe Linne	brain	2025-01-14				
1247	PXD047104	Expansion of the neocortex and protection from neurodegeneration by in vivo transient reprogramming	timsTOF Pro	FALSE	PASEF	0.9	protocol_text	Mus musculus (mouse)	mouse	Dept Biomedical Sciences, School of Medicine and Health Sciences, Institute of Neurosciences, Universitat de Barcelona, E-08036 Barcelona	Daniel del Toro	brain	2025-01-14				mixed_instruments
1248	PXD059026	CPT1A-mediated MFF succinylation promotes stemness maintenance in ovarian cancer stem cells	timsTOF Pro	TRUE	DIA	0.85	protocol_text	Homo sapiens (human)	human	Shaanxi normal university	Huanjie Shao	cell culture	2025-05-07				
1249	PXD058791	Human PWWP3A interactome in HEK293 cell line	timsTOF Pro	TRUE	DIA	0.85	protocol_text	Homo sapiens (human)	human	College of Life Sciences, Wuhan University	Caoqi Lei	cell culture	2025-04-03				
1250	PXD029547	Neutrophil and monocyte dysfunctional effector response towards bacterial challenge in critically ill COVID-19 patients	timsTOF Pro	TRUE	PASEF	0.9	protocol_text	Homo sapiens (human)	human	University Hospital Zurich, Department of Infectious diseases and Hospital Epidemiology, Switzerland	Annelies S. Zinkernagel	blood plasma	2021-12-10				
1251	PXD042517	Postnatal persistence of hippocampal Cajal-Retzius cells has a critical role in the establishment of the hippocampal circuit	timsTOF Pro	TRUE	PASEF	0.9	protocol_text	Mus musculus (mouse)	mouse	Group Leader, Quattrocolo Lab, Kavli Institute for Systems Neuroscience and Centre for Neural Computation, Norwegian University of Science and Technology (NTNU), Trondheim 7491, Norway	Giulia Quattrocolo	brain	2024-05-24				
1252	PXD059980	Phosphoproteomic analysis of hypothalamic GT1-7 neurons	timsTOF Pro	TRUE	DDA	0.6	software_inference:proteome discoverer	Mus musculus (mouse)	mouse	Department of Endocrinology, Endocrinology Research Center, Xiangya Hospital of Central South University, 87# Xiangya Road, Changsha, Hunan 410008, China.	Xianghang Luo	cell culture	2025-01-27				
1253	PXD033053	Fish hydrolysate supplementation prevents stress-induced dysregulation of hippocampal proteins relative to mitochondrial metabolism and neuronal network in mice	timsTOF Pro	TRUE	PASEF	0.9	protocol_text	Mus musculus (mouse)	mouse	Univ Rennes, CNRS, Inserm, Biosit UAR 3480 US 018, Protim core facility, F-35000 Rennes, France	Charles PIneau	brain	2022-05-30				
1254	PXD040266	Simultaneous targeting of PD-1 and IL2RBY with radiation therapy to inhibit pancreatic cancer growth and metastasis	timsTOF Pro	TRUE	DDA	0.6	software_inference:fragpipe	Mus musculus (mouse)	mouse	Department of Radiation Oncology, University of Colorado, Anschutz Medical Campus, Aurora, CO, 80045, United States Department of Microbiology and Immunology, University of Colorado, Anschutz Medical Campus, Aurora, CO, 80045, United States	Sana D. Karam	cell culture	2024-05-24				
1255	PXD028279	The Parallel Reaction Monitoring-Parallel Accumulation Serial Fragmentation (prm-PASEF) Approach for Multiplexed Absolute Quantitation of Proteins in Human Plasma	timsTOF Pro	TRUE	PASEF	0.9	protocol_text	Homo sapiens (human)	human	"Center for Computational and Data-Intensive Science and Engineering, Skolkovo Institute of Science and Technology, Moscow 121205, Russia Segal Cancer Proteomics Centre, Lady Davis Institute, Jewish General Hospital, McGill University, Montreal, Quebec H3T 1E2, Canada;  Gerald Bronfman Department of Oncology, Jewish General Hospital, McGill University, Montreal, Quebec H3T 1E2, Canada"	Christoph Hermann Borchers	blood plasma	2025-04-30				
1256	PXD038623	The role of DENND10 in neuronal development	timsTOF Pro	FALSE	DDA	0.85	protocol_text	Mus musculus (mouse)	mouse	Soochow University	Yanling Zhang	cell culture	2025-03-06				mixed_instruments
1257	PXD049178	Dysregulated Extracellular Matrix and Increased Stiffness in Lissencephaly Brain Organoid Models	timsTOF Pro	TRUE	DDA	0.6	software_inference:msfragger	Homo sapiens (human)	human	Department of Molecular Genetics Weizmann Institute of Science	Orly Reiner	brain	2025-03-11				
1258	PXD029698	Quantitative analysis of global crotonylome of RAW264.7 cells treated by butyrate based on TMT markers	timsTOF Pro	TRUE	DDA	0.9	experimentTypes	Mus musculus (mouse)	mouse	China agricultural university	Jianmin Wu	cell culture	2025-06-16				
1259	PXD026584	analysis combined with fragment intensity predictions results in improved identification of classical bioactive peptides and sORF-encoded peptides	timsTOF Pro	TRUE	PASEF	0.9	protocol_text	Mus musculus (mouse)	mouse	Antwerp University Faculty of Pharmaceutical, Biomedical and Veterinary Sciences  Protein Chemistry, Proteomics and Epigenetic Signalling - PPES VITO, Unit Environmental Risk and Health	Kurt Boonen	brain	2021-10-11				
1260	PXD016870	Data in support of Inflammatory Profile of Glucocorticoid Responsive Polymyalgia Rheumatica Patients	timsTOF Pro	TRUE	PASEF	0.9	protocol_text	Homo sapiens (human)	human	Translational Biomarkers, Aalborg University	Allan Stensballe	blood plasma	2024-06-16				
1261	PXD029481	Quantitative Proteomics Analysis Expands the Roles of Lysine -Hydroxybutyrylation Pathway in Response to Environmental β-Hydroxybutyrate	timsTOF Pro	TRUE	DDA	0.9	experimentTypes	Mus musculus (mouse)	mouse	Shanghai Institute of Materia Medica	He Huang	cell culture	2022-04-04				
1262	PXD024891	Proteomic and lipidomic profiling of demyelinating lesions identifies fatty acids as modulators in inflammation resolution	timsTOF Pro	TRUE	PASEF	0.9	protocol_text	Mus musculus (mouse)	mouse	DZNE - German Center for Neurodegenerative Diseases Munich, Neuroproteomics, Feodor-Lynen Str. 17, D-81377 Munich, Germany	Stefan F. Lichtenthaler	brain	2021-09-30				
1263	PXD020197	Proteomic profiling of brain mitochondrial-derived vesicles	timsTOF Pro	TRUE	PASEF	0.9	protocol_text	Mus musculus (mouse)	mouse	Montreal Neurological Institute, McGill University, Canada	Edward A Fon	brain	2020-09-07				
1264	PXD057364	Identification of RING E3 pseudoligases in the TRIM protein family	timsTOF Pro 2	TRUE	DIA	0.65	software_inference:spectronaut	Homo sapiens (human)	human	The Francis Crick Institute	Katrin Rittinger		2025-04-10				
1265	PXD055279	Proteomic identification of a Toxoplasma gondii sporozoite-specific antigen using HDAC3 inhibitor-treated tachyzoites as surrogate	timsTOF HT	TRUE	PASEF	0.9	protocol_text	"Homo sapiens (human); Toxoplasma gondii"	"human; toxoplasma_gondii"	ZBS6: Proteomics and Spectroscopy, Robert Koch-Institute	Peter Lasch		2025-05-07				multi_organism
1266	PXD061265	ATR promotes mTORC1 activity via de novo cholesterol synthesis	timsTOF Pro 2	TRUE	PASEF	0.9	protocol_text	Homo sapiens (human)	human	Department of Pharmacology & Chemical Biology, University of Pittsburgh School of Medicine,UPMC Hillman Cancer Center, Pittsburgh, PA	Katherine Aird	cell culture	2025-04-01				
1267	PXD061039	Ku80 lysine crotonylation conversion to SUMOylation facilitates DNA non-homologous end joining and cellular resistance to radiation	timsTOF Pro 2	TRUE	PASEF	0.9	protocol_text	Homo sapiens (human)	human	Department of Radiation Biology, Beijing Key Laboratory for Radiobiology, Beijing Institute of Radiation Medicine, Beijing 100850, China	Pingkun Zhou	cell culture	2025-05-07				
1268	PXD056651	A human tri-partite cell-free translation system	timsTOF Pro 2	TRUE	PASEF	0.9	protocol_text	Homo sapiens (human)	human	BRIC, University of Copenhagen, Denmark.	Anders H. Lund	cell culture	2025-04-16				
1269	PXD053030	Crotonylomics sequencing of human non small cell lung cancer cell lines	timsTOF Pro 2	TRUE	PASEF	0.9	protocol_text	Homo sapiens (human)	human	Shenyang Pharmaceutical University	sihong chen	cell culture	2025-09-22				
1270	PXD052939	Structural mechanism of γ-carboxylation coupled to vitamin K epoxidation at membrane interface	timsTOF Pro 2	FALSE	PASEF	0.9	protocol_text	Homo sapiens (human)	human	Department of Biochemistry Biophysics and Structural Biology, Department of Biochemistry and Molecular Biophysics, Washington University in St. Louis, St. Louis, Missouri, United States	Weikai Li	cell culture	2025-12-22				mixed_instruments
1271	PXD051790	Optimized Time-segment Acquisition Expands Peptide and Protein Identification in TIMS-TOF Pro Mass Spectrometry	timsTOF Pro 2	TRUE	PASEF	0.9	protocol_text	Homo sapiens (human)	human	Corelabs, King Abdullah University of Science and Technology, Thuwal 23500-6900, Kingdom of Saudi Arabia	Huoming Zhang	cell culture	2024-12-22				
1272	PXD050743	Proteomic Profiling of Endothelial Cells Exposed to Mitomycin C	timsTOF Pro 2	TRUE	PASEF	0.9	protocol_text	Homo sapiens (human)	human	Federal State Budgetary Institution “Research Institute for Complex Issues of Cardiovascular Diseases”	Maxim Sinitsky	cell culture	2024-06-22				
1273	PXD046535	Thunder-DDA-PASEF boosted by MS2rescore enables high-coverage immunopeptidomics and identifies HLA class-I presented SarsCoV-2 spike protein epitopes	timsTOF Pro 2	TRUE	PASEF	0.9	protocol_text	Homo sapiens (human)	human	Laboratoire de Spectrométrie de Masse Bio-Organique (LSMBO), Institut Pluridisciplinaire Hubert Curien (IPHC), UMR 7178, Université de Strasbourg, CNRS, Strasbourg, France	Christine Carapito	cell culture	2024-03-19				
1274	PXD042023	Betacoronavirus Internal protein as a determinant of pathogenicity	timsTOF Pro 2	TRUE	PASEF	0.9	protocol_text	Homo sapiens (human)	human	Department of Microbiology and Immunology, University of Iowa, Iowa City, IA	Dr. Lilliana	cell culture	2023-10-09				
1275	PXD035301	Comparative analyses of the N-glycoproteomes in HCT116 cancer cells and their non-tumorigenic DNMT1/3b double knockout (DKO1) cells and insight into the Mannose-6-phosphate pathway	timsTOF Pro 2	TRUE	PASEF	0.9	protocol_text	Homo sapiens (human)	human	New England Biolabs	Minyong Chen	cell culture	2023-01-17				
1276	PXD033221	Combinatorial screening of biological degrader modules to destroy intractable proteins – nonkinetic data	timsTOF Pro 2	TRUE	PASEF	0.9	protocol_text	Homo sapiens (human)	human	Senior Director, Dynamic Omics, CGR, One Medimmune Way Gaithersburg, MD 20878	Sonja Hess	cell culture	2023-11-14				
1277	PXD051986	Screening privileged alkylguanidinium motifs under host-mimicking conditions reveals a novel antibiotic with an unconventional mode of action	timsTOF Pro	FALSE	DIA	0.85	protocol_text	Staphylococcus aureus	staphylococcus_aureus	TUM School of Natural Sciences, Department Biosciences, Chair of Organic Chemistry II, Center for Functional Protein Assemblies (CPA), Technical University Munich (TUM), Ernst-Otto-Fischer Str. 8, Garching, 85748, Germany	Stephan Axel Sieber		2024-07-17				mixed_instruments
1278	PXD070222	Sequence context specific DNA de-methylation shapes progression of IDH mutant oligodendrogliomas and astrocytomas	timsTOF Pro	TRUE	diaPASEF	0.95	protocol_text	Homo sapiens (human)	human	Department of Neurology, University Hospital and University of Zurich	Tobias Weiss	brain	2026-01-19				
1279	PXD056436	Deep proteome coverage of microglia using a streamlined data independent acquisition-based proteomic workflow: method consideration for a phenotypically diverse cell type	timsTOF Pro	TRUE	diaPASEF	0.95	protocol_text	Mus musculus (mouse)	mouse	Dept. of MBS, University of South Florida	Dr. Stanley Stevens	cell culture	2025-03-31				
1280	PXD032759	Potential anti-inflammatory effect of inulin in an inflammatory cell model (mouse macrophages with LPS)	timsTOF Pro	TRUE	diaPASEF	0.95	protocol_text	Mus musculus (mouse)	mouse	CSIC and INiBICA	Ignacio Ortea	cell culture	2023-03-11				
1281	PXD063971	The raw proteomic data of overexpressing hCDK3 in neuron	timsTOF Pro	TRUE	diaPASEF	0.95	protocol_text	"Homo sapiens (human); Mus musculus (mouse)"	"human; mouse"	Fujian Provincial Key Laboratory of Neurodegenerative Disease and Aging Research, Institute of Neuroscience,School of Medicine, Xiamen University, Xiangan South Road, Xiamen, Fujian, 361102 P. R. China	Jie Zhang	brain	2025-10-27				multi_organism
1282	PXD043503	dia-PASEF analysis of human amygdala in Parkinson’s disease	timsTOF Pro	TRUE	diaPASEF	0.95	protocol_text	Homo sapiens (human)	human	University of Castilla-La Mancha (lab head)	Dr Alino Martinez-Marcos	brain	2024-01-26				
1283	PXD059004	Phase I study of immunopeptidome-guided personalized multi-peptide vaccines in chronic lymphocytic leukemia patients under BTK-inhibitor-based regimes	timsTOF Pro	FALSE	PASEF	0.9	protocol_text	Homo sapiens (human)	human	Department of Peptide-based Immunotherapy, Institute of Immunology, University and University Hospital Tübingen, Tübingen, Germany	Juliane Sarah Walz	peripheral blood mononuclear cell	2026-01-22				mixed_instruments
1284	PXD039404	Proteome of Caco-2 cells, transfected with KRAS-G12D and stimulated with different conditions.	timsTOF Pro	TRUE	PASEF	0.9	protocol_text	Homo sapiens (human)	human	Associate Professor of Systems Biology Department of Molecular Medicine University of Pavia 9, via A Ferrata/ 27100 Pavia / Italy	Christina Kiel	colorectal adenocarcinoma cell line	2023-02-23				
1285	PXD037385	Molecular mechanisms of endothelial osteoinductive/osteosupressive properties	timsTOF Pro	TRUE	PASEF	0.9	protocol_text	Homo sapiens (human)	human	head of Laboratory of Regenerative Biomedicine, Institute of Cytology, Russian Academy of Sciences	Anna Malashicheva	osteoblast	2025-05-06				
1286	PXD021314	Multiplex analyses of mitochondria in colorectal cancer patients uncover novel diagnostic and therapeutic opportunities	timsTOF Pro	TRUE	PASEF	0.9	protocol_text	Homo sapiens (human)	human	Shenzhen People’s Hospital	Yong Dai	colonic mucosa	2021-09-09				
1287	PXD038322	dia-PASEF analysis of human amygdala in Alzheimer’s disease	timsTOF Pro	TRUE	diaPASEF	0.95	protocol_text	Homo sapiens (human)	human	University of Castilla-La Mancha	Alino Martinez-Marcos	brain	2023-06-28				
1288	PXD037708	Short tau filaments are packaged into extracellular vesicles in Alzheimer's disease brain	timsTOF Pro	TRUE	diaPASEF	0.95	protocol_text	Homo sapiens (human)	human	Target Discovery Institute Nuffiled Dept. of Medicine University of Oxford	Roman Fischer	brain	2025-05-06				
1289	PXD067296	Regulation of ADP-ribosyltransferase activity by ART domain dimerization in PARP15	timsTOF	TRUE	DDA	0.6	software_inference:mascot	Homo sapiens (human)	human	universitetslektor	Herwig Schüler		2025-09-29				
1290	PXD048719	A Long-Range Recruitment Mechanism for mTORC2 Phosphorylation of Akt	timsTOF	TRUE	DDA	0.85	protocol_text	Homo sapiens (human)	human	Division of Genetics, Department of Medicine, Brigham and Women's Hospital, Boston, Massachusetts 02115, United States. Department of Biological Chemistry and Molecular Pharmacology, Harvard Medical School, Boston, Massachusetts 02115, United States.	Philip Cole		2026-02-02				
1291	PXD066710	Proteomics analysis of iWAT-EVs from young and aged mice	timsTOF Pro 2	TRUE	diaPASEF	0.95	protocol_text	Mus musculus (mouse)	mouse	Department of Health Technology & Informatics (HTI), The Hong Kong Polytechnic University (PolyU)	Jordy Evan Sulaiman		2025-09-05				
1292	PXD066067	Mechano-ID: proximity labeling of mechanically active receptors and cells	timsTOF Pro 2	TRUE	diaPASEF	0.95	protocol_text	Mus musculus (mouse)	mouse	Department of Biomedical Engineering, Georgia Institute of Technology and Emory University Department of Chemistry, Emory University	Khalid Salaita		2025-09-26				
1293	PXD069621	OXPHOS TARGETING OF MYCN-AMPLIFIED NEUROBLASTOMA	timsTOF Pro	TRUE	DDA	0.85	protocol_text	Homo sapiens (human)	human	University College Dublin, School of Medicine, Systems Biology Ireland Belfield Dublin 4	Walter Kolch	cell culture	2025-10-20				
1294	PXD062551	An mRNA-based workflow for validation of Neo-Epitope Presentation by HLA-I/Peptide Affinity Purification	timsTOF Pro	TRUE	DDA	0.6	software_inference:msfragger	Homo sapiens (human)	human	Translational Oncology Research Center, Vrije Universiteit Brussel (VUB), Brussels, Belgium	Karine Breckpot	cell culture	2025-06-23				
1295	PXD060763	AC16 cell overexpress TRIM38 LC-MS/MS	timsTOF Pro	TRUE	DDA	0.6	software_inference:maxquant	Homo sapiens (human)	human	Department of Cardiology, Songjiang Hospital Affliated to Shanghai Jiaotong University School of Medicine	yanan pang	cell culture	2025-02-19				
1296	PXD039066	Optimizing single cell proteomics on a trapped ion mobility spectrometry for label-free experiments	timsTOF SCP	TRUE	single-cell	0.9	protocol_text	Homo sapiens (human)	human	Department of Laboratory Medicine and Pathology, Mayo Clinic, Rochester, MN, USA	Akhilesh Pandey	primary cell	2024-08-02				
1297	PXD058558	The E3 ubiquitin ligase FBXL18 stabilizes BST2 to promote inflammation in RABV-infected astrocytes	timsTOF Pro	TRUE	PASEF	0.9	protocol_text	Mus musculus (mouse)	mouse	Changchun Veterinary Research Institute, Chinese Academy of Agricultural Sciences, State Key Laboratory of Pathogen and Biosecurity, Key Laboratory of Jilin Province for Zoonosis Prevention and Control, Changchun, China.	Yan Liu	cell culture	2025-12-29				
1298	PXD056678	the profile of iPSC cell membrane	timsTOF Pro	TRUE	PASEF	0.9	protocol_text	Mus musculus (mouse)	mouse	The National Center for Nanoscience and Technology	Nan Li	cell culture	2024-10-10				
1299	PXD058534	The lactylome data of renal tubular epithelial cells	timsTOF Pro	TRUE	DDA	0.6	software_inference:maxquant	Homo sapiens (human)	human	The First Affiliated Hospital of Chongqing Medical University	Xinyuan Li	cell culture	2025-11-05				
1300	PXD048158	Succinylation proteome analysis of Cd-exposed Neuro-2a cells	timsTOF Pro	TRUE	PASEF	0.9	protocol_text	Mus musculus (mouse)	mouse	Third Military Medical University	Huifeng Pi	cell culture	2024-10-17				
1301	PXD054525	Josephin Domain Containing 2 (JOSD2) Inhibition as Pan-KRAS-Mutation-Targeting Strategy for Colorectal Cancer	timsTOF Pro	TRUE	DDA	0.6	software_inference:proteome discoverer	Homo sapiens (human)	human	Anonymity for double-blind review	Anonymity Anonymity	cell culture	2025-03-01				
1302	PXD047214	4D label-free acetylation-modified quantitative proteome of mouse FGSCs.	timsTOF Pro	TRUE	PASEF	0.9	protocol_text	Mus musculus (mouse)	mouse	Shanghai Jiao Tong University	Ji Wu	cell culture	2025-05-06				
1303	PXD051726	Targeting Neuraminidase 4 Attenuates Kidney Fibrosis in Mice	timsTOF Pro	TRUE	DDA	0.6	software_inference:maxquant	Homo sapiens (human)	human	Nanjing University of Chinese Medicine and China Pharmaceutical University	Ping-Ting Xiao	cell culture	2025-05-06				
1304	PXD046961	Effects of ALS-associated tRNA-derived stress-induced RNA on the transcriptomic and proteomic profile of primary neurons in vitro	timsTOF Pro	TRUE	PASEF	0.9	protocol_text	Mus musculus (mouse)	mouse	Prof Jochen H. M. Prehn Department of Physiology and Medical Physics Royal College of Surgeons in Ireland 123 St Stephen’s Green Dublin 2, Ireland	Prof Jochen H. M. Prehn	cell culture	2024-12-28				
1305	PXD048492	Discovery and Development of CD70 As a Cellular Therapy Target in High Risk Multiple Myeloma	timsTOF Pro	FALSE	DDA	0.6	software_inference:maxquant	Homo sapiens (human)	human	Department of Laboratory Medicine Department of Bioengineering and Therapeutic Sciences University of California, San Francisco	Arun Wiita	cell culture	2025-11-27				mixed_instruments
1306	PXD067060	TDP-43 pathology is associated with divergent protein profiles in ALS brain and spinal cord	timsTOF Pro	TRUE	PASEF	0.9	protocol_text	Homo sapiens (human)	human	Nuffield Department of Clinical Neurosciences, University of Oxford, Oxford, UK and  John Radcliffe Hospital, West Wing Level 6, Oxford, OX3 9DU, UK	Professor Martin Turner	brain	2025-08-25				
1307	PXD021469	Proteomic analysis identifies the potential effects of trichostatin A and bone marrow-derived dendritic cells on NIH3T3 cells under oxygen–glucose deprivation conditions	timsTOF Pro	TRUE	PASEF	0.9	protocol_text	Mus musculus (mouse)	mouse	Department of Pharmacology, College of Basic Medical Sciences, Jilin University, Changchun, 130000, China	Xia Chen	cell culture	2024-05-21				
1308	PXD048277	Rebound after MAPK inhibitor withdrawal in pLGG cells	timsTOF Pro	TRUE	DDA	0.6	software_inference:maxquant	Homo sapiens (human)	human	Hopp Children's Cancer Center Heidelberg (KiTZ), Heidelberg, Germany German Cancer Research Center (DKFZ), Clinical Cooperation Unit Pediatric Oncology , Heidelberg, Germany	Romain Sigaud	cell culture	2024-04-17				
1309	PXD042732	Next-generation proteomics of brain extracellular vesicles in schizophrenia provide new clues on the altered molecular connectome	timsTOF Pro	TRUE	PASEF	0.9	protocol_text	Homo sapiens (human)	human	Biomedical Research Institute of Lleida Dr. Pifarré Foundation (IRBLLEIDA) - +Pec Proteomics Research Group  (+PPRG) - Neuroscience Area – University Hospital Arnau de Vilanova (HUAV), 80 Av. Rovira Roure, 25198, Lleida, Spain Department of Medical Basic Sciences, University of Lleida (UdL), +Pec Proteomics Research Group (+PPRG), 25198, Lleida, Spain	Aida Serra Maqueda	brain	2024-05-24				
1310	PXD045796	Secreted HLA Fc-Fusion Profiles Immunopeptidome in Hypoxic PDAC and Cellular Senescence	timsTOF Pro	TRUE	DDA	0.6	software_inference:maxquant	Homo sapiens (human)	human	Department of Pharmaceutical Chemistry School of Pharmacy UC San Francisco	Jim Wells	cell culture	2024-01-26				
1311	PXD045069	Human liver cell line LO2 LC-MS/MS	timsTOF Pro	TRUE	DDA	0.6	software_inference:maxquant	Homo sapiens (human)	human	Guang'anmen Hospital of China Academy of Chinese Medical Sciences	Qingyong He	cell culture	2024-01-26				
1312	PXD036692	Proteopathic tau seeds contain key similarities to mature paired helical filaments in Alzheimer disease (CT and LMW)	timsTOF Pro	TRUE	PASEF	0.9	protocol_text	Homo sapiens (human)	human	Department of Neurobiology, Boston Children's Hospital, Harvard Medical School, Boston, MA, USA	Judith A. Steen	brain	2025-05-06				
1313	PXD041404	TMT-based quantitative proteomic analysis revealed that FBLN2 and NPR3 are involved in the early MSCs osteogenic differentiation	timsTOF Pro	TRUE	DDA	0.6	software_inference:maxquant	Homo sapiens (human)	human	Basic medical college, Jiujiang University, China	Jianjun Xiong	cell culture	2023-10-24				
1314	PXD028438	Extracellular vesicles are crucial mediators in orchestrating brain development and disease	timsTOF Pro	TRUE	DDA	0.6	software_inference:maxquant	Homo sapiens (human)	human	Developmental Neurobiology, Max Planck Institute of Psychiatry, Munich, Germany	Silvia Cappello	cell culture	2023-07-20				
1315	PXD027864	Acetylation profiles in the metabolic process of glioma-associated seizures	timsTOF Pro	TRUE	PASEF	0.9	protocol_text	Homo sapiens (human)	human	Department of Neurosurgery, Neurosurgical Research Institute, the First Affiliated Hospital, Fujian Medical University, Fuzhou, China	Dezhi Kang	brain	2022-02-17				
1316	PXD060201	Proteomic Analysis of FFPE Tissue Samples Identifies Potential Molecular Mechanisms Mediating Resistance to Radiotherapy in Rectal Cancer	timsTOF Pro	TRUE	PASEF	0.9	protocol_text	Homo sapiens (human)	human	University of Vienna, Faculty of Chemistry, Department of Analytical Chemistry	Christopher Gerner	rectal cancer cell	2025-08-25				
1317	PXD026877	LC-MS proteomics quantitative analysis of pancreatic cancer cells overexpressing NEK2	timsTOF Pro	TRUE	DDA	0.6	software_inference:maxquant	Homo sapiens (human)	human	Department of Hepatobiliary and Pancreatic Surgery, the First Affiliated Hospital, School of Medicine, Zhejiang University	Xing Huang	cell culture	2021-06-29				
1318	PXD049208	An iPSC-derived bio-inspired scaffold modelling the structure and the effects of extracellular matrix in cardiac fibrosis	timsTOF Pro	TRUE	PASEF	0.9	protocol_text	Homo sapiens (human)	human	Proteomics Core Facility and Research Group Proteomics, CEITEC-MU, Masaryk University, Brno, Czech Republic	Zbynek Zdrahal	extracellular matrix	2025-05-06				
1319	PXD024909	OpenCell: Proteome-scale endogenous tagging enables the cartography of human cellular organization	timsTOF Pro	TRUE	DDA	0.85	protocol_text	Homo sapiens (human)	human	Department of Proteomics and Signal Transduction Max Planck Institute of Biochemistry Germany	Matthias Mann	cell culture	2022-03-14				
1320	PXD020436	Global proteomic analysis of extracellular matrix in mouse and human brain highlights association with cerebrovascular disease	timsTOF Pro	TRUE	PASEF	0.9	protocol_text	"Homo sapiens (human); Mus musculus (mouse)"	"human; mouse"	Discovery Proteomics Facility University of Oxford Target Discovery Institute, NDMRB Oxford, OX3 7FZ	Roman Fischer	brain	2021-03-11				multi_organism
1321	PXD024573	SAPT, a fast and efficient approach for simultaneous profiling of protein N- and C-terminome	timsTOF Pro	TRUE	DDA	0.9	experimentTypes	Homo sapiens (human)	human	Shanghai Cancer Center and Institutes of Biomedical Sciences, Fudan University, Shanghai, 200032, P. R. China Department of Chemistry, Fudan University, Shanghai, 200433, P. R. China Key Laboratory of Glycoconjugates Research Ministry of Public Health, Fudan University, Shanghai, 200032, P. R. China	Haojie Lu	cell culture	2021-07-29				
1322	PXD023415	The nucleolus functions as the compartment for histone 1 H2B protein degradation	timsTOF Pro	TRUE	DDA	0.6	software_inference:maxquant	Homo sapiens (human)	human	Xi’an Jiao Tong University Health Science Center	Su chen	cell culture	2021-09-09				
1323	PXD023036	ABPP-HT - high-throughput activity-based profiling of deubiquitylating enzyme inhibitors in a cellular context	timsTOF Pro	FALSE	DDA	0.6	software_inference:maxquant	"Homo sapiens (human); Mus musculus (mouse)"	"human; mouse"	Dr. Roman Fischer Associate Professor and Head of Discovery Proteomics Facility University of Oxford Target Discovery Institute, NDMRB Roosevelt Drive Oxford, OX3 7FZ United Kingdom	Roman Fischer	cell culture	2021-02-24				"mixed_instruments; multi_organism"
1324	PXD021140	Targeting UBC9-mediated Protein Hyper-SUMOylation in Cystic Cholangiocytes Halts Polycystic Liver Disease in Experimental Models	timsTOF Pro	TRUE	DDA	0.6	software_inference:mascot	Homo sapiens (human)	human	Proteomcs Service CIC bioGUNE Bizakia Tech. Park Build. 800 Derio 48160 (Spain)	Felix Elortza	cell culture	2020-09-29				
1325	PXD020000	Downregulation of KRAB zinc finger proteins in 5-fluorouracil resistant colorectal cancer cells	timsTOF Pro	TRUE	DDA	0.6	software_inference:maxquant	Homo sapiens (human)	human	Department of Immunology and Cell Biology Université de Sherbrooke 3201 Jean-Mignault, Sherbrooke, Québec, J1E 4K8, Canada	François-Michel Boisvert	cell culture	2022-05-19				
1326	PXD049086	Mouse Fecal MetaProteomics - DDA	timsTOF Pro 2	TRUE	PASEF	0.9	protocol_text	Mus musculus (mouse)	mouse	Regulatory Research Division, Biologic and Radiopharmaceutical Drugs Directorate, Health Products and Food Branch, Health Canada, Ottawa, Canada	Xu Zhang		2024-07-03				
1327	PXD035695	African swine fever virus protein CP204L is involved in endosomal trafficking and interacts with the VPS39 subunit of the HOPS complex	timsTOF Pro	TRUE	PASEF	0.9	protocol_text	Sus scrofa domesticus (domestic pig)	pig	Friedrich-Loeffler-Institut	Axel Karger	epithelial cell	2023-01-23				
1328	PXD046022	Staphylococcus aureus LC-MSMS lactylation	timsTOF Pro	TRUE	PASEF	0.9	protocol_text	Staphylococcus aureus	staphylococcus_aureus	Department of Laboratory Medicine, Ren Ji Hospital, School of Medicine, Shanghai Jiao Tong University, Shanghai, China.	Yanan Wang	cell culture	2024-10-08				
1329	PXD057709	Regulation of Global Lysine Lactylation during HCMV Infection	timsTOF Ultra	TRUE	diaPASEF	0.95	protocol_text	"Homo sapiens (human); Cytomegalovirus"	"human; cytomegalovirus"	Department of Molecular Biology, Princeton University	Ileana Cristea	cell culture	2024-11-23				multi_organism
1330	PXD061892	Characterization of ADAMTS9 proteoglycanase activity: comparison with ADAMTS1, ADAMTS4 and ADAMTS5 and determination of cleavage sites in versican and biglycan using a label-free quantitative proteomics approach	timsTOF Pro 2	TRUE	DDA	0.85	protocol_text	Homo sapiens (human)	human	Department of Biochemical Sciences, School of Biosciences, Faculty of Health and Medical Sciences, Edward Jenner Building, University of Surrey	Salvatore Santamaria		2025-05-29				
1331	PXD059180	Temporal photoproximity labeling of ligand-activated EGFR neighborhoods using MultiMap	timsTOF Pro 2	TRUE	DDA	0.85	protocol_text	Homo sapiens (human)	human	University of California, San Francisco	Zhi Lin		2025-11-18				
1332	PXD041993	Phospholipids with two polyunsaturated fatty acyl tails drive ferroptosi.	timsTOF Pro 2	TRUE	DDA	0.9	experimentTypes	Homo sapiens (human)	human	Department of Chemistry, Columbia University, New York, NY 10027	Brent R. Stockwell		2025-05-06				
1333	PXD042250	E.coli (p) ppGpp regulation.E. coli, ppGpp, growth rate	timsTOF Pro	TRUE	PASEF	0.9	protocol_text	Escherichia coli o104:h4 str. 01-09591	ecoli	School of Life Sciences, Central China Normal University, Wuhan, Hubei province, China	Xiongfeng Dai & Manlu Zhu	bacteriocyte	2023-12-20				
1334	PXD025203	Structured elements drive circular RNA translation and expand the human proteome, part4	timsTOF Pro	TRUE	DDA	0.85	protocol_text	Homo sapiens (human)	human	Baxter Laboratory for Stem Cell Biology Department of Microbiology & Immunology Stanford University School of Medicine 269 Campus Drive CCSR 3205b Stanford, CA 94305, USA	Peter, K., Jackson	leukocyte	2021-08-26				
1335	PXD049436	Mutational scanning pinpoints distinct binding sites of key ATGL regulators in lipolysis	timsTOF Pro	TRUE	DIA	0.85	protocol_text	Homo sapiens (human)	human	University of Graz, Pharmaceutical Sciences, Pharmaceutical Chemistry	Ulrich Stelzl	kidney	2024-03-14				
1336	PXD069896	The effect of ADAR1 depletion on mitochondrial proteins	timsTOF Pro	TRUE	diaPASEF	0.95	protocol_text	Homo sapiens (human)	human	Department of Microbiology and Immunology, Columbia University Irving Medical Center, New York, NY, USA	Hachung Chung	cell culture	2026-01-23				
1337	PXD065282	Chromosome 8 gain drives cancer progression by hijacking the translational regulator 4E-BP1 sensitizing for targeted CDK4/6 inhibition	timsTOF Pro	FALSE	diaPASEF	0.95	protocol_text	"Homo sapiens (human); Mus musculus (mouse)"	"human; mouse"	German Cancer Research Center (DKFZ),  Heidelberg, Germany Heidelberg University, Medical Faculty, Heidelberg, Germany	Prof. Dr. Jeroen Krijgsveld	cell culture	2025-09-22				"mixed_instruments; multi_organism"
1338	PXD065104	Quantitative proteomic analysis using 4D-FastDIA in gastric cancer cells before and after loss-of-function mutation of STAT1-K193 lactylation.	timsTOF Pro	TRUE	diaPASEF	0.95	protocol_text	Homo sapiens (human)	human	Department of Clinical Laboratory, Shandong Provincial Hospital Affiliated to Shandong First Medical University	Duanrui Liu	cell culture	2025-09-05				
1339	PXD063241	HCT116-TGTA-proteomic profiling	timsTOF Pro	TRUE	diaPASEF	0.95	protocol_text	Homo sapiens (human)	human	Professor, School of Pharmaceutical Sciences, Sun Yat-Sen University, China	Taotao Zou	cell culture	2025-07-16				
1340	PXD063150	Anticodon Engineered Transfer RNA (tRNASUAG) Inhibits Hepatitis B Virus Replication by Promoting Degradation of the Core Protein	timsTOF Pro	TRUE	diaPASEF	0.95	protocol_text	Homo sapiens (human)	human	Department of Microbiology & Infectious Disease Center, School of Basic Medical Sciences, Peking University Health Science Center	Xingwen Yang	cell culture	2025-12-08				
1341	PXD062832	TNFRSF11B-modified umbilical cord mesenchymal stem cells as a novel strategy for bone-related diseases by suppressing osteoclast activity	timsTOF Pro	TRUE	diaPASEF	0.95	protocol_text	Homo sapiens (human)	human	Shenzhen Key Laboratory of Metabolic Health，Center for Energy Metabolism and Reproduction, Shenzhen Institutes of Advanced Technology，Chinese Academy of Sciences	Jian V. Zhang	cell culture	2025-05-21				
1342	PXD062227	Covalent inhibitor design confers activity against both GDP- and GTP-bound forms of KRAS G12C	timsTOF Pro	TRUE	diaPASEF	0.95	protocol_text	Homo sapiens (human)	human	Bristol Myers Squibb	Michelle Stewart	cell culture	2025-11-04				
1343	PXD052964	Structural basis for the assembly of Mis18a/b core modules	timsTOF	TRUE	PASEF	0.9	protocol_text	Homo sapiens (human)	human	Ludwig-Maximilians-Universität München Protein Analysis Unit Molecular Biology Department Großhadernerstr. 9 82152 Planegg-Martinsried	Dr. Axel		2024-09-25				
1344	PXD057651	Integrated multiomics analyses of the molecular landscape of sarcopenia in alcohol related liver disease-C2C12 human induced pluripotent stem cell hipsc proteomics	timsTOF Pro 2	TRUE	DIA	0.85	protocol_text	Homo sapiens (human)	human	Department of Inflammation and Immunity, Gastroenterology and Hepatology. Cleveland Clinic, Cleveland Ohio, USA	Srinivasan Dasarathy	stem cell	2025-06-13				
1345	PXD061479	Cardiomyocyte OTUD1 drives diabetic cardiomyopathy via directly deubiquitinating AMPKα2 to inhibit AMPK activity and induce mitochondrial dysfunctionCardiomyocyte OTUD1 drives diabetic cardiomyopathy via directly deubiquitinating AMPKα2 to inhibit AMPK activity and induce mitochondrial dysfunction	timsTOF Pro	TRUE	diaPASEF	0.95	protocol_text	Homo sapiens (human)	human	Hangzhou Medical College	Xue Han	cell culture	2025-06-11				
1346	PXD046777	Direct translation of incoming retroviral genomes	timsTOF	TRUE	PASEF	0.9	protocol_text	"Homo sapiens (human); Human immunodeficiency virus 1"	"human; human_immunodeficiency_virus_1"	ZBS6, Proteomics and Spectroscopy, Robert Koch-Institute	Peter Lasch		2024-01-26				multi_organism
1347	PXD056319	Comparison of serum-free cultivated HepG2 cells with cells cultivated under FBS containing conditions using proteomic analysis	timsTOF Pro	TRUE	diaPASEF	0.95	protocol_text	Homo sapiens (human)	human	Merck Healthcare KGaA	Dr. Philip Hewitt	cell culture	2025-08-25				
1348	PXD055635	Divergent molecular responses of bronchial human airway epithelium to SARS-CoV-2 infection in relation to pre-existing respiratory disease states	timsTOF Pro	TRUE	diaPASEF	0.95	protocol_text	Homo sapiens (human)	human	Inserm UMR S 938, CRSA, Bât. Kourilsky, 34 Rue Crozatier, 75012 Paris, France.	Loic Guillot	cell culture	2025-02-12				
1349	PXD038842	Calpain activity is regulated by a KCTD7–cullin 3 complex via non-degradative ubiquitination	timsTOF	TRUE	PASEF	0.9	protocol_text	Homo sapiens (human)	human	Mass Spectrometry Technology Access Center at the McDonnell Genome Institute, Washington University School of Medicine, St. Louis, MO, USA	Young Ah Goo		2023-05-10				
1350	PXD054919	Global Profiling of Protein Lactylation, Crotonylation, Succinylation and Phosphorylation in Lung Adenocarcinoma Cell.	timsTOF Pro	TRUE	diaPASEF	0.95	protocol_text	Homo sapiens (human)	human	Radiation Oncology Center, Chongqing University Cancer Hospital, Chongqing 400030, China.	Jiang He	cell culture	2025-12-01				
1351	PXD053509	EXPLORING THE INTERACTOME OF PML NUCLEAR SUBDOMAINS DURING FATTY ACID STRESS USING APEX2-MEDIATED PROXIMITY LABELING	timsTOF Pro	TRUE	diaPASEF	0.95	protocol_text	Homo sapiens (human)	human	Department of Biochemistry & Molecular Biology, Dalhousie University, Halifax, Nova Scotia Canada B3H4R2, Department of Pediatrics, Atlantic Research Centre, Dalhousie University, Halifax, Nova Scotia Canada B3H4R2	Neale D. Ridgway	cell culture	2025-05-07				
1352	PXD052078	Hypoxia promotes the generation of a versican-rich extracellular matrix by human coronary artery endothelial cells	timsTOF Pro	TRUE	diaPASEF	0.95	protocol_text	Homo sapiens (human)	human	BMI, University of Copenhagen, Denmark	Michael Davies	cell culture	2025-08-25				
1353	PXD047912	Cell specific models reveal conformation-specific RAF inhibitor combinations that synergistically inhibit ERK signaling in pancreatic cancer cells	timsTOF Pro	TRUE	diaPASEF	0.95	protocol_text	Homo sapiens (human)	human	Full Professor of Systems Biology and Director of Computational Modelling Systems Biology Ireland, University College Dublin, Dublin, Ireland. Conway Institute of Biomolecular & Biomedical Research,University College Dublin, Dublin, Ireland. School of Medicine and Medical Science, University College Dublin, Dublin, Ireland. Department of Pharmacology, Yale University School of Medicine, New Haven, CT, USA	Boris Kholodenko	cell culture	2024-09-03				
1354	PXD046125	Human Serum, Following Absorption of Fish Cartilage Hydrolysate, Promotes Dermal Fibroblast Healing through Anti-Inflammatory and Immunomodulatory Proteins	timsTOF Pro	TRUE	diaPASEF	0.95	protocol_text	Homo sapiens (human)	human	Univ Rennes, CNRS, Inserm, Biosit UAR 3480 US_S 018, Protim Core Facility, F-35000 Rennes, France	Pineau Charles	cell culture	2024-09-25				
1355	PXD041421	DDA-PASEF and diaPASEF acquired A549/K562 proteomic datasets with deliberate batch effects	timsTOF Pro	TRUE	diaPASEF	0.95	protocol_text	Homo sapiens (human)	human	Lee Kong Chian School of Medicine, School of Biological Sciences, Nanyang Technological University, Singapore	Wilson Goh	cell culture	2023-11-21				
1356	PXD040778	CRISPR/Cas9-mediated knockout of the ubiquitin variant UbKEKS reveals a role in regulating nucleolar structures and composition	timsTOF Pro	TRUE	diaPASEF	0.95	protocol_text	Homo sapiens (human)	human	Department of Immunology and Cell Biology, Sherbrooke, QC, Canada	Francois-Michel Boisvert	cell culture	2023-10-11				
1357	PXD037649	Proteome comparison of a new human cholangiocarcinoma 3D co-culture tumor model to 3D single cultures.	timsTOF Pro	TRUE	diaPASEF	0.95	protocol_text	Homo sapiens (human)	human	"Faculty of Technical Chemistry, Institute of Chemical Technologies and Analytics, Technische Universität Wien (TU Wien), 1060 Vienna, Austria;  Diagnostic and Research Institute of Pathology, Medical University of Graz, 8036 Graz, Austria;  BiotechMed-Graz, 8010 Graz, Austria;"	Ruth Birner-Gruenberger	cell culture	2023-05-10				
1358	PXD033904	Rapid and ion mobility-resolved phosphoproteomics with dia-PASEF	timsTOF Pro	TRUE	diaPASEF	0.95	protocol_text	Homo sapiens (human)	human	Jena University Hospital Am Klinikum 1 07743 Jena Germany	Florian Meier	cell culture	2022-10-26				
1359	PXD034222	Oenothera effect on senescent NDHF	timsTOF Pro	TRUE	diaPASEF	0.95	protocol_text	Homo sapiens (human)	human	Head of the Necker Proteomics Plataform Paris France	Ida Chiara Guerrera	cell culture	2023-03-10				
1360	PXD030509	A peptide-derived strategy for specifically targeting the mitochondrial-ER network of cancer cells: a new paradigm in fighting cancer	timsTOF Pro	TRUE	diaPASEF	0.95	protocol_text	Homo sapiens (human)	human	Department of Surgery, University of Missouri School of Medicine, Christopher S. Bond Life Sciences Center University of Missouri. 1201 Rollins St, Columbia, MO 65201, USA The Division of Plant Sciences and Interdisciplinary Plant Group, College of Agriculture, Food and Natural Resources, Christopher S. Bond Life Sciences Center University of Missouri. 1201 Rollins St, Columbia, MO, 65201, USA.	Ron Mittler	cell culture	2022-08-12				
1361	PXD025576	Characterizing the role of OCIAD1 in the proteolytic processing of holocytochrome c1 and CIII2 assembly	timsTOF Pro	TRUE	diaPASEF	0.95	protocol_text	Homo sapiens (human)	human	Department of Molecular and Cellular Biology, College of Biological Sciences, University of California, Davis, CA, 95616, USA	Jodi Nunnari	cell culture	2021-05-18				
1362	PXD017703	Parallel accumulation – serial fragmentation combined with data-independent acquisition (diaPASEF)	timsTOF Pro	TRUE	diaPASEF	0.95	protocol_text	"Homo sapiens (human); Saccharomyces cerevisiae (baker's yeast)"	"human; yeast"	Proteomics and Signal Transduction Max Planck Institute of Biochemistry Germany	Matthias Mann	cell culture	2020-12-17				multi_organism
1363	PXD056813	Chemical proteomics reveal human off-targets of fluoroquinolone induced mitochondrial toxicity	timsTOF Pro	TRUE	DIA	0.95	experimentTypes	Homo sapiens (human)	human	Center for Functional Protein Assemblies, TUM School of Natural Sciences, Technical University of Munich, Ernst-Otto-Fischer-Straße 8, 85748 Garching, Germany.	Stephan Axel Sieber		2025-05-07				
1364	PXD063851	MYC deregulation sensitizes cancer cells to N-myristoyltransferase inhibition - DoHH2 proteomics	timsTOF HT	TRUE	diaPASEF	0.95	protocol_text	Homo sapiens (human)	human	GSK Chair in Chemical Biology, Imperial College London  Satellite Group Leader, Francis Crick Institute Founder & SAB, Myricx Bio https://myricxbio.com/ Room 301B, Molecular Sciences Research Hub, White City Campus 82 Wood Lane, London W12 0BZ, UK Tel.: 020759 + Ext. 43752 or 45821 (group) http://www.imperial.ac.uk/tate-group/	Professor Dr. Edward W. Tate	b cell	2025-07-30				
1365	PXD050064	Exosomal subgroups isolated from MSCs by tangential flow filtration combined with size exclusion chromatography reals distinct molecular properties and functions	timsTOF Pro	TRUE	DIA	0.65	software_inference:encyclopedia	Homo sapiens (human)	human	State Key Laboratory of Reproductive Medicine, Nanjing Medical University, Nanjing, Jiangsu, China.	Jing Li		2025-05-06				
1366	PXD068594	Profiling of activated RBR E3 ligases using E2V derived activity-based probes	timsTOF Pro 2	TRUE	diaPASEF	0.95	protocol_text	Homo sapiens (human)	human	Department of Molecular Machines and Signaling, Max Planck Institute of Biochemistry, 82152 Martinsried, Germany	Brenda Schulman		2026-01-05				
1367	PXD067749	SMAD4-NFATc1 protein-protein interaction informed therapeutic vulnerability in SMAD4-deficient pancreatic cancer	timsTOF Pro 2	TRUE	diaPASEF	0.95	protocol_text	Homo sapiens (human)	human	Department of Pharmacology and Chemical Biology, Emory University School of Medicine, Atlanta, GA 30322, USA	Xiulei Mo		2026-02-02				
1368	PXD028735	A comprehensive LFQ benchmark dataset to validate data analysis pipelines on modern day acquisition strategies in proteomics	timsTOF Pro	FALSE	DIA	0.85	protocol_text	"Homo sapiens (human); Escherichia coli; Candida albicans (yeast)"	"human; ecoli; candida_albicans_(yeast)"	Laboratory of Pharmaceutical Biotechnology/ProGenTomics, Ghent University, Ottergemsesteenweg 460, 9000 Ghent, Belgium	Maarten Dhaenens		2022-02-14				"mixed_instruments; multi_organism"
1369	PXD057304	Covalent fragment screening to inhibit the E3 ligase activity of bacterial NEL enzymes SspH1 and SspH2	timsTOF Pro 2	TRUE	diaPASEF	0.95	protocol_text	Homo sapiens (human)	human	Molecular Structure of Cell Signalling Laboratory, The Francis Crick Institute, United Kingdom	Katrin Rittinger		2025-11-10				
1370	PXD044789	Proteomes of gastrointestinal tract organoids	timsTOF Pro 2	TRUE	diaPASEF	0.95	protocol_text	Homo sapiens (human)	human	Charité Universitätsmedizin Berlin, Department of Biochemistry, 10117 Berlin, Germany The Francis Crick Institute, Molecular Biology of Metabolism Laboratory, London NW1 1AT, UK The Wellcome Centre for Human Genetics, Nuffield Department of Medicine, University of Oxford, Oxford OX3 7BN, UK Max Planck Institute for Molecular Genetics, 14195 Berlin, Germany	Markus Ralser		2024-03-20				
1371	PXD037766	Synchro-PASEF slices peptide precursors enabling specific fragment extraction and interference removal in data independent acquisition	timsTOF Pro 2	TRUE	diaPASEF	0.95	protocol_text	"Homo sapiens (human); Bos taurus (bovine); Oryctolagus cuniculus (rabbit); Candida albicans (yeast)"	"human; bovine; oryctolagus_cuniculus_(rabbit); candida_albicans_(yeast)"	Department Proteomics and Signal Transduction, Max Planck Institute of Biochemistry, Martinsried, Germany	Matthias Mann		2023-03-10				multi_organism
1372	PXD034223	AlphaViz: Visualization and validation of critical proteomics data directly at the raw data level	timsTOF Pro 2	TRUE	diaPASEF	0.95	protocol_text	Homo sapiens (human)	human	"Department of Proteomics and Signal Transduction, Max Planck Institute of Biochemistry, Martinsried, Germany; NNF Center for Protein Research, Faculty of Health Sciences, University of Copenhagen, Copenhagen, Denmark"	Prof. Dr. Matthias Mann		2022-07-11				
1373	PXD062221	Evidence that Dmrta2 acts through repression of Pax6 in cortical patterning and identification of a mutation crucial for DNA recognition associated with microcephaly in human	timsTOF Pro	TRUE	DDA	0.6	software_inference:mascot	Mus musculus (mouse)	mouse	Laboratory of Developmental Genetics, Department of Molecular Biology and ULB Neuroscience Institute (UNI), Université Libre de Bruxelles, Gosselies 6041, Belgium.	Prof Eric J. Bellefroid		2025-06-30				
1374	PXD057888	Proteomics profiling of research models for studying pancreatic ductal adenocarcinoma	timsTOF Pro	TRUE	DDA	0.6	software_inference:maxquant	Mus musculus (mouse)	mouse	General Manager of PROMEC Department of Clinical and Molecular Medicine  +4773598508 +4772573342 Laboratoriesenteret, 231.04.008, Øya, Erling Skjalgssons gate 1 Norway	Lars Hagen		2024-12-18				
1375	PXD057804	Proteomics profiling of research models for studying pancreatic ductal adenocarcinoma	timsTOF Pro	TRUE	DDA	0.6	software_inference:maxquant	Mus musculus (mouse)	mouse	Daglig leder, PROMEC Institutt for klinisk og molekylær medisin  lars.hagen@ntnu.no 73598508 72573342 Laboratoriesenteret, 231.04.008, Øya, Erling Skjalgssons gate 1	Lars Hagen		2024-12-18				
1376	PXD045686	Targeting neddylation is a novel therapeutic strategy for lupus by reconstructing double negative T cell homeostasis	timsTOF Pro	TRUE	DDA	0.9	experimentTypes	Mus musculus (mouse)	mouse	Zhejiang Chinese Medical University,Hangzhou,China	Yun Zhang		2024-01-26				
1377	PXD047252	Tracing active members in microbial communities by BONCAT and click chemistry-based enrichment of newly synthesised proteins	timsTOF	TRUE	DDA	0.6	software_inference:mascot	"Saccharomyces cerevisiae (baker's yeast); Anaerobic digester metagenome; Escherichia coli (strain k12 / w3110 / atcc 27325 / dsm 5911)"	"yeast; anaerobic_digester_metagenome; ecoli"	Hochschule Anhalt Fachbereich 7 - Angewandte Biowissenschaften und Prozesstechnik (BWP) Bernburger Straße 55 06366 Köthen Germany	Prof. Dr.		2024-10-17				multi_organism
1378	PXD063154	Motor neuron synaptosomes LC-MSMS	timsTOF Pro	TRUE	PASEF	0.9	protocol_text	Homo sapiens (human)	human	Department of Neuromedicine and Movement Science, Faculty of Medicine and Health Sciences, Norwegian University of Science and Technology (NTNU), Norway	Ioanna Sandvig	cell culture	2025-09-15				
1379	PXD061397	PRMT5-interacting proteins detected in Hey cells LC–MS	timsTOF Pro	TRUE	PASEF	0.9	protocol_text	Homo sapiens (human)	human	Huang Lab, State Key Laboratory of Cellular Stress Biology, Xiamen University	Tianzhi huang	cell culture	2025-03-06				
1380	PXD058763	PRMT5-interacting proteins detected in Hey cells LC–MS	timsTOF Pro	TRUE	PASEF	0.9	protocol_text	Homo sapiens (human)	human	State Key Laboratory of Cellular Stress Biology, Xiamen University, huang Lab	Tianzhi huang	cell culture	2025-02-22				
1381	PXD057745	Human,scalp,dermal papilla cells,LC-MS/MS	timsTOF Pro	TRUE	PASEF	0.9	protocol_text	Homo sapiens (human)	human	Shantou University Medical College	Wenzi Liang	cell culture	2025-05-07				
1382	PXD060036	Proteome analysis of T24 bladder cancer cell nuclear extracts after tailored chemical interventions	timsTOF Pro	TRUE	PASEF	0.9	protocol_text	Homo sapiens (human)	human	University of Vienna, Faculty of Chemistry, Department of Analytical Chemistry	Christopher Gerner	t-24 cell	2025-08-04				
1383	PXD057287	Acetylome analysis of HepG2 cells after treatment with PBS or LukS-PV	timsTOF Pro	TRUE	PASEF	0.9	protocol_text	Homo sapiens (human)	human	Department of Clinical Laboratory, The First Affiliated Hospital of University of Science and Technology of China (USTC), Division of Life Sciences and Medicine, University of Science and Technology of China, Hefei, China.	Xiaoling Ma	cell culture	2026-01-02				
1384	PXD056561	GAIN domain cleavage of aGPCRs requires multiple domain-extrinsic factors coordinated by the 7TM region	timsTOF Pro	TRUE	PASEF	0.9	protocol_text	Homo sapiens (human)	human	Rudolf-Schoenheimer Institute of Biochemistry, Division of General Biochemistry, Medical Faculty, Leipzig University, Johannisallee 30, 04103 Leipzig, Germany	Tobias Langenhan	cell culture	2025-10-01				
1385	PXD055909	Proteomics of endothelial cell secretome after exposure to calciprotein particles	timsTOF Pro	TRUE	PASEF	0.9	protocol_text	Homo sapiens (human)	human	Research Institute for Complex Issues of Cardiovascular Diseases	Anton Kutikhin	cell culture	2024-10-24				
1386	PXD055313	Saturated fat exacerbates mitochondrial dysfunction through remodelling of ATP production and inflammation in Barrett’s oesophagus compared to monounsaturated fat, particularly in contrast to oesophageal adenocarcinoma	timsTOF Pro	TRUE	PASEF	0.9	protocol_text	Homo sapiens (human)	human	Full Professor, Director Of Academic Centre - Conway Institute School of Public Health, Physiotherapy and Sports Science	Professor Helen Roche	cell culture	2025-06-16				
1387	PXD054441	Temporal (phospho-)proteomic profiling of neurotrophic receptor tyrosine kinase signalling in neuroblastoma cells	timsTOF Pro	TRUE	PASEF	0.9	protocol_text	Homo sapiens (human)	human	Assistant Professor in Pathology Group Leader at Systems Biology Ireland & Conway FellowUCDSchool of Medicine, University College Dublin	Melinda Halasz	cell culture	2024-08-29				
1388	PXD053902	Integrated proteomic and global phosphoproteomic analysis of cisplatin-induced apoptosis in A549 cells	timsTOF Pro	TRUE	PASEF	0.9	protocol_text	Homo sapiens (human)	human	College of Life Sciences, Key Laboratory for Cell and Gene Engineering of Zhejiang Province, Zhejiang University, Hangzhou, China	Jianzhong Shao	cell culture	2024-10-20				
1389	PXD046543	Thunder-DDA-PASEF boosted by MS2rescore enables high-coverage immunopeptidomics and identifies HLA class-I presented SarsCoV-2 spike protein epitopes	timsTOF Pro 2	TRUE	PASEF	0.9	protocol_text	Homo sapiens (human)	human	BioOrganic Mass Spectrometry Laboratory (LSMBO), IPHC UMR 7178, University of Strasbourg, CNRS	Christine Carapito		2024-03-19				
1390	PXD053029	YTHDC1 lactylation promotes RCC progression by regulating phase-separation to enhance the stabilities of BCL2 and E2F2 mRNAs	timsTOF Pro	TRUE	PASEF	0.9	protocol_text	Homo sapiens (human)	human	Dr Junfang Zheng, Beijing Key Laboratory of Cancer Invasion and Metastasis Research, Department of Biochemistry and Molecular Biology, School of Basic Medical Sciences, Capital Medical University, Beijing 100069, China (lab head)	junfang zheng	cell culture	2025-07-18				
1391	PXD050960	2) Twisting Urea- to Imide-Based Mass Spectrometry-Cleavable Cross-Linkers to Embed Affinity Tags	timsTOF Pro	TRUE	PASEF	0.9	protocol_text	Homo sapiens (human)	human	Department of Physical and Chemical Sciences, University of Lâ€™Aquila, Via Vetoio, Coppito 1, 6701067100 Lâ€™Aquila, Italy	Claudio Iacobucci	cell culture	2024-09-03				
1392	PXD031371	NanoTACs: NanoLuc-Targeting Protein Degraders that Parallel Existing Technology	timsTOF Pro 2	TRUE	PASEF	0.9	protocol_text	Homo sapiens (human)	human	Ubiquitin Signalling Division, WEHI	Simon Cobbold		2022-05-20				
1393	PXD050801	Chemoproteomics reveals immunogenic and tumor-associated cell surface substrates of ectokinase CK2α	timsTOF Pro	TRUE	PASEF	0.9	protocol_text	"Homo sapiens (human); Mus musculus (mouse)"	"human; mouse"	University of California, San Francisco Department of Pharmaceutical Chemistry	James A Wells	cell culture	2024-07-16				multi_organism
1394	PXD049991	Distinct interactomes of ADAR1 nuclear and cytoplasmic protein isoforms and their responses to Interferon induction	timsTOF Pro	TRUE	PASEF	0.9	protocol_text	Homo sapiens (human)	human	Molecular medicine, RNA and immunity, CEITEC, Masaryk University, Czech Republic	Mary Anne O´Connell	cell culture	2024-12-08				
1395	PXD048421	PDGFRalpha/beta heterodimer activation negatively affects downstream ERK1/2 signaling and cellular proliferation	timsTOF Pro	TRUE	PASEF	0.9	protocol_text	Homo sapiens (human)	human	Department of Craniofacial Biology, University of Colorado Anschutz Medical Campus, United States of America	Katherine Fantauzzo	cell culture	2025-04-25				
1396	PXD047451	Specific cPRC1 complexes are co-opted to mediate oncogenic gene repression in diffuse midline glioma	timsTOF Pro	TRUE	PASEF	0.9	protocol_text	Homo sapiens (human)	human	Institute of Genetics and Cancer The University of Edinburgh Western General Hospital Crewe Road South Edinburgh EH4 2XU	Dr. Gerry Brien	cell culture	2025-06-24				
1397	PXD046384	SMARCAL1 is a dual regulator of innate immune signaling and PD-L1 expression that promotes tumor immune evasion	timsTOF Pro	TRUE	PASEF	0.9	protocol_text	Homo sapiens (human)	human	Department of Genetics and Development, Columbia University Irving Medical Center, New York, NY 10032, USA Herbert Irving Comprehensive Cancer Center, Columbia University Irving Medical Center, New York, NY 10032, USA Institute for Cancer Genetics, Columbia University Irving Medical Center, New York, NY 10032, USA	Alberto Ciccia	cell culture	2024-01-24				
1398	PXD045439	Differential protein expression between Carfilzomib-sensitive (AMO1) and resistant (AMO1-CFZ) multiple myeloma cells	timsTOF Pro	TRUE	PASEF	0.9	protocol_text	Homo sapiens (human)	human	Professor in molecular biology and scientific leader of PROMEC https://www.ntnu.edu/mh/promec  Address Laboratoriesenteret, 231.05.034, Øya, Erling Skjalgssons g 1 Trondheim 7030 Norway	Geir Slupphaug	cell culture	2024-06-07				
1399	PXD045092	Proteomics Analysis Reveals differences in Differencial Expressed Proteins Between Cardiopathic LMNA utations	timsTOF Pro	TRUE	PASEF	0.9	protocol_text	Homo sapiens (human)	human	University of Wisconsin-Madison	Lee Eckhardt	cell culture	2024-08-09				
1400	PXD045010	Reduced PRC2 function causes asparaginase resistance in T-ALL by decreasing WNT pathway activity	timsTOF Pro	TRUE	PASEF	0.9	protocol_text	Homo sapiens (human)	human	Full Professor of Paediatric Molecular Haemato-Oncology School of Medicine,University College Dublin, School of Medicine, Systems Biology Ireland Temple Street Dublin 1	Prof Jonathon	cell culture	2025-12-23				
1401	PXD044594	Differential regulation of metabolome and proteome of plasma and CM EVs in HC	timsTOF Pro	TRUE	PASEF	0.9	protocol_text	Homo sapiens (human)	human	1.Semmelweis University, Department of Pharmacology and Pharmacotherapy, Budapest, Hungary. 2.Pharmahungary Group, Szeged, Hungary	Prof Zoltán Giricz	cell culture	2024-06-16				
1402	PXD041545	mTOR Inhibition Suppresses Salinomycin-Induced Ferroptosis in Breast Cancer Stem Cells by Ironing Out Mitochondrial Dysfunctions	timsTOF Pro	TRUE	PASEF	0.9	protocol_text	Homo sapiens (human)	human	Platform Proteomic Necker Faculty of Medecine, University Paris Cité  SFR Necker INSERM US24	Ida Chiara Guerrera	cell culture	2023-12-20				
1403	PXD039704	UBE2O targets a novel substrate IFIT3 for ubiquitination and degradation, impeding the interferon pathway activation and interferon sensitization in hepatocellular carcinoma	timsTOF Pro	TRUE	PASEF	0.9	protocol_text	Homo sapiens (human)	human	Cheeloo College of Medicine, Shandong University, Jinan 250002, PR.China. Department of Hepatobiliary Surgery, The First Affiliated Hospital of USTC, Division of Life Sciences and Medicine, University of Science and Technology of China, Hefei 230001, China.  Anhui Province Key Laboratory of Hepatopancreatobiliary Surgery, Hefei 230001, China. Anhui Provincial Clinical Research Center for Hepatobiliary Diseases, Hefei 230001, China.	Wang Jiabei	cell culture	2024-01-26				
1404	PXD039270	USING DESIGN OF EXPERIMENTS (DoE) TO OPTIMIZE PERFORMANCE AND STABILITY OF BIOMIMETIC CELL MEMBRANE-COATED NANOSTRUCTURES FOR CANCER THERAPY	timsTOF Pro	FALSE	PASEF	0.9	protocol_text	Homo sapiens (human)	human	Nanomedicine and Nanotoxicology Group, Physics Institute of São Carlos, São Paulo University. Avenida Trabalhador São Carlense, 400, CEP13560970 (Brazil) Phone: (+55) 16 3373 8656, São Carlos – SP – Brazil.	Valtencir Zucolotto	cell culture	2023-01-31				mixed_instruments
1405	PXD054527	Comparative DDA and DIA-PASEF proteomics profiling of cross-kingdom macrophage infection reveals new mechanisms driving pathogen virulence	timsTOF Pro	TRUE	diaPASEF	0.95	protocol_text	"Mus musculus (mouse); Cryptococcus neoformans var. grubii serotype a (strain h99 / atcc 208821 / cbs 10515 / fgsc 9487) (filobasidiella neoformans var. grubii); Klebsiella pneumoniae subsp. pneumoniae cip 52.145 = b5055"	"mouse; cryptococcus_neoformans_var._g; klebsiella_pneumoniae_subsp._p"	Department of Molecular and Cellular Biology, University of Guelph, Guelph, Ontario, Canada	Jennifer Geddes-McAlister		2024-08-13				multi_organism
1406	PXD039179	Chromatome of AR and SUMO2/3 idenitified with RIME	timsTOF Pro	TRUE	PASEF	0.9	protocol_text	Homo sapiens (human)	human	Professor of Medical Biochemistry, Institute of Biomedicine, School of Medicine, Faculty of Health Sciences, University of Eastern Finland, Kuopio, Finland	Jorma Palvimo	cell culture	2024-08-08				
1407	PXD053015	Cellular Resiliency and Survival of a Neuro-2a Cell Line Under Extreme Stress	timsTOF Pro	TRUE	diaPASEF	0.95	protocol_text	Mus musculus (mouse)	mouse	Deptartment of MBS, University of South Florida	Dr. Stanley Stevens		2024-11-26				
1408	PXD038321	Proteomic analysis of SARS-CoV-2 particles unveils a key role of G3BP proteins in viral assembly	timsTOF Pro	TRUE	PASEF	0.9	protocol_text	Homo sapiens (human)	human	Inserm U1016 - CNRS UMR8104 - Université de Paris	Sarah Gallois-Montbrun	cell culture	2024-01-22				
1409	PXD038165	Immune response disfunction in chronic lymphocytic leukemia: Dissecting molecular mechanism by multipronged functional proteomics approaches.  Crucial parameters for the evaluation of Immunopeptidomic analysis.	timsTOF Pro	TRUE	PASEF	0.9	protocol_text	Homo sapiens (human)	human	Department of Medicine and General Service of Cytometry, Cancer Research Centre-IBMCC, IBSAL. University of Salamanca-CSIC, Campus Miguel de Unamuno s/n, 37007 Salamanca, Spain	Manuel Fuentes García	cell culture	2024-10-17				
1410	PXD034025	Analysis of proteotype, cell growth and metabolic changes induced by caspase-9 inhibition in chondrogenic cells	timsTOF Pro	FALSE	diaPASEF	0.95	protocol_text	Mus musculus (mouse)	mouse	Masaryk University, Faculty of Science, Department of Biochemistry	Pavel Bouchal		2023-04-03				mixed_instruments
1411	PXD038017	Calciprotein particles cause physiologically significant pro- inflammatory response in endothelial cells and systemic circulation	timsTOF Pro	TRUE	PASEF	0.9	protocol_text	Homo sapiens (human)	human	Head of the Laboratory for Vascular Biology, Department of Experimental Medicine, Research Institute for Complex Issues of Cardiovascular Diseases, Kemerovo, Russian Federation	Anton Kutikhin	cell culture	2022-11-30				
1412	PXD036265	(Full Proteome) Kinase Suppressor of RAS 1 (KSR1) maintains the transformed phenotype of  BRAFV600E mutant human melanoma cells	timsTOF Pro	TRUE	PASEF	0.9	protocol_text	Homo sapiens (human)	human	Director Systems Biology Ireland, School of Medicine, University College Dublin.	Walter Kolch	cell culture	2023-08-15				
1413	PXD035244	Small Extracellular Vesicles from Hypoxic Triple-Negative Breast Cancer Cells induce Oxygen-dependent Cell Invasion	timsTOF Pro	TRUE	PASEF	0.9	protocol_text	Homo sapiens (human)	human	Molecular Oncology Research Center, Barretos Cancer Hospital, Barretos, São Paulo, Brazil Radiation Oncology Department, Barretos Cancer Hospital, Barretos, São Paulo, Brazil	Wanessa Fernanda Altei	cell culture	2022-11-01				
1414	PXD034887	Resistance to ATR Inhibitors Mediated by Loss of the Nonsense-Mediated Decay Factor UPF2	timsTOF Pro	TRUE	PASEF	0.9	protocol_text	Homo sapiens (human)	human	Department of Cellular and Molecular Pharmacology, QUantitative Bioscience Institute, University of California, San Francisco	Nevan Krogan	cell culture	2022-11-06				
1415	PXD034797	Usp25-Erlin1/2 activity limits cholesterol flux to trigger TLR3 responses and restrict a broad range of viruses	timsTOF Pro	TRUE	PASEF	0.9	protocol_text	"Homo sapiens (human); Influenza a virus"	"human; influenza_a_virus"	Sir William Dunn School of Pathology, University of Oxford, South Parks Road, Oxford OX1 3RE, UK	Sumana Sanyal	cell culture	2026-02-09				multi_organism
1416	PXD033673	Neddylation tunes peripheral blood mononuclear cells immune response in COVID-19 patients	timsTOF Pro	TRUE	PASEF	0.9	protocol_text	Homo sapiens (human)	human	Proteomics Service CIC bioGUNE Bizkaia Tech. Park Build. 800 erio 48160 Spain	Felix Elortza	cell culture	2022-08-02				
1417	PXD033636	Analysis of of the ole of NOMO1 in early-onset colorectal cancer (EOCRC)	timsTOF Pro	TRUE	PASEF	0.9	protocol_text	Homo sapiens (human)	human	Protomic Service CIC bioGUNE Bizkaia Tech. Park Build. 800 Derio 48160 Spain	Felix Elortza	cell culture	2022-10-15				
1418	PXD033545	Naringenin Suppresses BEAS-2B-derived Exosomal Cargoes Disorder Caused by Cigarette Smoke Extract thereby Inhibiting M1 Macrophage Polarization	timsTOF Pro	TRUE	PASEF	0.9	protocol_text	Homo sapiens (human)	human	Sun yat-sen university	Zhen Chen	cell culture	2022-07-13				
1419	PXD028523	Cell-surface tethered promiscuous biotinylators enable comparative small-scale surface proteomic analysis of human extracellular vesicles and cells	timsTOF Pro	TRUE	PASEF	0.9	protocol_text	Homo sapiens (human)	human	Department of Pharmaceutical Chemistry, University of California, San Francisco, CA, USA 94158	James Wells	cell culture	2022-03-03				
1420	PXD031636	In-depth Profiling and Quantification of the lysine acetylome in Hepatocellular Carcinoma with a Trapped Ion Mobility Mass Spectrometer	timsTOF Pro	TRUE	PASEF	0.85	keywords	Homo sapiens (human)	human	School of Pharmaceutical Science and Technology, Tianjin University, Tianjin 300072, China	Ruibing Chen	cell culture	2022-07-02				
1421	PXD029653	A Co-culture System Reveals a Cross-talk between Alveolar Epithelium and Pulmonary Microvascular Endothelium during SARS-CoV-2 Infection	timsTOF Pro	TRUE	PASEF	0.9	protocol_text	Homo sapiens (human)	human	Dalian Institute of Chemical Physics, Chinese Academy of Sciences	Peng Wang	cell culture	2021-11-11				
1422	PXD029632	Crenigacestat inhibits osteogenic differentiation of human valve interstitial cells and seems promising for treatment of cardiovascular calcification	timsTOF Pro	TRUE	PASEF	0.9	protocol_text	Homo sapiens (human)	human	Research Centre for Personalized Medicine, Almazov National Medical Research Centre, Saint Petersburg, Russia	Anna B. Malashicheva	cell culture	2022-10-04				
1423	PXD027719	LC-MS and gel-based comparison of DPSCs and PDLSCs	timsTOF Pro	TRUE	PASEF	0.9	protocol_text	Homo sapiens (human)	human	Head of the Laboratory of non-coding DNA, Institute of Cytology RAS, St. Petersburg, Russia	Natella Enukashvily	cell culture	2021-11-25				
1424	PXD023983	Discovery of RSV-induced BRD4 protein interactions using native immunoprecipitation and parallel accumulation – serial fragmentation (PASEF) mass spectrometry	timsTOF Pro	TRUE	PASEF	0.9	protocol_text	Homo sapiens (human)	human	Institute for Clinical and Translational Research (ICTR), University of Wisconsin-Madison, Madison, WI, 53705, USA	Allan Brasier	cell culture	2021-03-17				
1425	PXD023049	Immunomodulation of T helper cells by tumour microenvironment in oral cancer is associated with rapid membrane-associated Vitamin D signalling pathway	timsTOF Pro	TRUE	PASEF	0.9	protocol_text	Homo sapiens (human)	human	Molecular and Translational Immunology Laboratory, Clinical Biochemistry and Immunology Department, Pharmacy Faculty, Universidad de Concepción, Concepción, Chile	Estefania Nova-Lamperti	cell culture	2021-04-29				
1426	PXD019086	Deep learning the collisional cross sections of the peptide universe from a million experimental values	timsTOF Pro	TRUE	PASEF	0.9	protocol_text	"Homo sapiens (human); Caenorhabditis elegans; Saccharomyces cerevisiae (baker's yeast); Escherichia coli; Drosophila melanogaster (fruit fly)"	"human; c_elegans; yeast; ecoli; drosophila"	Department Proteomics and Signal Transduction  Max Planck Institute of Biochemistry  Am Klopferspitz 18  82152 Martinsried   Germany	Matthias Mann	cell culture	2021-01-18				multi_organism
1427	PXD021222	Inhibiting coronavirus replication by chemical ER stress, including SARS-CoV-2 and MERS-CoV	timsTOF Pro	TRUE	PASEF	0.9	protocol_text	"Homo sapiens (human); Severe acute respiratory syndrome coronavirus 2; Chlorocebus sabaeus; Middle east respiratory syndrome-related coronavirus"	"human; severe_acute_respiratory_syndr; chlorocebus_sabaeus; middle_east_respiratory_syndro"	Head of Core Facility Mass Spectrometry, Faculty of Chemistry, Philipps-University Marburg	Uwe Linne	cell culture	2021-06-24				multi_organism
1428	PXD021139	Targeting UBC9-mediated Protein Hyper-SUMOylation in Cystic Cholangiocytes Halts Polycystic Liver Disease in Experimental Models	timsTOF Pro	TRUE	PASEF	0.9	protocol_text	Homo sapiens (human)	human	CIC bioGUNE Proteomics Service Bizkaia Tech. Park Build. 800 48160 Derio (Spain)	Felix Elortza	cell culture	2020-09-29				
1429	PXD018784	Characterization of PITH domain-containing protein 1 (C1orf128) functionality in olfactory metabolism	timsTOF Pro	TRUE	PASEF	0.9	protocol_text	Homo sapiens (human)	human	Proteomics Service, CIC bioGUNE, Build. 800 Bizkaia Tech. Park, Zamudio, Spain	Felix Elortza	cell culture	2020-11-19				
1430	PXD017587	Proteostasis disturbances and endoplasmic reticulum stress contribute to polycystic liver disease: new therapeutic targets.	timsTOF Pro	TRUE	PASEF	0.9	protocol_text	"Homo sapiens (human); Rattus norvegicus (rat)"	"human; rat"	CIC bioGUNE Proteomics Service Head	Felix Elortza	cell culture	2020-05-25				multi_organism
1431	PXD051604	Quantitative phosphoproteomics on A375 cells with PTPN23 knockdown or not	timsTOF Pro	TRUE	PASEF	0.9	protocol_text	Homo sapiens (human)	human	Institute for Cancer Research, Shenzhen Bay Laboratory, China.	Ying He	melanocyte	2025-01-08				
1432	PXD035986	Proteomic evaluation of human osteoblast responses to titanium implants over time	timsTOF Pro	TRUE	PASEF	0.9	protocol_text	Homo sapiens (human)	human	Proteomics Service CIC bioGUNE Bizkaia Tech. Park Build. 800 48160 Derio (Spain)	Felix Elortza	osteoblast	2023-03-11				
1433	PXD026836	Proteomics of MRSA biofilms under Elasnin Treatment	timsTOF Pro	TRUE	DDA	0.9	experimentTypes	Staphylococcus aureus	staphylococcus_aureus	Chemical and Biological Engineering Department, The Hong Kong University of Science and Technology (HKUST)	Henry Lam		2022-07-22				
1434	PXD050220	Characterization of Protein Precipitation Methods of Clinical Samples for Simple and Low-Cost Methods to Enhance the Depth and Breadth of Plasma Proteomics	timsTOF fleX	TRUE	diaPASEF	0.95	protocol_text	Homo sapiens (human)	human	Penn State College of Medicine, Department of Medicine, Penn State Cancer Institute.	Chandra P. Belani	blood plasma	2025-05-29				
1435	PXD059857	Proteomics profiling of human CD34+ cells from MDS bone marrow and healthy control cells	timsTOF HT	TRUE	diaPASEF	0.95	protocol_text	Homo sapiens (human)	human	Center for Proteomics & Metabolomics, St. Jude Children's Research Hospital, Memphis, TN 38105, USA	Anthony A High	bone marrow	2025-11-14				
1436	PXD066273	Extracellular vesicles from obese visceral adipose promote pancreatic cancer development and resistance to immune checkpoint blockade therapy	timsTOF Pro	TRUE	PASEF	0.9	protocol_text	Mus musculus (mouse)	mouse	Sun Yat-sen University Cancer Center (SYSUCC)	Claire Chow	pancreas	2025-10-29				
1437	PXD056569	CMVCreBONCAT Proteome Coverage Comparison	timsTOF Pro	TRUE	unknown	0.0	none	Mus musculus (mouse)	mouse	Department of Neurology and Neurological Sciences, Stanford University, Stanford, CA, USA	Tony Wyss-Coray	heart	2025-11-06				unknown_acquisition_mode
1438	PXD039627	ChIP-MS reveals the local chromatin composition by label-free quantitative proteomics	timsTOF fleX	FALSE	PASEF	0.9	protocol_text	"Homo sapiens (human); Mus musculus (mouse)"	"human; mouse"	Cancer Science Institute of Singapore, National University of Singapore	Dennis Kappei	liver	2024-03-05				"mixed_instruments; multi_organism"
1439	PXD065221	The immune response against cancer is modulated by stromal cell fibronectin	timsTOF Pro	TRUE	PASEF	0.9	protocol_text	Mus musculus (mouse)	mouse	Max-Planck Institute of Biochemistry and Institute of Immunology, University of Heidelberg Im Neuenheimer Feld 305, 2. OG 69120 Heidelberg Germany	Inaam Nakchbandi		2025-06-20				
1440	PXD061688	Novel insights into Emx2 and Dmrta2 cooperation during cortex development and evidence for Dmrta2 function in choroid plexus-part 2	timsTOF Pro	TRUE	PASEF	0.9	protocol_text	Mus musculus (mouse)	mouse	ULB Neuroscience Institute (UNI) Université Libre de Bruxelles (ULB) B-6041 Gosselies, Belgium.	Eric J. Bellefroid		2025-06-04				
1441	PXD058781	Modulatory Effects of CNNM4 on Protein-L-Isoaspartyl-O-Methyltransferase Repair Function during Alcohol-Induced Hepatic Damage	timsTOF Pro	TRUE	PASEF	0.9	protocol_text	Mus musculus (mouse)	mouse	Proteomics Platform CIC bioGUNE Bizkaia Tech. Park Build. 800 48160 Derio (Spain)	Felix Elortza		2025-07-21				
1442	PXD055964	Declining activity of serum response factor in aging arteries in relation to aortic aneurysm initiation and progression	timsTOF Pro	TRUE	PASEF	0.9	protocol_text	Mus musculus (mouse)	mouse	University of Copenhagen, Department of Biomedical Sciences, Jepps Lab, Copenhagen, Denmark	Thomas Jepps		2025-05-07				
1443	PXD054760	The USP12/46 deubiquitinases protect integrins from ESCRT-mediated lysosomal degradation	timsTOF Pro	FALSE	PASEF	0.9	protocol_text	Mus musculus (mouse)	mouse	Department of Molecular Medicine, Max Planck Institute of Biochemistry, Martinsried, Germany	Reinhard Fässler		2024-09-06				mixed_instruments
1444	PXD031833	TTYH family members form tetrameric complexes at the cell membrane	timsTOF Pro	FALSE	PASEF	0.9	protocol_text	Mus musculus (mouse)	mouse	Petr Man, PhD Laboratory of Structural Biology and Cell Signaling BioCeV - Institute of Microbiology of the Czech Acad Sci Prumyslova 595 252 50 Vestec Czech Republic	Petr Man		2022-08-31				mixed_instruments
1445	PXD024005	Proteome Differences between Daptomycin-Resistant and WT MRSA Biofilms after Elasnin Treatment	timsTOF Pro	TRUE	DDA	0.6	software_inference:maxquant	Staphylococcus aureus	staphylococcus_aureus	Chemical and Biological Engineering, The Hong Kong University of Science and Technology (HKUST)	Henry Lam		2021-11-11				
1446	PXD053348	Data in support of nutrition for improved growth and health of very preterm infants	timsTOF Pro 2	TRUE	unknown	0.0	none	Homo sapiens (human)	human	Aalborg University	Allan Stensballe	blood plasma	2025-11-27				unknown_acquisition_mode
1447	PXD063178	Parthenolide disrupts mitosis by inhibiting ZNF207/BUGZ-promoted kinetochore microtubule attachment	timsTOF Pro	FALSE	DDA	0.85	protocol_text	Homo sapiens (human)	human	Department of Biomedical Sciences, University of Copenhagen, Denmark	Michael Davies		2025-05-27				mixed_instruments
1448	PXD060821	Histidine methylation of MYLK2 and C3H zinc fingers by CARNMT1	timsTOF Pro	TRUE	DDA	0.9	experimentTypes	"Homo sapiens (human); Caenorhabditis elegans"	"human; c_elegans"	ection for Biochemistry and Molecular Biology, Department of Biosciences, University of Oslo	Jedrzej Malecki		2025-07-28				multi_organism
1449	PXD058529	Structure of human PINK1 at a mitochondrial TOM/VDAC array	timsTOF Pro	TRUE	DDA	0.85	protocol_text	Homo sapiens (human)	human	The Walter and Eliza Hall Institute of Medical Research Professor of Medical Biology, University of Melbourne, Australia	Prof. David Komander		2025-05-05				
1450	PXD052799	TGF-β regulates the release of breast cancer cell-derived extracellular vesicles and the sorting of their protein cargo by downregulating RAB27B expression	timsTOF Pro	TRUE	DDA	0.85	protocol_text	Homo sapiens (human)	human	Department of Cell and Chemical Biology, Leiden University Medical Center, Leiden, Netherlands.	Peter ten		2024-12-28				
1451	PXD047056	Chemical proteomics reveal human off-targets of fluoroquinolone induced mitochondrial toxicity	timsTOF Pro	FALSE	DDA	0.9	experimentTypes	Homo sapiens (human)	human	Center for Functional Protein Assemblies, Department of Bioscience, TUM School of Natural Sciences, Technical University of Munich, Ernst-Otto-Fischer-Straße 8, 85748 Garching, Germany.	Stephan A. Sieber		2025-05-06				mixed_instruments
1452	PXD044447	The Isotopic Depletion Increases the Spatial Resolution of FPOP Top-Down Analysis.	timsTOF Pro	TRUE	DDA	0.6	software_inference:maxquant	Homo sapiens (human)	human	Faculty of Science, Charles University, 12800 Prague, Czech Republic	Marek Polak		2024-01-26				
1453	PXD042935	Deubiquitination of CDC6 by OTUD6A promotes tumour progression and chemoresistance	timsTOF Pro	TRUE	DDA	0.9	experimentTypes	Homo sapiens (human)	human	Department of Urology, Qilu Hospital of Shandong University, Jinan, China	Jianfeng Cui		2024-05-24				
1454	PXD042416	Peptide collision cross section of 22 post-translational modifications	timsTOF Pro	FALSE	DDA	0.85	protocol_text	Homo sapiens (human)	human	Jena University Hospital	Florian Meier-Rosar		2023-08-25				mixed_instruments
1455	PXD041685	BioE3 enables the identification of bona fide targets of E3 ligases	timsTOF Pro	TRUE	DDA	0.6	software_inference:maxquant	Homo sapiens (human)	human	Center for Cooperative Research in Biosciences (CIC bioGUNE), Basque Research and Technology Alliance (BRTA), Bizkaia Technology Park, Building 801A, 48160 Derio, Spain.	James D. Sutherland		2024-01-26				
1456	PXD029354	Human cell lines pulldown interactions CL-MSMS	timsTOF Pro	FALSE	DDA	0.6	software_inference:maxquant	Homo sapiens (human)	human	Warwick Medical School, University of Warwick, Coventry, CV4 7AL, United Kingdom	Andrew Bowman		2022-09-15				mixed_instruments
1457	PXD027234	Cross-linking/Mass Spectrometry Combined with Ion Mobility on a timsTOF Pro Instrument for Structural Proteomics	timsTOF Pro	TRUE	DDA	0.6	software_inference:proteome discoverer	"Homo sapiens (human); Bos taurus (bovine); Escherichia coli"	"human; bovine; ecoli"	Department of Pharmaceutical Chemistry & Bioanalytics  Center for Structural Mass Spectrometry  Institute of Pharmacy  Martin Luther University Halle-Wittenberg  Kurt-Mothes-Str. 3, Entrance C  D-06120 Halle/Saale	Andrea Sinz		2022-03-17				multi_organism
1458	PXD024955	Data in support of Identification of potential autoantigens in anti-CCP-positive and anti-CCP-negative rheumatoid arthritis	timsTOF Pro	TRUE	DDA	0.6	software_inference:maxquant	Homo sapiens (human)	human	Aalborg University, Denmark	Allan Stensballe		2022-01-05				
1459	PXD058530	Proteomic Analysis of Kidney Tissues Following Ischemia-Reperfusion Injury in Male Mice	timsTOF Pro	TRUE	diaPASEF	0.95	protocol_text	Mus musculus (mouse)	mouse	Zhejiang University	Cunqi Ye	kidney	2025-12-06				
1460	PXD043534	Primary and hTERT-transduced mesothelioma-associated fibroblasts but not primary or hTERT-transduced mesothelial cells stimulate growth of human mesothelioma cells_ Cytoplasmic proteins & Proteins from nuclear extracts	timsTOF Pro	TRUE	PASEF	0.9	protocol_text	Homo sapiens (human)	human	University of Vienna, Faculty of Chemistry, Department of Analytical Chemistry	Christopher Gerner	pleural mesothelium	2023-10-24				
1461	PXD038632	Robust dimethyl-based multiplex-DIA doubles single-cell proteome depth via a reference channel	timsTOF SCP	FALSE	single-cell	0.9	protocol_text	Homo sapiens (human)	human	Department of Proteomics and Signal Transduction, Max Planck Institute of Biochemistry, Martinsried, Germany	Matthias Mann	cell culture	2023-08-30				mixed_instruments
1462	PXD069630	Spatial proteomics of ovarian cancer precursors delineates early disease changes and drug targets	timsTOF Ultra	TRUE	diaPASEF	0.95	protocol_text	Homo sapiens (human)	human	Max Delbrück Center  Robert-Rössle-Straße 10 13125 Berlin, Germany	Dr. Fabian Coscia	epithelial cell	2025-10-19				
1463	PXD046609	Nitroxoline Resistance in Escherichia coli	timsTOF Pro	TRUE	diaPASEF	0.95	protocol_text	Escherichia coli	ecoli	Microbial Natural Products, Helmholtz Institute for Pharmaceutical Research Saarland (HIPS). Helmholtz Centre for Infection Research (HZI). Department of Pharmacy at Saarland University, Campus Building E8.1, 66123 Saarbrücken, Germany.	Rolf Mueller		2023-11-22				
1464	PXD059792	The EMC acts as a chaperone to labile transmembrane domains	timsTOF Pro	TRUE	diaPASEF	0.95	protocol_text	Homo sapiens (human)	human	Cellular Protein Biochemistry Lab Technical University of Munich School of Natural Sciences Department of Bioscience	Matthias J. Feige		2025-08-25				
1465	PXD058954	PSKH1 kinase activity is differentially modulated via allosteric binding of Ca2+ sensor proteins	timsTOF Pro	TRUE	diaPASEF	0.95	protocol_text	Homo sapiens (human)	human	Head, Inflammation Division Professor and NHMRC Leadership Fellow Walter and Eliza Hall Institute of Medical Research 1G Royal Parade Parkville, VIC 3052, Australia (lab head)	Prof. James M. Murphy		2025-01-26				
1466	PXD056543	PSKH1 kinase activity is differentially modulated via allosteric binding of Ca2+ sensor proteins	timsTOF Pro	TRUE	diaPASEF	0.95	protocol_text	Homo sapiens (human)	human	Head, Inflammation Division Professor and NHMRC Leadership Fellow Walter and Eliza Hall Institute of Medical Research 1G Royal Parade Parkville, VIC 3052, Australia	James M. Murphy		2025-01-26				
1467	PXD055203	A Proteogenomic Analysis of Cervical Cancer Reveals Therapeutic and Biological Insights	timsTOF Pro	FALSE	diaPASEF	0.95	protocol_text	Homo sapiens (human)	human	Shanghai Institute for Materia Medica	Hu Zhou		2024-10-09				mixed_instruments
1468	PXD052360	ZBTB11 Depletion Targets Metabolic  Vulnerabilities in  K-Ras Inhibitor Resistant PDAC	timsTOF Pro	FALSE	diaPASEF	0.95	protocol_text	Homo sapiens (human)	human	Department of Chemistry & Biochemistry Skaggs School of Pharmacy and Pharmaceutical Sciences University of California San Diego 9500 Gillman Drive, La Jolla, CA 92093	Fleur Ferguson		2025-07-15				mixed_instruments
1469	PXD051023	Human conjunctival fibroblasts-LC-MS/MS	timsTOF Pro	TRUE	diaPASEF	0.95	protocol_text	Homo sapiens (human)	human	Department of Ophthalmology, The First Affiliated Hospital of Fujian Medical University	Biting Zhou		2024-05-13				
1470	PXD045642	Ferroptosis inhibition by oleic acid mitigates iron-overload-induced injury.	timsTOF Pro	TRUE	diaPASEF	0.95	protocol_text	Homo sapiens (human)	human	Department of Chemistry, Columbia University, New York, NY 10027, USA.	Brent R. Stockwe		2025-05-06				
1471	PXD044928	Total proteome analysis of HEK293, hiPSCs and hiPSC-derived neuronal progenitor cells, neurons and cardiomyocytes	timsTOF Pro	FALSE	diaPASEF	0.95	protocol_text	Homo sapiens (human)	human	MPI of Biochemistry, Am Klopferspitz 18, 82152 Planegg, Germany	Dr. Danny Nedialkova		2025-05-02				mixed_instruments
1472	PXD034620	Cardiovascular-related proteomic changes in ECFCs exposed to the serum of COVID-19 patients	timsTOF Pro	TRUE	diaPASEF	0.95	protocol_text	Homo sapiens (human)	human	Professor, Department of Biochemistry and Molecular Biology, University of Southern Denmark (SDU), Denmark	Martin Røssel Larsen		2023-03-20				
1473	PXD057647	B. subtilis proteome 	timsTOF Pro	TRUE	PASEF	0.9	protocol_text	Bacillus subtilis subsp. subtilis str. ro-nn-1	bacillus_subtilis_subsp._subti	School of Life Sciences, Central China Normal University, Wuhan, Hubei province, China	Xiongfeng Dai	cell culture	2025-04-30				
1474	PXD055981	High-throughput mixed-species quantitative benchmark with varying sample amounts	timsTOF Ultra	TRUE	diaPASEF	0.95	protocol_text	"Homo sapiens (human); Saccharomyces cerevisiae (baker's yeast); Escherichia coli"	"human; yeast; ecoli"	Charité – Universitätsmedizin Berlin	Vadim Demichev		2025-12-09				multi_organism
1475	PXD068742	Culturing of primary mouse hepatocytes is associated with major changes to the proteome and transcriptome	timsTOF Pro 2	TRUE	diaPASEF	0.95	protocol_text	Mus musculus (mouse)	mouse	Novo Nordisk Foundation Center for Basic Metabolic Research	Jonas T. Treebak	hepatocyte	2025-09-25				
1476	PXD039785	Translatome analyses by bio-orthogonal non-canonical amino acid labeling reveal that MR1-activated MAIT cells induce an M1 phenotype and antiviral programming in antigen-presenting monocytes_bicellular1	timsTOF Pro	TRUE	DDA	0.9	experimentTypes	Homo sapiens (human)	human	Cellular Proteomics, Helmholtz Centre for Infection Research, Braunschweig, Germany	Lothar Jaensch	monocyte	2023-02-08				
1477	PXD036970	Multi-omics provide evidence for an anti-inflammatory immune signature and metabolic alterations in patients with Long COVID Syndrome – an exploratory study (supernatants of M1 and M2-like macrophages)	timsTOF Pro	TRUE	PASEF	0.9	protocol_text	Homo sapiens (human)	human	University of Vienna, Faculty of Chemistry, Department of Analytical Chemistry	Christopher Gerner	m2 macrophage	2023-03-10				
1478	PXD066055	SUMO-2 activity is inhibited by non-covalent interactions with the Aβ peptide: an exploration of potential pathogenic mechanisms in Alzheimer’s Disease	timsTOF Pro	TRUE	PASEF	0.9	protocol_text	Homo sapiens (human)	human	Istituto di Cristallografia, Consiglio Nazionale delle Ricerche, Sede Secondaria di Catania, Via Paolo Gaifami 18, 95126 Catania, Italy	Danilo milardi		2025-08-25				
1479	PXD061021	Molecular Structure and Enzymatic Mechanism of the Human Collagen Hydroxylysine Galactosyltransferase GLT25D1/COLGALT1	timsTOF Pro	TRUE	PASEF	0.9	protocol_text	Homo sapiens (human)	human	University of L'Aquila	Claudio Iacobucci		2025-03-05				
1480	PXD060353	NUDT5 restrains PPAT to promote pyrimidine synthesis and effective nucleobase therapy - NUDT5 co-immunoprecipitation	timsTOF Pro	TRUE	PASEF	0.9	protocol_text	Homo sapiens (human)	human	Dpt. of Immunobiology, University of Lausanne, Chemin de Boveresses 155, 1066 Epalinges, Switzerland	Alexis Jourdain		2025-10-29				
1481	PXD060227	Nanobodies as therapies for loss-of-function misfolding diseases	timsTOF Pro	TRUE	PASEF	0.9	protocol_text	Homo sapiens (human)	human	Institute of Microbiology,The Czech Academy of Sciences	Petr Man		2026-01-06				
1482	PXD058899	Structural basis of ubiquitin ligase Nedd4-2 autoinhibition and regulation by calcium and 14-3-3 proteins	timsTOF Pro	TRUE	PASEF	0.9	protocol_text	Homo sapiens (human)	human	Institute of Physiology of the Czech Academy of Sciences, Laboratory of Structural Biology of Signaling Proteins, Division BIOCEV, Prumyslova 595, 252 50 Vestec, Czech Republic	Veronika Obsilova		2025-05-12				
1483	PXD058042	Characterization of a novel family of Contilisant+Bellinostat multitarget small molecules in glioblastoma	timsTOF Pro	TRUE	PASEF	0.9	protocol_text	Homo sapiens (human)	human	Proteomics Platform CIDC bioGUNE Bizkaia Tech. Park Build. 800 48160 Derio 48160 Spain	Felix Elortza		2026-02-02				
1484	PXD057607	Proteomics profiling of research models for studying pancreatic ductal adenocarcinoma	timsTOF Pro	TRUE	PASEF	0.9	protocol_text	Homo sapiens (human)	human	General Manager of PROMEC Department of Clinical and Molecular Medicine  lars.hagen@ntnu.no +4773598508 +4772573342 Laboratoriesenteret, 231.04.008, Øya, Erling Skjalgssons gate 1 Norway	Lars Hagen		2024-12-18				
1485	PXD057312	Structural basis of MICAL autoinhibition	timsTOF Pro	TRUE	PASEF	0.9	protocol_text	Homo sapiens (human)	human	Laboratory of Structural Neurobiology,  Institute of Molecular Genetics of the Czech Academy of Sciences - BioCeV,Prumyslova 595, 25250 Vestec, Czech Republic	Daniel Rozbesky		2024-10-30				
1486	PXD055877	Changes in Cereblon substrates landscape upon molecular glue treatment	timsTOF Pro	TRUE	PASEF	0.9	protocol_text	Homo sapiens (human)	human	Proteomics Platform CIC bioGUNE Bzkaia Tech. Park Build. 800 Derio 48160 Bizkaia (Spain)	Felix Elortza		2025-05-07				
1487	PXD053041	Protein target identification of CL16 in HCT116 cells by an alkyne probe, CL16-alkyne	timsTOF Pro	TRUE	PASEF	0.9	protocol_text	Homo sapiens (human)	human	School of Biomedical Sciences and Department of Pathology, The University of Hong Kong	Clive Yik-Sham Chung		2025-08-30				
1488	PXD050740	Binding partners of BAG3 in human iPS-cardiac fibroblasts.	timsTOF Pro	TRUE	PASEF	0.9	protocol_text	Homo sapiens (human)	human	Department of Biomedical Engineering, Columbia University, New York, NY, USA	Gordana Vunjak-Novakovic		2025-05-06				
1489	PXD050583	Optimization of cartilage decellularization protocol yields post-processable extracellular matrix with chondrogenic and osteogenic biological properties	timsTOF Pro	TRUE	PASEF	0.9	protocol_text	Homo sapiens (human)	human	Proteomics PLatform CIC bioGUNE Build. 800 Bizakaia Tech. Park Derio 48160 Spain	Felix Elortza		2025-05-13				
1490	PXD045186	Chloride intracellular channel (CLIC) proteins function as fusogens	timsTOF Pro	TRUE	PASEF	0.9	protocol_text	Homo sapiens (human)	human	Laboratory of Structural Biology and Cell Signaling  Institute of Microbiology of the Czech Acad Sci  Prumyslova 595 252 50 Vestec Czech Republic	Dr Petr Man		2024-03-10				
1491	PXD042009	Structural insights into Siglec-15 reveal glycosylation dependency for its interaction with T cells through integrin CD11b	timsTOF Pro	TRUE	PASEF	0.9	protocol_text	Homo sapiens (human)	human	Proteomics Service CIC bioGUNE Bizkaia Tec. Park Build. 800 48160 Derio (Spain)	Felix Elortza		2023-07-20				
1492	PXD036463	A comprehensive set of ER PDI family members supports the biogenesis of pro-inflammatory interleukin 12 family cytokines	timsTOF Pro	TRUE	PASEF	0.9	protocol_text	Homo sapiens (human)	human	Technical University of Munich Department of Chemistry and Institute for Advanced Study  Lichtenbergstr. 4  85748 Garching Germany	Matthias J. Feige		2022-11-28				
1493	PXD036206	Identification of host dependency factors involved in SARS-CoV-2 replication organelle formation through proteomics and ultrastructural analysis	timsTOF Pro	TRUE	PASEF	0.9	protocol_text	Homo sapiens (human)	human	Systems Arbovirology, Leibniz Institute of Virology, Hamburg, Germany	Pietro Scaturro		2023-10-23				
1494	PXD033741	Proteomic Characterization of Epithelial Ovarian Cancer Delineates Molecular Signatures and Therapeutic Targets in Distinct Histological Subtypes	timsTOF Pro	TRUE	PASEF	0.9	protocol_text	Homo sapiens (human)	human	Shengjing hospital of China Medical University	Qi-Jun Wu		2023-10-30				
1495	PXD033205	First direct observation of elongated conformational states in alpha-synuclein upon liquid-liquid phase separation	timsTOF Pro	TRUE	PASEF	0.9	protocol_text	Homo sapiens (human)	human	Department of Pharmaceutical Chemistry & Bioanalytics AG Sinz Institute of Pharmacy, Center for Structural Mass Spectrometry Martin Luther University Halle-Wittenberg Germany	Andrea Sinz		2024-03-18				
1496	PXD032727	Large-scale proteome and ubiquitination landscape of patients with OTULIN haploinsufficiency Part1 of 3	timsTOF Pro	FALSE	PASEF	0.9	protocol_text	Homo sapiens (human)	human	"Laboratory of Human Genetics of Infectious Diseases, Necker Branch, INSERM U1163, Necker Hospital for Sick Children, Paris, France; University of Paris, Imagine Institute, Paris, France; St. Giles Laboratory of Human Genetics of Infectious Diseases, Rockefeller Branch, The Rockefeller University, New York, NY, USA; Department of Pediatrics, Necker Hospital for Sick Children, AP-HP, Paris, France; Howard Hughes Medical Institute, New York, NY, USA"	Jean-Laurent Casanova		2022-06-13				mixed_instruments
1497	PXD031140	Intramembrane client recognition potentiates the chaperone functions of calnexin	timsTOF Pro	FALSE	PASEF	0.9	protocol_text	Homo sapiens (human)	human	Technical University of Munich Department of Chemistry and Institute for Advanced Study Lichtenbergstr. 4 85748 Garching, Germany	Matthias J. Feige		2022-11-09				mixed_instruments
1498	PXD028943	Phosphoproteomics of TrkA and TrkB signaling in SH-SY5Y neuroblastoma cells	timsTOF Pro	TRUE	PASEF	0.9	protocol_text	Homo sapiens (human)	human	Systems Biology Ireland, University College Dublin, Belfield, Dublin 4.	Boris Kholodenko		2022-04-13				
1499	PXD028504	Comprehensive analyses characterized ubiquintome of human colorectal cancer and revealed increased ubiquitination on FOCAD potentially associating patient survival	timsTOF Pro	TRUE	PASEF	0.9	protocol_text	Homo sapiens (human)	human	The First Affiliated Hospital, Jinan University, Guangzhou, China.	Yan Yang		2022-10-13				
1500	PXD027637	4D-Quantitative Proteomic Signature of Human Sperms between Normo- and Asthenozoospermia	timsTOF Pro	TRUE	PASEF	0.9	protocol_text	Homo sapiens (human)	human	Shenzhen PKU-HKUST Medical Center	Bo Yang		2021-12-01				
1501	PXD026539	CDK4/6 inhibition promotes anti-tumor immunity	timsTOF Pro	TRUE	PASEF	0.9	protocol_text	"Homo sapiens (human); Mus musculus (mouse)"	"human; mouse"	Peter MacCallum Cancer Centre, 305 Grattan St Melbourne VIC 3000	Stephin J. Vervoort		2021-06-08				multi_organism
1502	PXD022789	Transcriptomic and proteomic landscape of SARS-CoV-2 liver tropism	timsTOF Pro	TRUE	PASEF	0.9	protocol_text	Homo sapiens (human)	human	Systems Arbovirology - Leibniz Institute for Experimental Virology	Pietro Scaturro		2022-04-02				
1503	PXD021809	Identification of proximal SUMO-dependent interactors using SUMO-ID	timsTOF Pro	TRUE	PASEF	0.9	protocol_text	Homo sapiens (human)	human	Proteomics Service CICbioGUNE Bizkaia Tech. Park Build. 800 Derio 48160 Spain	Felix Elortza		2021-09-20				
1504	PXD020509	PASEF technology on timsTOF Pro improves quality of FPOP analysis	timsTOF Pro	TRUE	PASEF	0.9	protocol_text	Homo sapiens (human)	human	Institute of Microbiology of the CAS (BioCeV)	Petr Novak		2021-06-10				
1505	PXD016707	In-depth proteomics and natural peptidomics analyses of human endometrial fluid	timsTOF Pro	FALSE	PASEF	0.9	protocol_text	Homo sapiens (human)	human	Proteomics Platform, CIC bioGUNE, CIBERehd, ProteoRed-ISCIII, Bizkaia Science and Technology Park, Derio, Spain	Felix Elortza		2020-09-29				mixed_instruments
1506	PXD016224	Characterization of the NTSR1-Arr2 complex	timsTOF Pro	FALSE	PASEF	0.9	protocol_text	Homo sapiens (human)	human	Stanford University, School of Medicine, Department of Molecular and Cellular Physiology, USA	Brian K. Kobilka		2019-12-19				mixed_instruments
1507	PXD058693	Molecular mechanism of exchange coupling in CLC chloride/proton antiporters	timsTOF Pro	TRUE	PASEF	0.9	protocol_text	Escherichia coli	ecoli	Institute of Microbiology - BioCeV, Academy of Sciences of the Czech Republic	Petr Man		2025-07-21				
1508	PXD034622	Dapagliflozin ameliorates diabetes-induced spermatogenic dysfunction by modulating the adenosine metabolism along the gut microbiota-testis axis	timsTOF Pro	TRUE	PASEF	0.9	protocol_text	Mus musculus (mouse)	mouse	"Center for Reproductive Medicine, Department of Obstetrics and Gynecology, Peking University Third Hospital, Beijing, 100191, China;"	Jing Hang	testis	2024-01-04				
1509	PXD051960	A proteomics resource for human iPSC-derived endothelial cells (iEC) - human FOXF2 KO versus WT control	timsTOF Pro	TRUE	diaPASEF	0.95	protocol_text	Homo sapiens (human)	human	DZNE Munich, Neuroproteomics, Feodor-Lynen Str. 17, 81377 Munich, Germany	Stefan F.	pluripotent stem cell	2025-09-02				
1510	PXD036127	Mesothelioma-associated fibroblasts enhance proliferation and migration of malignant pleural mesothelioma cells via Met/PI3K and WNT signaling but do not protect against cisplatin_Proteins from nuclear extracts	timsTOF Pro	TRUE	PASEF	0.9	protocol_text	Homo sapiens (human)	human	University of Vienna, Faculty of Chemistry, Department of Analytical Chemistry	Christopher Gerner	fibroblast of lung	2023-06-19				
1511	PXD054067	Proteomic analysis of purified neutrophils	timsTOF Pro	TRUE	PASEF	0.9	protocol_text	Homo sapiens (human)	human	UMR_S1134 Inserm/Université Paris Cité, Paris, France	Dr Slim Azouzi	neutrophil	2025-07-23				
1512	PXD061642	Proteins interacting with Lactobacillus in the rectal epithelium of mice treated with oncolytic virus were detected	timsTOF Pro 2	TRUE	DIA	0.85	protocol_text	Mus musculus (mouse)	mouse	Sun Yat-sen University	Jiayu Zhang	epithelial cell	2025-05-07				
1513	PXD051852	Global proteomics reveals distinct muscle adaptations to menstrual cycle phase-based sprint interval training in endurance-trained females 	timsTOF Pro 2	TRUE	diaPASEF	0.95	protocol_text	Homo sapiens (human)	human	Novo Nordisk Foundation Center for Basic Metabolic Research, University of Copenhagen	Atul S.	skeletal muscle	2025-08-21				
1514	PXD050747	Xenogeneic-free culture of human intestinal stem cells on functional polymer-coated substrates for scalable, clinical-grade stem cell therapy	timsTOF Pro	TRUE	DDA	0.9	experimentTypes	Homo sapiens (human)	human	Department of Chemical and Biomolecular Engineering, Korea Advanced Institute of Science and Technology (KAIST), 291 Daehak-ro, Yuseong-gu, Daejeon 34141, Republic of Korea	Sung Gap Im	stem cell	2024-10-22				
1515	PXD023144	Packed red blood cells inhibit T-cell activation via ROS-dependent signaling pathways	timsTOF Pro	TRUE	DDA	0.6	software_inference:maxquant	Homo sapiens (human)	human	University of Vienna, Department of Analytical Chemistry, Joint Metabolome Facility	Christopher Gerner	t cell	2021-06-01				
1516	PXD035987	Mesothelioma-associated fibroblasts enhance proliferation and migration of malignant pleural mesothelioma cells via Met/PI3K and WNT signaling but do not protect against cisplatin_Secreted proteins	timsTOF Pro	TRUE	PASEF	0.9	protocol_text	Homo sapiens (human)	human	University of Vienna, Faculty of Chemistry, Department of Analytical Chemistry	Christopher Gerner	mesothelial fibroblast	2023-06-20				
1517	PXD053051	Dysferlin facilitates tubular membrane proliferation promoting hypertrophic remodeling of the heart under pressure overload - left ventricular myocyte data	timsTOF Pro 2	TRUE	DIA	0.85	protocol_text	Mus musculus (mouse)	mouse	University Medical Center Goettingen, Department of Clinical Chemistry, Core Facility Proteomics	Christof Lenz	heart	2024-07-15				
1518	PXD061610	GAPDH inhibition in A549 and H358 lung cancer cells	timsTOF HT	TRUE	diaPASEF	0.95	protocol_text	Homo sapiens (human)	human	Univ.Prof. PD DI Dr.techn. Professor for Bioanalytics TU Wien Faculty of Technical Chemistry Institute of Chemical Engineering and Analytics Department of Imaging and Analytical Chemistry Research Group Bioanalytics Getreidemarkt 9/E164 1060 Vienna Austria	Ruth Birner-Gruenberger	lung	2025-05-12				
1519	PXD051363	Mice retina proteomic in the study of gaptch11 in Leber Congenial Amaurosis	timsTOF Pro	TRUE	PASEF	0.9	protocol_text	Mus musculus (mouse)	mouse	Proteomic Plateform Necker - SFR Necker - US24	Chiara Guerrera	retina	2024-09-27				
1520	PXD057129	Identification of cellular factors associated with HIV-1 virions isolated by filtration and ultracentrifugation. (Viral particles)	timsTOF Pro	TRUE	PASEF	0.9	protocol_text	Homo sapiens (human)	human	Université Paris Cité, Institut Cochin, INSERM, CNRS, F-75014 PARIS, France	Clarisse Berlioz-Torrent	hela cell	2025-10-08				
1521	PXD062856	LC-MS/MS-based profiling of REIIBP-mediated methylation substrates within the nucleolus	timsTOF Pro 2	TRUE	DDA	0.6	software_inference:msfragger	Homo sapiens (human)	human	Westlake University	Xiaochun Yu	permanent cell line cell	2025-10-05				
1522	PXD029047	Multilayered Regulation of Autophagy by the Atg1 Kinase Orchestrates Spatial and Temporal Control of Autophagosome Formation	timsTOF Pro	FALSE	PASEF	0.9	protocol_text	Saccharomyces cerevisiae (baker's yeast)	yeast	Queen's University Belfast	Ben Collins		2021-10-11				mixed_instruments
1523	PXD070427	A novel dual histone mark reader ZCWPW2 regulates meiotic recombination through lactylation and transcriptional control in humans and mice	timsTOF Pro	TRUE	diaPASEF	0.95	protocol_text	Homo sapiens (human)	human	West China Second University Hospital, Sichuan University	Ying Shen	testis	2026-01-07				
1524	PXD058003	Comparative single-cell and spatial transcriptomics illuminate bat immunity and barrier tissue evolution	timsTOF Pro 2	FALSE	single-cell	0.9	protocol_text	"Mus musculus (mouse); Rousettus aegyptiacus (egyptian rousette) (egyptian fruit bat)"	"mouse; rousettus_aegyptiacus_(egyptia"	Biochemistry and Molecular Biology, Michael Smith Laboratories, University of British Columbia, Canada	Leonard J. Foster	blood serum	2024-11-18				"mixed_instruments; multi_organism"
1525	PXD044062	Comparative analysis of the proteome of Th2 lymphocytes from WT or ASB2 KO mice	timsTOF SCP	TRUE	diaPASEF	0.95	protocol_text	Mus musculus (mouse)	mouse	Institut de Pharmacologie et de Biologie Structurale (IPBS), Université de Toulouse, CNRS, Université Toulouse III - Paul Sabatier (UT3), Toulouse, France	Odile Burley Schiltz	cell culture	2024-09-24				
1526	PXD035675	study on the ppGpp-mediated stringent response of E. coli during nutrient downshift	timsTOF Pro	TRUE	PASEF	0.9	protocol_text	Escherichia coli	ecoli	School of Life Sciences, Central China Normal University, Wuhan, Hubei province, China	Xiongfeng Dai & Manlu Zhu	bacteriocyte	2023-01-26				
1527	PXD056221	Proteomic analysis of bone marrow cells from wild-type and Dcaf8 knockout mice	timsTOF Pro	TRUE	PASEF	0.9	protocol_text	Mus musculus (mouse)	mouse	Shanghai Institute of Hematology, State Key Laboratory of Medical Genomics, Collaborative Innovation Center of Hematology, National Research Center for Translational Medicine at Shanghai, Ruijin Hospital, Shanghai Jiao Tong University School of Medicine, Shanghai 200000, China	Ping Liu	bone marrow	2025-10-04				
1528	PXD034830	Plasmodium sporozoites require the protein B9 to invade hepatocytes	timsTOF Pro	TRUE	DDA	0.6	software_inference:mascot	"Homo sapiens (human); Plasmodium berghei"	"human; plasmodium_berghei"	Plateforme P3S - UMS PASS 37 - Sorbonne Universite - INSERM	Solenne Chardonnet	malaria	2023-03-11				multi_organism
1529	PXD051959	A proteomics resource for human iPSC-derived endothelial cells (iEC), smooth muscle cells (iSMC), pericytes (iPC) and astrocytes (iAS) in comparison to iPSCs and human primary cells - technical replicates	timsTOF Pro	TRUE	diaPASEF	0.95	protocol_text	Homo sapiens (human)	human	DZNE Munich, Neuroproteomics, Feodor-Lynen Str. 17, 81377 Munich, Germany	Stefan F.	smooth muscle cell	2025-09-08				
1530	PXD039787	Antibody N-linked glycosylation profiling with PEAKS GlycanFinder	timsTOF Pro 2	FALSE	PASEF	0.9	protocol_text	Homo sapiens (human)	human	Bioinformatics Solutions Inc., Waterloo, Ontario, Canada	Jun Ma	blood serum	2023-05-23				mixed_instruments
1531	PXD060882	Platelet transfusion-induced changes in plasma profiles	timsTOF HT	TRUE	diaPASEF	0.95	protocol_text	Homo sapiens (human)	human	Department of Molecular Hematology, Sanquin Research, Amsterdam, the Netherlands	Maartje van den Biggelaar	blood plasma	2025-09-17				
1532	PXD063850	Profiling CTBP2’s genome-wide interactome in murine macrophages in resting state and during LPS-induced inflammation	timsTOF Pro	TRUE	PASEF	0.9	protocol_text	Mus musculus (mouse)	mouse	Metabolic Programming, TUM School of Life Sciences, Technical University of Munich, Munich, Bavaria, Germany	Henriette Uhlenhaut	macrophage	2025-06-08				
1533	PXD060820	MULTI-OMIC ANALYSIS AND PLATELET FUNCTION DISTINGUISH TREATMENT RESPONSES TO HYDROXYTYROSOL IN CARDIOVASCULAR RISK	timsTOF HT	TRUE	diaPASEF	0.95	protocol_text	"Homo sapiens (human); Mus musculus (mouse)"	"human; mouse"	OncoProteomics Laboratory, Dept of Medical Oncology, Amsterdam University Medical Center, Amsterdam, The Netherlands	Dr Connie Ramona Jimenez	blood plasma	2025-07-01				multi_organism
1534	PXD060515	Arabidopsis seeds translation regulation	timsTOF Pro	TRUE	DIA	0.85	protocol_text	Arabidopsis thaliana (mouse-ear cress)	arabidopsis	Proteomics Core Facility and Research Group Proteomics, CEITEC-MU, Masaryk University, Brno, Czech Republic	Zbynek Zdrahal	seed	2025-12-15				
1535	PXD053023	Electrophoresis-Correlative Framing of Ion Mobility Deepens Single-Cell Mass Spectrometry Proteomics	timsTOF	TRUE	single-cell	0.9	protocol_text	"Homo sapiens (human); Xenopus laevis (african clawed frog)"	"human; xenopus_laevis_(african_clawed"	Department of Chemistry & Biochemistry, University of Maryland at College Park	Peter Nemes	cell culture	2025-02-06				multi_organism
1536	PXD063560	Data-independent immunopeptidomics discovery of low-abundant bacterial epitopes	timsTOF SCP	TRUE	diaPASEF	0.95	protocol_text	"Homo sapiens (human); Listeria monocytogenes"	"human; listeria_monocytogenes"	VIB, Ghent University	Francis Impens	cell culture	2025-08-21				multi_organism
1537	PXD028811	Potential tear biomarkers for the early diagnosis of Parkinson's disease- A pilot study	timsTOF Pro	TRUE	PASEF	0.9	protocol_text	Homo sapiens (human)	human	Proteomics Service CIC bioGUNE Bizkaia Tech. Park Build. 800 Derio 48160 Spain	Felix Elortza	tear	2022-02-14				
1538	PXD021318	Multiplex analyses of mitochondria in colorectal cancer patients uncover novel diagnostic and therapeutic opportunities	timsTOF Pro	TRUE	PASEF	0.9	protocol_text	Homo sapiens (human)	human	Shenzhen People’s Hospital	Yong Dai	colonic mucosa	2021-09-09				
1539	PXD057704	Cysteine profiling by CL26-alkyne to investigate protein targets of CL26 in MHCC97L cells	timsTOF Pro	TRUE	PASEF	0.9	protocol_text	Homo sapiens (human)	human	School of Biomedical Sciences and Department of Pathology, School of Clinical Medicine, Li Ka Shing Faculty of Medicine, The University of Hong Kong, Pokfulam Road, Hong Kong, P. R. China	CHUNG, Clive Yik Sham	hepatocyte	2025-07-21				
1540	PXD038750	Evaluation of Two Simultaneous Metabolomic and Proteomic Extraction Protocols Assessed by Ultra-High-Performance Liq-uid Chromatography Tandem Mass Spectrometry	timsTOF	TRUE	DDA	0.85	protocol_text	Homo sapiens (human)	human	1 - College of Pharmacy, University of Sharjah, Sharjah  2 - Sharjah Institute for Medical Research, University of Sharjah, Sharjah	Mohammad H Semreen	blood plasma	2023-01-17				
1541	PXD055629	Functional genomics using high-throughput methods for salivary analysis in Sjögren's disease	timsTOF Pro	TRUE	PASEF	0.9	protocol_text	Homo sapiens (human)	human	Escola Superior de Agricultura Luiz de Queiroz da Universidade de São Paulo	Carlos Alberto	saliva	2025-03-31				
1542	PXD050216	Characterization of Protein Precipitation Methods of Clinical Samples for Simple and Low-Cost Methods to Enhance the Depth and Breadth of Plasma Proteomics	timsTOF fleX	TRUE	diaPASEF	0.95	protocol_text	Homo sapiens (human)	human	Penn State College of Medicine, Department of Medicine, Penn State Cancer Institute.	Chandra P. Belani	blood plasma	2025-05-29				
1543	PXD021667	Proteomic Study of Tolerant S. aureus Strains after Drug Combination Treatment	timsTOF Pro	TRUE	DDA	0.9	experimentTypes	Staphylococcus aureus	staphylococcus_aureus	Chemical and Biological Engineering, The Hong Kong University of Science and Technology (HKUST)	Henry Lam		2021-07-27				
1544	PXD035344	Exploiting trogocytosis by Immunopeptidomics to profile tumor associated antigens (TAA) actively targeted by tumor specific T cells in leukemia.	timsTOF Pro	TRUE	PASEF	0.9	protocol_text	Homo sapiens (human)	human	Dep. of Oncology-Pathology, Karolinska Institutet, Scilifelab, Stockholm, Sweden	Janne Lehtiö	blood	2023-09-07				
1545	PXD040718	N-linked glycosylation of the M-protein variable region: Glycoproteogenomics reveals a new layer of personalized complexity in multiple myeloma.	timsTOF Pro 2	TRUE	DDA	0.6	software_inference:mascot	Homo sapiens (human)	human	Translational Metabolic Laboratory, Radboudumc, Nijmegen, The Netherlands	Hans Wessels	blood plasma	2023-06-09				
1546	PXD056320	To be or not to be phosphorylated: Understanding the role of Ebola virus nucleoprotein in the dynamic interplay with the transcriptional activator VP30 and the host phosphatase PP2A-B56	timsTOF Pro	TRUE	PASEF	0.9	protocol_text	"Homo sapiens (human); Ebolavirus; Zaire ebolavirus"	"human; ebolavirus; zaire_ebolavirus"	Philipps-Universität Marburg Faculty of Chemistry Hans-Meerwein-Str. 4 35043 Marburg GERMANY	Dr. Uwe Linne	permanent cell line cell	2025-01-14				multi_organism
1547	PXD064272	Exploring the Cytotoxic Mechanisms and Anticancer Potentials of Silver Nanoparticles in Cisplatin-Sensitive and -Resistant Lung Adenocarcinoma: Insights from Proteomic and Mice Xenograft Studies 	timsTOF Pro	TRUE	unknown	0.0	none	Homo sapiens (human)	human	The Hong Kong University of Science and Technology	Henry Lam	lung	2025-05-30				unknown_acquisition_mode
1548	PXD050132	Data-Independent Acquisition Represents a Promising Alternative for Fast Photochemical Oxidation of Proteins (FPOP) Samples Analysis	timsTOF SCP	TRUE	diaPASEF	0.95	protocol_text	Homo sapiens (human)	human	Institute of Microbiology, Czech Academy of Science, v.v.i.	Petr Novak		2024-07-08				
1549	PXD046213	HELA whole proteome of carboxypyridostatin (cPDS) treated cells	timsTOF Pro	TRUE	PASEF	0.9	protocol_text	Homo sapiens (human)	human	Cancer Research Center of Toulouse, INSERM UMR 1037, 31037 Toulouse, France  Université Toulouse III Paul Sabatier, 31330 Toulouse, France	Anne Cammas	permanent cell line cell	2025-05-06				
1550	PXD041880	Regulation of mitochondrial function and protein homeostasis by hypoxia inducible factor 1 alpha in normoxia-mouse tissues	timsTOF Pro 2	TRUE	DDA	0.6	software_inference:proteome discoverer	Mus musculus (mouse)	mouse	Department of Inflammation and Immunity, Gastroenterology and Hepatology. Cleveland Clinic, Cleveland Ohio, USA	Srinivasan Dasarathy	skeletal muscle	2025-06-08				
1551	PXD060278	An updated inventory of genes essential for oxidative phosphorylation identifies a mitochondrial origin in familial Ménière’s disease - Quantitative mouse tissue proteomics	timsTOF Pro	TRUE	diaPASEF	0.95	protocol_text	Mus musculus (mouse)	mouse	Dpt. of Immunobiology University of Lausanne (UNIL), Boveresses 155 CH-1066 Epalinges	Alexis Jourdain	heart	2025-07-30				
1552	PXD043108	Dysferlin and its role in cardiac disease	timsTOF Pro	TRUE	diaPASEF	0.95	protocol_text	Mus musculus (mouse)	mouse	Core Facility Proteomics, Department of Clinical Chemistry, University Medical Center Goettingen, Germany	Christof Lenz	heart	2024-07-15				
1553	PXD069457	Polymerization-mediated SRFR1 condensation in upper lateral root cap cells regulates root growth	timsTOF Pro 2	TRUE	diaPASEF	0.95	protocol_text	Arabidopsis thaliana (mouse-ear cress)	arabidopsis	University of Missouri	Gassmann, Walter		2026-01-05				
1554	PXD063679	A flexible end-to-end automated sample preparation workflow enables reproducible large-scale bottom-up proteomics - Part 3	timsTOF HT	TRUE	diaPASEF	0.95	protocol_text	Homo sapiens (human)	human	Biognosys AG	Roland Bruderer	cell culture	2025-10-17				
1555	PXD061569	Proteomics of human CD138+ cell pellets, LC-MSMS	timsTOF fleX	TRUE	DIA	0.85	protocol_text	Homo sapiens (human)	human	Proteomics Core Facility, School of Science, National and Kapodistrian University of Athens, Athens, Greece	Guillaume Médard	bone marrow	2025-11-10				
1556	PXD060356	Identification of global proteome changes upon DFP treatment of HeLa cells	timsTOF HT	TRUE	diaPASEF	0.95	protocol_text	Homo sapiens (human)	human	Max Perutz Labs, Vienna BioCenter, University of Vienna Dr. Bohr-Gasse 9/5, 1030 Vienna, Austria	Sascha Martens	cell culture	2025-01-30				
1557	PXD055258	Comprehensive profiling of degrader-protein interactions	timsTOF HT	TRUE	diaPASEF	0.95	protocol_text	Homo sapiens (human)	human	Department of Cancer Biology, Dana-Farber Cancer Institute, Boston, MA 02215, USA., Department of Biological Chemistry and Molecular Pharmacology, Harvard Medical School, Boston, MA 02115, USA	Eric Fischer	cell culture	2025-07-21				
1558	PXD040766	Diversity in pervasive translation. A new translational landscape of yeast.	timsTOF Pro	TRUE	PASEF	0.9	protocol_text	Saccharomyces cerevisiae (baker's yeast)	yeast	Université Paris-Saclay, CEA, CNRS, Institute for Integrative Biology of the Cell (I2BC), 91198, Gif-sur-Yvette, France.	David Cornu	cell culture	2024-09-04				
1559	PXD046934	Activity-based proteomic profiling (ABPP) employing a serine hydrolase-directed probe to identify changes in activity profiles of lipid hydrolase in lung tumors	timsTOF Pro	TRUE	DDA	0.85	protocol_text	Homo sapiens (human)	human	Faculty of Technical Chemistry, Institute of Chemical Technologies and Analytics, Technische Universität Wien, Getreidemarkt 9/164, 1060 Vienna, Austria	Ruth Birner-Gruenberger	lung	2023-11-27				
1560	PXD065391	Proteomic analysis in mouse liver	timsTOF Pro	TRUE	PASEF	0.9	protocol_text	Mus musculus (mouse)	mouse	1. Department of Biochemistry and Molecular Cell Biology, State Key Laboratory of Oncogenes and Related Genes, Shanghai Key Laboratory for Tumor Microenvironment and Inflammation, Key Laboratory of Cell Differentiation and Apoptosis of Chinese Ministry of Education, Shanghai Jiao Tong University School of Medicine.	Jie Yang	liver	2026-02-09				
1561	PXD061566	Employing Expression-Matched Controls Enables High Confidence Proximity-Based Interactome Classification (Dataset 4)	timsTOF Pro 2	TRUE	DIA	0.85	protocol_text	Homo sapiens (human)	human	School of Biological Sciences, Department of Cell and Developmental Biology, University of California, San Diego, CA, USA	Eric Bennett	cell culture	2025-07-13				
1562	PXD057080	Effects of moderate intensity exercise on liver metabolism in mice based on multi-omics analysis	timsTOF Pro	TRUE	PASEF	0.9	protocol_text	Mus musculus (mouse)	mouse	Peking Union Medical College	Jiahui Chang, Wanyu Wu, Ping Qian, Zhaoxu Lu, Xuejia He, Fang Wang, Ting Zhang	liver	2025-02-10				
1563	PXD061540	Employing Expression-Matched Controls Enables High Confidence Proximity-Based Interactome Classification (Dataset 6)	timsTOF Pro 2	TRUE	DIA	0.85	protocol_text	Homo sapiens (human)	human	School of Biological Sciences,Department of Cell and Developmental Biology, University of California, San Diego, CA, USA	Eric Bennett	cell culture	2025-07-13				
1564	PXD029580	Molecular determinants of the crosstalk between endosomal microautophagy and chaperone-mediated autophagy	timsTOF Pro	TRUE	PASEF	0.9	protocol_text	Mus musculus (mouse)	mouse	UCSF	Nevan Krogan	liver	2023-10-30				
1565	PXD047898	Maximizing glycoproteomics identification depth in complex mixtures on the timsTOF Pro platform	timsTOF Pro 2	TRUE	PASEF	0.9	protocol_text	Homo sapiens (human)	human	Translational Metabolic Laboratory, Department of Human Genetics, Radboudumc, Nijmegen, The Netherlands	Hans Wessels	blood plasma	2024-01-03				
1566	PXD047544	Ribosomal protein S27A pseudogene 5 is involved in monosome related RNA translation	timsTOF Pro	TRUE	diaPASEF	0.95	protocol_text	Homo sapiens (human)	human	Department of Immunology and Cell biology, Université de Sherbrooke, 3201, Jean-Mignault, Sherbrooke, Québec, J1E 4K8, Canada	François-Michel Boisvert	epithelial cell	2026-02-03				
1567	PXD043807	Deep spatial proteomics reveals region-specific features of severe COVID-19-related pulmonary injury	timsTOF Pro	TRUE	diaPASEF	0.95	protocol_text	Homo sapiens (human)	human	Southern University of Science and Technology	Ruijun Tian	lung	2024-01-22				
1568	PXD040862	MALT1 paracaspase controls cholesterol homeostasis in glioblastoma stem-like cells through lysosome proteome shaping	timsTOF	TRUE	PASEF	0.9	protocol_text	Homo sapiens (human)	human	Team SOAP, CRCI2NA, Nantes Université, Inserm, CNRS, Université d’Angers, Nantes, France	Gavard Julie	brain	2025-01-16				
1569	PXD038747	The mass spectrometry-based proteomics analysis of macrophages	timsTOF	TRUE	PASEF	0.9	protocol_text	Mus musculus (mouse)	mouse	Sichuan University	Kefeng Lu	blood	2024-05-24				
1570	PXD062135	Accompanying anion affects cadmium toxicity during Arabidopsis thaliana development	timsTOF Pro	TRUE	DDA	0.6	software_inference:maxquant	Arabidopsis thaliana (mouse-ear cress)	arabidopsis	Proteomics Core Facility and Research Group Proteomics, CEITEC-MU, Masaryk University, Brno, Czech Republic	Zbynek Zdrahal	root	2026-01-07				
1571	PXD036785	Multi-Omics analysis revealed a significant alteration of critical metabolic pathways due to sorafenib-resistance in Hep3B cell lines	timsTOF	TRUE	DDA	0.6	software_inference:maxquant	Homo sapiens (human)	human	1 - College of Pharmacy, University of Sharjah, Sharjah 2 - Sharjah Institute for Medical Research, University of Sharjah, Sharjah	Mohammad H Semreen	cell culture	2023-01-17				
1572	PXD033145	Mass spectroscopy-based proteomics and metabolomics analysis of BT- 474 breast cancer cells treated with Tamoxifen and/or Trastuzumab	timsTOF	TRUE	DDA	0.6	software_inference:maxquant	Homo sapiens (human)	human	University of Sharjah	Mohammad Semreen	cell culture	2023-01-17				
1573	PXD040974	Metabolic labelling and LC-MS/MS-based identification of IL-1α-induced secreted proteomes from epithelial cells in the presence or absence of serum	timsTOF Pro	TRUE	PASEF	0.9	protocol_text	Homo sapiens (human)	human	Rudolf Buchheim Institute of Pharmacology, Justus Liebig University, Giessen, D-35392, Germany	Michael Kracht	epithelial cell	2023-03-21				
1574	PXD050675	Xenogeneic-free culture of human intestinal stem cells on functional polymer-coated substrates for scalable, clinical-grade stem cell therapy	timsTOF Pro	TRUE	DDA	0.9	experimentTypes	Homo sapiens (human)	human	Department of Chemical and Biomolecular Engineering, Korea Advanced Institute of Science and Technology (KAIST), 291 Daehak-ro, Yuseong-gu, Daejeon 34141, Republic of Korea	Sung Gap Im	stem cell	2025-07-07				
1575	PXD067584	Human Adipose-Stem-Cell-Derived Small Extracellular Vesicles Modulate Behavior and Glial Cells in Young and Aged Mice Following TBI	timsTOF Pro	TRUE	diaPASEF	0.95	protocol_text	Mus musculus (mouse)	mouse	University of South Florida	Dr. Stanley Stevens, Jr.	brain	2025-09-11				
1576	PXD062299	Boron Activated Covalent Modification and Micro-Dissection of Amyloid Deposits in Alzheimer’s Disease Brain Tissue	timsTOF Pro	TRUE	diaPASEF	0.95	protocol_text	Mus musculus (mouse)	mouse	Dalian Institute of Chemical Physics	Huan Feng	brain	2025-03-27				
1577	PXD051032	Deficient brain GABA metabolism leads to widespread impairments of astrocyte and oligodendrocyte function	timsTOF Pro	TRUE	diaPASEF	0.95	protocol_text	Mus musculus (mouse)	mouse	Department for Drug Design and Pharmacology, University of Copenhagen	Niels Henning Skotte	brain	2024-06-26				
1578	PXD061684	Proteomics of a human saliva sample, LC-MSMS	timsTOF fleX	TRUE	DIA	0.85	protocol_text	Homo sapiens (human)	human	Proteomics Core Facility, School of Science, National and Kapodistrian University of Athens, Athens, Greece	Guillaume Médard	saliva	2025-11-10				
1579	PXD073759	Proteomic analysis of HEK293T cells deficient in PRDX4 protein	timsTOF HT	TRUE	diaPASEF	0.95	protocol_text	Homo sapiens (human)	human	Research Center of Clinical Pharmacy of The First Affiliated Hospital & Liangzhu Laboratory, Zhejiang University School of Medicine, Hangzhou, China.	Xiaolan Liu		2026-01-29				
1580	PXD059015	Proteomics and phosphoproteomics analysis primary human airway epithelial cells exposed to unflavored electronic cigarette smoke	timsTOF HT	TRUE	diaPASEF	0.95	protocol_text	Homo sapiens (human)	human	University of California Los Angeles	Mehdi Bouhaddou		2025-07-14				
1581	PXD058050	Whole proteome experiment to validate treatment conditions in MCF-7 cells	timsTOF HT	TRUE	diaPASEF	0.95	protocol_text	Homo sapiens (human)	human	Imperial College London	Anna Barnard		2025-04-28				
1582	PXD041941	LC-MS/MS proteomic analysis of human tissues	timsTOF Pro	TRUE	PASEF	0.9	protocol_text	Homo sapiens (human)	human	Department of Pharmacology and Pharmacy, Li Ka Shing Faculty of Medicine, The University of Hong Kong	Connie W. Woo	liver	2023-11-21				
1583	PXD061963	Mouse pancreatic cancer cells LC-MSMS	timsTOF	TRUE	DDA	0.6	software_inference:maxquant	Mus musculus (mouse)	mouse	Sun Yat-sen University Cancer Center (SYSUCC)	Claire Chow	epithelial cell	2025-03-26				
1584	PXD055177	Identification of human plasma proteins binding oxidized phospholipids using pull-down proteomics	timsTOF Pro	TRUE	diaPASEF	0.95	protocol_text	Homo sapiens (human)	human	Institute of Pharmaceutical Sciences University of Graz Humboldtstraße 46/III 8010 Graz Austria	Bernd Gesslbauer	blood plasma	2024-11-06				
1585	PXD035768	Proteomics of human naive pluripotent and trophoblastic stem cells	timsTOF Pro	TRUE	DDA	0.85	protocol_text	Homo sapiens (human)	human	Protim Core facility - Irset Inserm U1085 - UAR Biosit CNRS 380 Inserm 018	Charles Pineau	stem cell	2023-03-11				
1586	PXD061178	TCR targeting of KRAS G12V/C neoantigens is enhanced by lymphodepleting chemotherapy	timsTOF	FALSE	PASEF	0.9	protocol_text	Homo sapiens (human)	human	Department of Molecular Cell Biology, Weizmann Institute of Science, Rehovot, Israel	Yardena Samuels	cell culture	2025-10-03				mixed_instruments
1587	PXD054894	Secretomics of ADAM17 and iRhom2 KO BV2 cells using high-performance secretome protein enrichment with click sugars	timsTOF Pro	TRUE	DIA	0.85	protocol_text	Mus musculus (mouse)	mouse	DZNE Munich, Neuroproteomics, Feodor-Lynen-Str. 17, 81377 München, Germany	Dr Stefan F. Lichtenthaler	microglial cell	2025-03-10				
1588	PXD056688	NSD2 promotes HCC metastasis through methylating PKM2 and activating SF3B1-dependent alternative splicing	timsTOF	TRUE	PASEF	0.9	protocol_text	Homo sapiens (human)	human	The Key Laboratory of Molecular Biology of Infectious Diseases designated by the Chinese Ministry of Education, Chongqing Medical University, Chongqing, China.	dapeng zhang	cell culture	2025-09-30				
1589	PXD049258	Ischemic stroke mice brain LC-MSMS	timsTOF Pro	TRUE	PASEF	0.9	protocol_text	Mus musculus (mouse)	mouse	China Pharmaceutical University	Weirong Fang	brain	2024-08-02				
1590	PXD060349	RNF10 and RIOK3 Facilitate 40S Ribosomal Subunit Degradation upon 60S Biogenesis Disruption or Amino Acid Starvation [Fig. 2F]	timsTOF Pro 2	TRUE	diaPASEF	0.95	protocol_text	Homo sapiens (human)	human	UCSD	Eric Bennett	cell culture	2025-02-07				
1591	PXD051855	Mass-spectrometry analysis of vehicle or AKB-9778 treated FOXF2KO and WT human endothelial cells	timsTOF Pro	TRUE	diaPASEF	0.95	protocol_text	Homo sapiens (human)	human	DZNE Munich, Neuroproteomics, Feodor-Lynen Str. 17, 81377 Munich, Germany	Stefan F.	pluripotent stem cell	2025-09-02				
1592	PXD055825	Neuronal aging leads to disrupted RNA metabolism	timsTOF Pro 2	TRUE	diaPASEF	0.95	protocol_text	Homo sapiens (human)	human	Department of Cell & Developmental Biology, University of California, San Diego, CA 92093, USA.	Eric Bennett	cell culture	2025-02-19				
1593	PXD054883	Enantioselective OTUD7B fragment discovery through chemoproteomics screening and high-throughput optimisation	timsTOF Pro 2	TRUE	diaPASEF	0.95	protocol_text	Homo sapiens (human)	human	Molecular Structure of Cell Signalling Laboratory, The Francis Crick Institute	Katrin Rittinger	cell culture	2025-01-13				
1594	PXD054145	Robust proteome profiling of cysteine-reactive fragments using label-free chemoproteomics - Library Build, concentration response, structure activity relationships and in-cell treatment	timsTOF Pro 2	TRUE	diaPASEF	0.95	protocol_text	Homo sapiens (human)	human	Crick-GSK LinkLabs, UK	Jacob Bush	cell culture	2024-11-18				
1595	PXD051453	Salivary Proteomics and Metaproteomics Identifies Distinct Molecular and Taxonomic Signatures Of Type 2 Diabetes	timsTOF Pro	TRUE	DIA	0.85	protocol_text	"Homo sapiens (human); Saccharomyces cerevisiae (baker's yeast); Saccharomyces cerevisiae"	"human; yeast; yeast"	Novo Nordisk Foundation Center for Basic Metabolic Research, University of Copenhagen, Copenhagen, Denmark	Atul Shahaji Deshmukh	cell culture	2025-05-06				multi_organism
1596	PXD042141	Th17 and MAIT17 cells are associated with severe Recessive Dystrophic Epidermolysis Bullosa: Staphylococcus aureus involvement	timsTOF Pro	TRUE	PASEF	0.9	protocol_text	Homo sapiens (human)	human	Proteomics platform Necker, Université Paris Cité - Structure Fédérative de Recherche Necker, INSERM US24/CNRSUAR3633, Paris 75015, France.	Ida Chiara Guerrera	blood plasma	2025-07-21				
1597	PXD020822	CPEB1 or CPEB1 (T171A, S177A) interacting proteome analysis on C2C12 cells	timsTOF Pro	TRUE	DDA	0.6	software_inference:maxquant	Mus musculus (mouse)	mouse	Hong Kong University of Science and Technology	Tom H. Cheung	cell culture	2021-11-04				
1598	PXD061575	Proteomics of a protein phenol phase sample of human CD138+ cells after RNA extraction , LC-MSMS	timsTOF fleX	TRUE	DIA	0.85	protocol_text	Homo sapiens (human)	human	Proteomics Core Facility, School of Science, National and Kapodistrian University of Athens, Athens, Greece	Guillaume Médard	bone marrow	2025-11-10				
1599	PXD053872	Co-culture CRISPR screens reveal ATG9A as a regulator to macrophage-mediated cytotoxicity in cancer	timsTOF Pro 2	TRUE	PASEF	0.9	protocol_text	Homo sapiens (human)	human	Associate Professor, Department of Laboratory Medicine, UCSF	Arun Wiita	cell culture	2025-04-29				
1600	PXD033222	Combinatorial screening of biological degrader modules to destroy intractable proteins – Kinetic Data	timsTOF Pro 2	TRUE	PASEF	0.9	protocol_text	Homo sapiens (human)	human	Senior Director, Dynamic Omics, CGR, One Medimmune Way Gaithersburg, MD 20878	Sonja Hess	cell culture	2023-11-14				
1601	PXD041934	Bile acids at host-Enterobacteriaceae interface	timsTOF	TRUE	diaPASEF	0.95	protocol_text	Homo sapiens (human)	human	Biochemistry and Molecular Biology, Michael Smith Laboratories, University of British Columbia, Canada	Leonard J. Foster	colon	2025-10-07				
1602	PXD039768	Multilevel Omics-Readouts of Perturbation Studies in vitro are Determined by Memory Effects from Subculture	timsTOF Pro	TRUE	DDA	0.85	protocol_text	Homo sapiens (human)	human	University of Vienna, Faculty of Chemistry, Department of Analytical Chemistry	Christopher Gerner	colonic cancer cell line	2025-04-22				
1603	PXD049426	mini-Complexome Profiling, an FDR-controlled workflow for global targeted Detection of protein complexes (Heart Data)	timsTOF Pro 2	TRUE	diaPASEF	0.95	protocol_text	Mus musculus (mouse)	mouse	University Medical Center Goettingen, Department of Clinical Chemistry, Core Facility Proteomics	Christof Lenz	heart	2024-07-25				
1604	PXD039159	Spatial Proteomics of a human brain tumour	timsTOF Pro	TRUE	PASEF	0.9	protocol_text	Homo sapiens (human)	human	Discovery Proteomics Facility, University of Oxford	Roman Fischer	brain	2023-10-10				
1605	PXD032192	Proteopathic tau seeds contain key similarities to mature paired helical filaments in Alzheimer disease	timsTOF Pro	FALSE	PASEF	0.9	protocol_text	Homo sapiens (human)	human	Department of Neurobiology, Boston Children's Hospital, Harvard Medical School, Boston, MA, USA	Judith A. Steen	brain	2025-05-06				mixed_instruments
1606	PXD038264	The role of endosomal protein DENND10/FAM45A in extracellular vesicle release and cancer cell migration	timsTOF Pro	TRUE	PASEF	0.9	protocol_text	Mus musculus (mouse)	mouse	Soochow University	Yanling Zhang	cell culture	2024-06-14				
1607	PXD053462	Enhanced feature matching in single-cell proteomics characterizes response to IFN-γ and reveals co-existence of different cell states- E.coli spike benchmark Proteomics experiment_Vendor Files	timsTOF Pro 2	TRUE	single-cell	0.9	protocol_text	Homo sapiens (human)	human	1 German Cancer Research Center (DKFZ), Heidelberg, Germany 2 Heidelberg University, Medical Faculty, Heidelberg, Germany (lab head)	Prof. Dr. Jeroen Krijgsveld	cell culture	2024-08-22				
1608	PXD030230	Translational and Post-translational LC-MS of Naïve and Primed hESCs	timsTOF Pro	FALSE	DDA	0.6	software_inference:maxquant	Homo sapiens (human)	human	The First Affiliated Hospital, School of Medicine, Zhejiang University	Ying-Jie Wang	cell culture	2021-12-10				mixed_instruments
1609	PXD039820	Translatome analyses by bio-orthogonal non-canonical amino acid labeling reveal that MR1-activated MAIT cells induce an M1 phenotype and antiviral programming in antigen-presenting monocytes_monocellular	timsTOF Pro	TRUE	DDA	0.9	experimentTypes	Homo sapiens (human)	human	Cellular Proteomics, Helmholtz Centre for Infection Research, Braunschweig, Germany	Lothar Jaensch	blood	2023-02-08				
1610	PXD055518	C-terminal amides mark proteins for degradation via SCF/FBXO31	timsTOF Pro 2	TRUE	diaPASEF	0.95	protocol_text	Homo sapiens (human)	human	Max Planck Institute of Biochemistry	Matthias Mann		2024-11-07				
1611	PXD057829	Proteomics profiling of research models for studying pancreatic ductal adenocarcinoma	timsTOF Pro	TRUE	DDA	0.6	software_inference:maxquant	Mus musculus (mouse)	mouse	General Manager of PROMEC Department of Clinical and Molecular Medicine  +4773598508 +4772573342 Laboratoriesenteret, 231.04.008, Øya, Erling Skjalgssons gate 1 Norway	Lars Hagen		2024-12-18				
1612	PXD030396	Pterosin B treatment  protect cells from glutamate-induced cytotoxicity	timsTOF Pro	TRUE	DDA	0.9	experimentTypes	Mus musculus (mouse)	mouse	Department of Chemical and Biological Engineering, The Hong Kong University of Science and Technology (HKUST)	Henry Lam		2023-03-01				
1613	PXD041391	DDA-PASEF and diaPASEF acquired HCC1806/HS578T proteomic datasets with deliberate batch effects	timsTOF Pro	TRUE	diaPASEF	0.95	protocol_text	Homo sapiens (human)	human	Lee Kong Chian School of Medicine, School of Biological Sciences, Nanyang Technological University, Singapore	Wilson Goh	cell culture	2023-11-21				
1614	PXD027359	AlphaTims: Indexing unprocessed trapped ion mobility spectrometry - time of flight data for fast and easy accession and visualization	timsTOF Pro	TRUE	diaPASEF	0.95	protocol_text	Homo sapiens (human)	human	Department of Proteomics and Signal Transduction Max Planck Institute of Biochemistry	Matthias Mann	cell culture	2021-07-30				
1615	PXD050853	Increased response to mitochondrial uncoupling for lipid oxidation and reduced lipid synthesis in AMPKα2-/- myotubes	timsTOF fleX	TRUE	DDA	0.6	software_inference:maxquant	Mus musculus (mouse)	mouse	Head of Proteomics	Tuula Nyman		2025-07-02				
1616	PXD045703	Caspase-9 is a positive regulator of osteoblastic cell migration identified by diaPASEF proteomics	timsTOF Pro	TRUE	diaPASEF	0.95	protocol_text	Mus musculus (mouse)	mouse	Masaryk University, Faculty of Science	Pavel Bouchal		2024-04-17				
1617	PXD043511	Primary and hTERT-transduced mesothelioma-associated fibroblasts but not primary or hTERT-transduced mesothelial cells stimulate growth of human mesothelioma cells_Secreted proteins	timsTOF Pro	TRUE	PASEF	0.9	protocol_text	Homo sapiens (human)	human	University of Vienna, Faculty of Chemistry, Department of Analytical Chemistry	Christopher Gerner	pleural mesothelium	2023-10-24				
1618	PXD061400	Identification of PRMT5 phosphorylation sites in Hey cells LC-MS	timsTOF Pro	TRUE	PASEF	0.9	protocol_text	Homo sapiens (human)	human	Huang Lab, State Key Laboratory of Cellular Stress Biology, Xiamen University	Tianzhi huang	cell culture	2025-03-06				
1619	PXD047285	Multiple myeloma derived extracellular vesicle uptake by monocyte cells stimulates secretion of IL-6 and MMP9 and promotes cancer cell migration and proliferation.	timsTOF Pro	TRUE	PASEF	0.9	protocol_text	Homo sapiens (human)	human	University College Dublin, School of Biomolecular and Biomedical Science, Conway Institute Belfield Dublin 4	Prof Margaret McGee	cell culture	2024-08-26				
1620	PXD045406	Proteomic analysis of SARS-CoV-2 particles unveils a key role of G3BP proteins in viral assembly	timsTOF Pro	TRUE	PASEF	0.9	protocol_text	Homo sapiens (human)	human	Institut Cochin, Inserm U 1016, CNRS UMR 8104, Université Paris Cité.	Sarah Gallois-Montbrun	cell culture	2024-01-22				
1621	PXD040784	Library for human cell lines (U2OS, 293, HCT116 and Hela)	timsTOF Pro	TRUE	PASEF	0.9	protocol_text	Homo sapiens (human)	human	Department of Immunology and Cell Biology, Sherbrooke, QC, Canada	Francois-Michel Boisvert	cell culture	2023-10-11				
1622	PXD054898	Proteomics of ADAM17 and iRhom2 KO microglia using high-performance secretome protein enrichment with click sugars	timsTOF Pro	TRUE	DIA	0.85	protocol_text	Mus musculus (mouse)	mouse	DZNE Munich, Neuroproteomics, Feodor-Lynen-Str. 17, 81377 München, Germany	Dr Stefan F. Lichtenthaler	microglial cell	2025-03-10				
1623	PXD029019	LC-MS/MS interactomics analysis of Praf2 with timsTOF Pro	timsTOF Pro	TRUE	PASEF	0.9	protocol_text	Homo sapiens (human)	human	Chiara Guerrera, IR1, HDR Head of the Proteomics Platform SFR Necker INSERM US24  Faculty of Medecine,  University of Paris 160 rue de Vaugirard 75015 Paris Tél. : 01 40 61 54 67	Chiara Guerrera	cell culture	2023-12-20				
1624	PXD027069	Chaperone-mediated autophagy maintains glioma stem cell activity controlling different proteomic and transcriptomic pathways	timsTOF Pro	TRUE	PASEF	0.9	protocol_text	Homo sapiens (human)	human	Protemics Service CIC bioGUNE Bizkaia Tech. Park Build. 800 48160 Derio (Spain)	Felix Elortza	cell culture	2023-03-11				
1625	PXD020470	A Co-culture System Reveals a Cross-talk between Alveolar Epithelium and Pulmonary Microvascular Endothelium during SARS-CoV-2 Infection	timsTOF Pro	TRUE	PASEF	0.9	protocol_text	Homo sapiens (human)	human	Dalian Institute of Chemical Physics, Chinese Academy of Sciences	Peng Wang	cell culture	2020-12-04				
1626	PXD072293	The protein interactome of the polyG inclusions	timsTOF Pro	TRUE	unknown	0.0	none	Homo sapiens (human)	human	Fudan University	Yang Wang		2026-01-20				unknown_acquisition_mode
1627	PXD036017	Mesothelioma-associated fibroblasts enhance proliferation and migration of malignant pleural mesothelioma cells via Met/PI3K and WNT signaling but do not protect against cisplatin_Cytoplasmic proteins	timsTOF Pro	TRUE	PASEF	0.9	protocol_text	Homo sapiens (human)	human	University of Vienna, Faculty of Chemistry, Department of Analytical Chemistry	Christopher Gerner	fibroblast of lung	2023-06-20				
1628	PXD061967	Mouse KPC cell secreted extracellular vesicle LC-MSMS	timsTOF	TRUE	DDA	0.6	software_inference:maxquant	Mus musculus (mouse)	mouse	Sun Yat-sen University Cancer Center (SYSUCC)	Claire Chow	epithelial cell	2025-03-26				
1629	PXD056238	Novel insights into Emx2 and Dmrta2 cooperation during cortex development and evidence for Dmrta2 function in choroid plexus	timsTOF Pro	TRUE	PASEF	0.9	protocol_text	Mus musculus (mouse)	mouse	ULB Neuroscience Institute (UNI) Université Libre de Bruxelles (ULB) B-6041 Gosselies, Belgium.	Eric J. Bellefroid		2025-06-04				
1630	PXD060152	An updated inventory of genes essential for oxidative phosphorylation identifies a mitochondrial origin in familial Ménière’s disease - Quantitative patient LCL proteomics	timsTOF Pro	TRUE	PASEF	0.9	protocol_text	Homo sapiens (human)	human	Dpt. of Immunobiology University of Lausanne (UNIL), Boveresses 155 CH-1066 Epalinges	Alexis Jourdain	blood cell	2025-07-30				
1631	PXD061924	New structural insights into the control of the retinoic acid receptors RAR/RXR by DNA, ligands and transcriptional coregulators	timsTOF Pro	FALSE	DDA	0.6	software_inference:mascot	"Homo sapiens (human); Mus musculus (mouse)"	"human; mouse"	Institute of Microbiology of the CAS	Petr Man		2025-10-03				"mixed_instruments; multi_organism"
1632	PXD057928	Proteomics profiling of research models for studying pancreatic ductal adenocarcinoma	timsTOF Pro	TRUE	DDA	0.6	software_inference:maxquant	Homo sapiens (human)	human	Daglig leder, PROMEC Institutt for klinisk og molekylær medisin  lars.hagen@ntnu.no 73598508 72573342 Laboratoriesenteret, 231.04.008, Øya, Erling Skjalgssons gate 1	Lars Hagen		2024-12-18				
1633	PXD014191	Proteome profiling of the exhaled breath condensate after long-term spaceflights	timsTOF Pro	TRUE	DDA	0.6	software_inference:maxquant	Homo sapiens (human)	human	IBP RAS	Irina Larina		2019-09-27				
1634	PXD061636	Proteomics of  a murine heart tissue sample, LC-MSMS	timsTOF fleX	TRUE	DIA	0.85	protocol_text	Mus musculus (mouse)	mouse	Proteomics Core Facility, School of Science, National and Kapodistrian University of Athens, Athens, Greece	Guillaume Médard	heart	2025-11-10				
1635	PXD045026	LC-MS/MS analysis of AAV-treated ARF6-KO vs WT and APOE-KO human induced endothelial cells (iECs) followed by label-free quantification (LFQ)	timsTOF Pro	TRUE	diaPASEF	0.95	protocol_text	Homo sapiens (human)	human	DZNE Munich, Neuroproteomics, Feodor-Lynen Str. 17, 81377 Munich, Germany	Stefan F. Lichtenthaler	endothelial cell	2024-02-15				
1636	PXD052662	Protein composition in thylakoids from AT mutants acclimated to normal and high light	timsTOF Pro	TRUE	PASEF	0.9	protocol_text	Arabidopsis thaliana (mouse-ear cress)	arabidopsis	Proteomics Core Facility and Research Group Proteomics, CEITEC-MU, Masaryk University, Brno, Czech Republic	Zbynek Zdrahal	leaf	2025-03-19				
1637	PXD061563	Employing Expression-Matched Controls Enables High Confidence Proximity-Based Interactome Classification ( Dataset 3)	timsTOF Pro 2	TRUE	DIA	0.85	protocol_text	Homo sapiens (human)	human	School of Biological Sciences, Department of Cell and Developmental Biology, University of California, San Diego, CA, USA	Eric Bennett	cell culture	2025-07-13				
1638	PXD060320	NUDT5 restrains PPAT to promote pyrimidine synthesis and effective nucleobase therapy - sgNUDT5 proteomics	timsTOF Pro	TRUE	PASEF	0.9	protocol_text	Homo sapiens (human)	human	Dpt. of Immunobiology, University of Lausanne, Chemin de Boveresses 155, 1066 Epalinges, Switzerland	Alexis Jourdain		2025-10-29				
1639	PXD058898	Characterization and validation of a novel multitarget small-molecule in glioblastoma	timsTOF Pro	TRUE	PASEF	0.9	protocol_text	Homo sapiens (human)	human	Proteomics Platform CIC bioGUNE Bizkaia Tech. Park Build. 800 48160 Derio (Spain)	Felix Elortza		2025-05-07				
1640	PXD053036	Shotgun proteomics experiments to identify covalent modification of proteins in HCT116 cells by a novel covalent ligand, CL16	timsTOF Pro	TRUE	PASEF	0.9	protocol_text	Homo sapiens (human)	human	School of Biomedical Sciences and Department of Pathology, The University of Hong Kong	Clive Yik-Sham Chung		2025-08-30				
1641	PXD049405	A semi-automated workflow for DIA-based global discovery to pathway-driven PRM analysis	timsTOF Pro	TRUE	PASEF	0.9	protocol_text	Homo sapiens (human)	human	University of South Florida, USA	Stanley M. Stevens, Ph.D.		2024-09-06				
1642	PXD049122	KANK1 inhibits the tumor suppressor Scribble by competing for NOS1AP binding	timsTOF Pro	FALSE	PASEF	0.9	protocol_text	Homo sapiens (human)	human	Department of Molecular Medicine, Max Planck Institute of Biochemistry, Martinsried, Germany	Shiny Shengzhen Guo1		2024-09-24				mixed_instruments
1643	PXD047593	Continuous evolution of compact protein degradation tags regulated by selective cereblon molecular glues	timsTOF Pro 2	TRUE	diaPASEF	0.95	protocol_text	Mus musculus (mouse)	mouse	Department of Cancer Biology, Dana-Farber Cancer Institute, Boston, MA 02215, USA., Department of Biological Chemistry and Molecular Pharmacology, Harvard Medical School, Boston, MA 02115, USA	Eric Fischer	cell culture	2024-08-09				
1644	PXD054266	Proteomic Characterisation of Heart Failure Reveals Unique Molecular Phenotype for Hypertrophic Cardiomyopathy	timsTOF Pro	TRUE	diaPASEF	0.95	protocol_text	Homo sapiens (human)	human	Queen's University Belfast	Ben Collins	heart	2024-08-08				
1645	PXD057455	Whole Brain Lable-free Aged Aggregates	timsTOF Pro	TRUE	DDA	0.9	experimentTypes	Mus musculus (mouse)	mouse	Department of Neurology and Neurological Sciences, Stanford University, Stanford, CA, USA	Tony Wyss-Coray	brain	2025-11-07				
1646	PXD042668	Protein Extraction from Ancient Teeth and Dental Calculus Compatible with Subsequent DNA Extraction	timsTOF Pro	FALSE	PASEF	0.9	protocol_text	Homo sapiens (human)	human	Proteomics Core Facility and Research Group Proteomics, CEITEC-MU, Masaryk University, Brno, Czech Republic	Zbyněk Zdráhal	tooth	2023-09-11				mixed_instruments
1647	PXD058047	Whole proteome experiment to validate treatment conditions in SJSA-1 cells	timsTOF HT	TRUE	diaPASEF	0.95	protocol_text	Homo sapiens (human)	human	Imperial College London	Anna Barnadr		2025-04-28				
1648	PXD065944	TECPR2 HSAN9 Mutation Medulla analysis Mouse	timsTOF Pro	TRUE	diaPASEF	0.95	protocol_text	Mus musculus (mouse)	mouse	DZNE Munich / TU Munich	Stefan Lichtenthaler	brain	2025-10-23				
1649	PXD059374	Microscope-Free Microdissection of Amyloid Plagues in Alzheimer’s Disease Tissue via Single Electron Transfer Photocatalysis	timsTOF Pro	TRUE	diaPASEF	0.95	protocol_text	Mus musculus (mouse)	mouse	Dalian Institute of Chemical Physics	Yu Liu	brain	2025-01-13				
1650	PXD050529	MS-based analysis of the role of protein neddylation in the context of T-cell-mediated anti-tumor immunity (2)	timsTOF Pro	TRUE	single-cell	0.9	protocol_text	Homo sapiens (human)	human	Proteomics Service CIC bioGUNE Bizkaia Tech. Park Build. 800 Derio 48160 Spain	Felix Elortza		2025-04-15				
1651	PXD055552	Chronic alcohol exposure during young adulthood attenuates microglial reactivity and downstream immune response pathways in a mouse model of tauopathy later in life	timsTOF Pro	TRUE	diaPASEF	0.95	protocol_text	Mus musculus (mouse)	mouse	University of South Florida	Stanley Stanley	brain	2025-03-31				
1652	PXD045816	GLP-1 directed NMDA receptor antagonism for obesity treatment	timsTOF Pro	TRUE	diaPASEF	0.95	protocol_text	Mus musculus (mouse)	mouse	Novo Nordisk Foundation Center for Basic Metabolic Research	Atul Deshmukh	brain	2024-04-26				
1653	PXD039810	Translatome analyses by bio-orthogonal non-canonical amino acid labeling reveal that MR1-activated MAIT cells induce an M1 phenotype and antiviral programming in antigen-presenting monocytes_bicellular 3	timsTOF Pro	TRUE	DDA	0.9	experimentTypes	Homo sapiens (human)	human	Cellular Proteomics, Helmholtz Centre for Infection Research, Braunschweig, Germany	Lothar Jaensch	blood	2023-02-08				
1654	PXD060375	RNF10 and RIOK3 Facilitate 40S Ribosomal Subunit Degradation upon 60S Biogenesis Disruption or Amino Acid Starvation [Fig. 4A, 4C, S4A]	timsTOF Pro 2	TRUE	diaPASEF	0.95	protocol_text	Homo sapiens (human)	human	UCSD	Eric Bennett	cell culture	2025-02-07				
1655	PXD058818	Temporal dynamics of the interstitial fluid proteome in human skeletal muscle following exhaustive exercise	timsTOF Pro 2	FALSE	diaPASEF	0.95	protocol_text	"Homo sapiens (human); Mus musculus (mouse)"	"human; mouse"	Novo Nordisk Foundation Center for Basic Metabolic Research, University of Copenhagen	Atul S Deshmukh	cell culture	2025-01-16				"mixed_instruments; multi_organism"
1656	PXD055826	Neuronal aging leads to disrupted RNA metabolism	timsTOF Pro 2	TRUE	diaPASEF	0.95	protocol_text	Homo sapiens (human)	human	Department of Cell & Developmental Biology, University of California, San Diego, CA 92093, USA.	Eric J. Bennett	cell culture	2025-02-19				
1657	PXD054105	Robust proteome profiling of cysteine-reactive fragments using label-free chemoproteomics - HEK293T - Global expression proteomics	timsTOF Pro 2	TRUE	diaPASEF	0.95	protocol_text	Homo sapiens (human)	human	Crick-GSK LinkLabs, UK	Jacob Bush	cell culture	2024-11-18				
1658	PXD061360	Identification of Determinants for Variability in Mitochondrial Biochemical Complex Activities	timsTOF fleX	TRUE	DDA	0.6	software_inference:maxquant	Homo sapiens (human)	human	Head of Proteomics	Tuula Nyman		2025-03-06				
1659	PXD056645	NSD2 promotes HCC metastasis through methylating PKM2 and activating SF3B1-dependent alternative splicing	timsTOF Pro 2	TRUE	PASEF	0.9	protocol_text	Homo sapiens (human)	human	The Key Laboratory of Molecular Biology of Infectious Diseases designated by the Chinese Ministry of Education, Chongqing Medical University, Chongqing, China.	dapeng zhang	cell culture	2025-09-30				
1660	PXD042114	Unravelling the function of GEXP15, a regulator of Protein Phosphatase type 1, in Plasmodium falciparum	timsTOF Pro	TRUE	PASEF	0.9	protocol_text	"Mus musculus (mouse); Plasmodium falciparum (isolate 3d7)"	"mouse; plasmodium_falciparum_(isolate"	Proteomics platform Necker, Université Paris Cité - Structure Fédérative de Recherche Necker, INSERM US24/CNRSUAR3633, Paris 75015, France.	Ida Chiara Guerrera	cell culture	2023-10-24				multi_organism
1661	PXD059756	Selectivity for TP53 signalling drives the mode of action of a highly potent N,O,O-tridentate naphthoquinone-based organoruthenium anticancer drug candidate – in vitro	timsTOF Pro	TRUE	PASEF	0.9	protocol_text	Homo sapiens (human)	human	University of Vienna, Faculty of Chemistry, Department of Analytical Chemistry	Christopher Gerner	colonic cancer cell line	2025-08-24				
1662	PXD052167	Proteomic and phosphoproteomic study in the retina, choroid, and sclera of guinea pigs with form-deprivation myopia	timsTOF Pro	TRUE	DDA	0.6	software_inference:maxquant	Mus musculus (mouse)	mouse	Affiliated Eye Hospital of Shandong University of Traditional Chinese Medicine	Hongsheng Bi	retina	2025-11-17				
1663	PXD061564	Employing Expression-Matched Controls Enables High Confidence Proximity-Based Interactome Classification (Dataset 5)	timsTOF Pro 2	TRUE	DIA	0.85	protocol_text	Homo sapiens (human)	human	School of Biological Sciences, Department of Cell and Developmental Biology, University of California, San Diego, CA, USA	Eric Bennett	cell culture	2025-07-13				
1664	PXD038018	Deciphering intercellular signaling complexes by interaction-guided chemical proteomics	timsTOF Pro	FALSE	DDA	0.6	software_inference:maxquant	"Homo sapiens (human); Mus musculus (mouse)"	"human; mouse"	Southern University of Science and Technology	Ruijun Tian	cell culture	2023-07-08				"mixed_instruments; multi_organism"
1665	PXD027466	Inward outward signaling in ovarian cancer: morpho-proteomics/phosphoproteomics profiling upon hypoxia and shear stress characterizes the adaptive potential of OVCAR-3 and SKOV-3 cells	timsTOF Pro	FALSE	DDA	0.6	software_inference:maxquant	Homo sapiens (human)	human	University of Vienna, Department of Analytical Chemistry, Joint Metabolome Facility	Christopher Gerner	cell culture	2022-01-13				mixed_instruments
1666	PXD041785	Plasma Instead of Serum Avoids Critical Confounding of Clinical Metabolomics Studies by Platelets – secretome of platelets	timsTOF Pro	TRUE	PASEF	0.9	protocol_text	Homo sapiens (human)	human	University of Vienna, Faculty of Chemistry, Department of Analytical Chemistry	Christopher Gerner	platelet	2024-03-25				
1667	PXD061932	CSF proteomics of aducanumab treated APP-SAA triple knock-in mice	timsTOF Pro	TRUE	diaPASEF	0.95	protocol_text	Mus musculus (mouse)	mouse	DZNE Munich, Neuroproteomics, Feodor-Lynen-Str. 17, 81377 München, Germany	Dr Stefan	cerebrospinal fluid	2025-08-25				
1668	PXD059967	Electric pulse stimulation in human muscle cells	timsTOF Pro	TRUE	PASEF	0.9	protocol_text	Homo sapiens (human)	human	Proteomics Core Facility and Research Group Proteomics, CEITEC-MU, Masaryk University, Brno, Czech Republic	Zbynek Zdrahal	muscle	2026-01-12				
1669	PXD064557	Proximity labeling of NF1 using APEX	timsTOF Pro	TRUE	diaPASEF	0.95	protocol_text	Homo sapiens (human)	human	UCSF	Harish Vasudevan	cell culture	2025-06-17				
1670	PXD057334	V. natriegens proteome under nutrient limitation 	timsTOF Pro	TRUE	PASEF	0.9	protocol_text	Escherichia coli o11	ecoli	School of Life Sciences, Central China Normal University, Wuhan, Hubei province, China	Xiongfeng Dai	cell culture	2025-04-30				
1671	PXD057261	Brain Region Camk2a Neuronal Protein Analaysis	timsTOF Pro	TRUE	DDA	0.9	experimentTypes	Mus musculus (mouse)	mouse	Department of Neurology and Neurological Sciences, Stanford University, Stanford, CA, USA	Tony Wyss-Coray	brain	2025-11-07				
1672	PXD055840	The use of three-dimensional primary human myospheres to explore skeletal muscle effects of in vivo krill oil supplementation	timsTOF fleX	TRUE	DDA	0.6	software_inference:maxquant	Homo sapiens (human)	human	Head of Proteomics	Tuula Nyman		2025-08-04				
1673	PXD034640	A gas phase fractionaction scheme integrating ion mobility for rapid diaPASEF library generation	timsTOF	TRUE	diaPASEF	0.95	protocol_text	Homo sapiens (human)	human	Queen's University Belfast	Ben C Collins	cell culture	2022-08-12				
1674	PXD061401	Identification of METTL3 arginine methylation sites in CDDP-resistant Hey cells LC-MS	timsTOF Pro	TRUE	PASEF	0.9	protocol_text	Homo sapiens (human)	human	Huang Lab, State Key Laboratory of Cellular Stress Biology, Xiamen University	Tianzhi huang	cell culture	2025-03-06				
1675	PXD046912	Proteomics analysis of non-small cell lung cancer cell lines lacking ATGL (ATGL-KO) or MGL (MGL-KO) or expressing both (Control, NTC)	timsTOF Pro	TRUE	PASEF	0.9	protocol_text	Homo sapiens (human)	human	Faculty of Technical Chemistry, Institute of Chemical Technologies and Analytics, Technische Universität Wien, Getreidemarkt 9/164, 1060 Vienna, Austria	Ruth Birner-Gruenberger	cell culture	2023-11-27				
1676	PXD014777	MaxQuant software for ion mobility enhanced shotgun proteomics	timsTOF Pro	TRUE	PASEF	0.9	protocol_text	"Homo sapiens (human); Saccharomyces cerevisiae (baker's yeast); Escherichia coli"	"human; yeast; ecoli"	Max Planck Institute of Biochemistry	Juergen Cox	cell culture	2020-04-23				multi_organism
1677	PXD058054	Whole proteome time course experiment in MCF-7 cells	timsTOF HT	TRUE	diaPASEF	0.95	protocol_text	Homo sapiens (human)	human	Imperial College London	Anna Barnard		2025-04-28				
1678	PXD057303	 E. coli proteome under nutrient limitation	timsTOF Pro	TRUE	PASEF	0.9	protocol_text	Escherichia coli	ecoli	School of Life Sciences, Central China Normal University, Wuhan, Hubei province, China	Xiongfeng Dai	cell culture	2025-04-30				
1679	PXD044033	Proteomics of  tumor associated microglia, tumor tissue from SB28 glioblastoma mice, and control microglia	timsTOF Pro	TRUE	diaPASEF	0.95	protocol_text	Mus musculus (mouse)	mouse	DZNE Munich, Neuroproteomics, Feodor-Lynen Str. 17, 81377 Munich, Germany	Stefan F. Lichtenthaler	microglial cell	2023-10-30				
1680	PXD060301	RNF10 and RIOK3 Facilitate 40S Ribosomal Subunit Degradation upon 60S Biogenesis Disruption or Amino Acid Starvation [Fig. 7D, S7G]	timsTOF Pro 2	TRUE	diaPASEF	0.95	protocol_text	Homo sapiens (human)	human	UCSD	Eric Bennett	cell culture	2025-02-07				
1681	PXD057393	An engineered Cereblon optimized for high throughput screening and molecular glue discovery	timsTOF Pro 2	FALSE	diaPASEF	0.95	protocol_text	Homo sapiens (human)	human	Department of Cancer Biology, Dana-Farber Cancer Institute, Boston, MA 02215, USA., Department of Biological Chemistry and Molecular Pharmacology, Harvard Medical School, Boston, MA 02115, USA	Eric Fischer	cell culture	2024-12-06				mixed_instruments
1682	PXD057318	Proteomics analysis of small extracellular vesicles derived from human retinal Müller glial cells  under mannitol control and high glucose in vitro	timsTOF Pro 2	TRUE	diaPASEF	0.95	protocol_text	Homo sapiens (human)	human	University of Missouri	Huang, Hu	cell culture	2025-09-11				
1683	PXD030746	Data in support of Gold micro-particles for knee osteoarthritisGold micro-particles for knee osteoarthritis	timsTOF Pro	TRUE	diaPASEF	0.95	protocol_text	Homo sapiens (human)	human	Aalborg University	Allan Stensballe		2022-12-03				
1684	PXD035977	Proteomic profiling of subsets of human primary NK cell-derived extracellular vesicles by LC-MS/MS	timsTOF fleX	TRUE	DDA	0.6	software_inference:maxquant	Homo sapiens (human)	human	Head of Proteomics	Tuula Nyman		2022-09-09				
1685	PXD055309	Bacillus subtilis wild type and codY-null strain	timsTOF Pro	TRUE	PASEF	0.9	protocol_text	Escherichia coli	ecoli	School of Life Sciences, Central China Normal University, Wuhan, Hubei province, China	Xiongfeng Dai	cell culture	2025-11-10				
1686	PXD060638	Proteomic characterization of the Alzheimer’s disease risk factor BIN1 interactome	timsTOF Pro	TRUE	diaPASEF	0.95	protocol_text	Mus musculus (mouse)	mouse	University of South Florida	Dr. Stanley Stevens, Jr.	cell culture	2025-08-22				
1687	PXD063722	Structural mechanisms of allosteric regulation in the human cis-prenyltransferase complex	timsTOF Pro	TRUE	PASEF	0.9	protocol_text	Homo sapiens (human)	human	Institute of Microbiology - BioCeV, Academy of Sciences of the Czech Republic	Petr Man		2025-10-20				
1688	PXD058290	TRAJECTORY ANALYSIS OF HEPATIC STELLATE CELL DIFFERENTIATION REVEALS METABOLIC REGULATION OF CELL COMMITMENT AND FIBROSIS	timsTOF Pro	TRUE	PASEF	0.9	protocol_text	Homo sapiens (human)	human	Proteomics Platform CIC bioGUNE Bizkaia Tech. Park Build. 800 48160 Derio (Spain)	Felix Elortza		2025-05-07				
1689	PXD021621	Hydroxyl radical footprinting analysis of a human haptoglobin-hemoglobin complex	timsTOF Pro	TRUE	PASEF	0.9	protocol_text	Homo sapiens (human)	human	Institute of Microbiology of the CAS	Petr Novak		2021-12-30				
1690	PXD044971	Selective Arylation of Selenocysteine of Thioredoxin Reductase 1 by an Organogold Compound: Expanding the Tool-Box of Metal-Templated Reactions in Cancer Cells – pull-down	timsTOF Pro	TRUE	PASEF	0.9	protocol_text	Homo sapiens (human)	human	University of Vienna, Faculty of Chemistry, Department of Analytical Chemistry	Christopher Gerner	colonic cancer cell line	2025-04-22				
1691	PXD038665	Beneficial effect of ACI-24 vaccination on microglial phenotypes in an amyloidosis mouse model	timsTOF Pro	TRUE	diaPASEF	0.95	protocol_text	Mus musculus (mouse)	mouse	DZNE Munich, Neuroproteomics, Feodor-Lynen Str. 17, 81377 Munich, Germany	Stefan F. Lichtenthaler	microglial cell	2023-01-09				
1692	PXD030814	PIP2 promotes MLKL-derived pathogenic process through enhancing its channel activity	timsTOF Pro	TRUE	PASEF	0.9	protocol_text	Mus musculus (mouse)	mouse	Fudan University	Jingbo Qie	cell culture	2022-11-05				
1693	PXD033508	SENP2 is an important regulator of energy metabolism in adipocytes and knockdown increases markers of browning	timsTOF fleX	TRUE	DDA	0.6	software_inference:maxquant	Homo sapiens (human)	human	Head of Proteomics	Tuula Nyman		2023-02-10				
1694	PXD058053	Whole proteome time course experiment in SJSA-1 cells	timsTOF HT	TRUE	diaPASEF	0.95	protocol_text	Homo sapiens (human)	human	Imperial College London	Anna Barnard		2025-04-28				
1695	PXD067383	The C-terminal SUMOylation of αKNL2 facilitates its centromeric localization and interaction with CENH3	timsTOF Pro 2	TRUE	PASEF	0.9	protocol_text	Arabidopsis thaliana (mouse-ear cress)	arabidopsis	Proteomics Core Facility and Research Group Proteomics, CEITEC-MU, Masaryk University, Brno, Czech Republic	Zbynek Zdrahal		2025-11-19				
1696	PXD051348	Multi-scale photocatalytic proximity labeling reveals cell surface neighbors on and between cells	timsTOF Pro 2	TRUE	PASEF	0.9	protocol_text	"Homo sapiens (human); Acyrthosiphon pisum (pea aphid)"	"human; acyrthosiphon_pisum_(pea_aphid"	UCSF	James A. Wells		2025-02-17				multi_organism
1697	PXD060308	RNF10 and RIOK3 Facilitate 40S Ribosomal Subunit Degradation upon 60S Biogenesis Disruption or Amino Acid Starvation [Fig. 7F, S7E-F, S7H-I]	timsTOF Pro 2	TRUE	diaPASEF	0.95	protocol_text	Homo sapiens (human)	human	UCSD	Eric Bennett	cell culture	2025-02-07				
1698	PXD056913	Expanding the zinc-finger proteins accessible to drug-induced degradation by CRBN.	timsTOF Pro 2	TRUE	diaPASEF	0.95	protocol_text	Homo sapiens (human)	human	Department of Cancer Biology, Dana-Farber Cancer Institute, Boston, MA 02215, USA., Department of Biological Chemistry and Molecular Pharmacology, Harvard Medical School, Boston, MA 02115, USA	Eric Fischer	cell culture	2025-08-08				
1699	PXD042592	The CRL3gigaxonin ubiquitin ligase-USP15 pathway governs the destruction of neurofilament proteins	timsTOF Pro 2	TRUE	diaPASEF	0.95	protocol_text	Homo sapiens (human)	human	University of Missouri	Thang Van Nguyen	cell culture	2025-11-06				
1700	PXD056679	NSD2 promotes HCC metastasis through methylating PKM2 and activating SF3B1-dependent alternative splicing	timsTOF Pro	TRUE	PASEF	0.9	protocol_text	Homo sapiens (human)	human	The Key Laboratory of Molecular Biology of Infectious Diseases designated by the Chinese Ministry of Education, Chongqing Medical University, Chongqing, China.	dapeng zhang	cell culture	2025-09-30				
1701	PXD029393	Chaperone-mediated autophagy maintains glioma stem cell activity controlling different proteomic and transcriptomic pathways (U251)	timsTOF Pro	TRUE	PASEF	0.9	protocol_text	Homo sapiens (human)	human	Proteomics Service CIC bioGUNE Bizkaia Tech. Park Build. 800 Derio 48160 Spain	Félix Elortza	cell culture	2022-08-02				
1702	PXD025076	Global Phosphoproteomics Reveals Molecular Networks in Systemic Lupus Erythematosus	timsTOF Pro	TRUE	PASEF	0.9	protocol_text	Homo sapiens (human)	human	Shenzhen People’s Hospital	Shuhui Meng	cell culture	2023-03-11				
1703	PXD044966	Selective Arylation of Selenocysteine of Thioredoxin Reductase 1 by an Organogold Compound: Expanding the Tool-Box of Metal-Templated Reactions in Cancer Cells - profiling	timsTOF Pro	TRUE	PASEF	0.9	protocol_text	Homo sapiens (human)	human	University of Vienna, Faculty of Chemistry, Department of Analytical Chemistry	Christopher Gerner	colonic cancer cell line	2025-04-22				
1704	PXD045004	LC-MS/MS analysis of isolated murine brain endothelial cells (BECs) from ARF6-KO and WT mice followed by label-free quantification (LFQ)	timsTOF Pro	TRUE	single-cell	0.9	protocol_text	Mus musculus (mouse)	mouse	DZNE Munich, Neuroproteomics, Feodor-Lynen Str. 17, 81377 Munich, Germany	Stefan F. Lichtenthaler	brain	2024-02-15				
1705	PXD059968	Leishmania regulates host YY1: comparative proteomic analysis identifies  infection modulated YY1 dependent proteinsLeishmania regulates host YY1: comparative proteomic analysis identifies  infection modulated YY1 dependent proteins	timsTOF	TRUE	diaPASEF	0.95	protocol_text	Homo sapiens (human)	human	Biochemistry and Molecular Biology, Michael Smith Laboratories, University of British Columbia, Canada	Leonard J. Foster		2025-03-14				
1706	PXD052459	Bacillus subtilis wild type and codY-null strain 	timsTOF Pro	TRUE	PASEF	0.9	protocol_text	Escherichia coli	ecoli	School of Life Sciences, Central China Normal University, Wuhan, Hubei province, China	Xiongfeng Dai		2025-11-10				
1707	PXD060460	Newly-Diagnosed Rheumatoid Arthritis Patients have Elevated Levels of Plasma Extracellular Vesicles with Protein Cargo Altered Towards Inflammatory Processes	timsTOF fleX	TRUE	PASEF	0.9	protocol_text	Homo sapiens (human)	human	Head of Proteomics	Tuula Nyman		2025-05-07				
1708	PXD045006	LC-MS/MS analysis of isolated murine brain endothelial cells (BECs) from Arf6-GFP-AAV vs GFP-AAV treated WT mice followed by label-free quantification (LFQ)	timsTOF Pro	TRUE	single-cell	0.9	protocol_text	Mus musculus (mouse)	mouse	DZNE Munich, Neuroproteomics, Feodor-Lynen Str. 17, 81377 Munich, Germany	Stefan F. Lichtenthaler	brain	2024-02-15				
1709	PXD058033	AfBPP of Navtemadlin probes in SJSA-1 cells	timsTOF HT	TRUE	PASEF	0.9	protocol_text	Homo sapiens (human)	human	Imperial College London	Anna Barnard		2025-04-28				
1710	PXD045784	E. coli proteome under nutrient limitation	timsTOF Pro	TRUE	PASEF	0.9	protocol_text	Escherichia coli o157	ecoli	School of Life Sciences, Central China Normal University, Wuhan, Hubei province, China	Xiongfeng Dai		2025-04-30				
1711	PXD060309	RNF10 and RIOK3 Facilitate 40S Ribosomal Subunit Degradation upon 60S Biogenesis Disruption or Amino Acid Starvation [Fig. 3C, 5A, S3F-G, S6A]	timsTOF Pro 2	TRUE	diaPASEF	0.95	protocol_text	Homo sapiens (human)	human	UCSD	Eric Bennett	cell culture	2025-02-07				
1712	PXD056867	Expanding the set of zinc finger proteins accessible to drug-induced protein degradation by CRBN	timsTOF Pro 2	TRUE	diaPASEF	0.95	protocol_text	Homo sapiens (human)	human	Department of Cancer Biology, Dana-Farber Cancer Institute, Boston, MA 02215, USA., Department of Biological Chemistry and Molecular Pharmacology, Harvard Medical School, Boston, MA 02115, USA	Eric Fischer	cell culture	2025-08-08				
1713	PXD058943	A multiple myeloma-associated mutation unravels a mechanism of oligomerization-mediated product inhibition in GGPPS	timsTOF Pro	FALSE	PASEF	0.9	protocol_text	Homo sapiens (human)	human	Institute of Microbiology - BioCeV, Academy of Sciences of the Czech Republic	Petr Man		2025-07-08				mixed_instruments
1714	PXD029015	Human serum extracellular vesicle proteomic profile depends on the enrichment method employed	timsTOF Pro	TRUE	PASEF	0.9	protocol_text	Homo sapiens (human)	human	Proteomics Platform CIC bioGUNE Bizkaia Tech. Park Build. 800 48160 Derio (Spain)	Felix Elortza		2022-02-17				
1715	PXD052661	Krill oil supplementation in vivo promotes increased fuel metabolism and protein synthesis in cultured human skeletal muscle cells	timsTOF fleX	TRUE	PASEF	0.9	protocol_text	Homo sapiens (human)	human	Head of Proteomics	Tuula Nyman		2024-10-14				
1716	PXD044993	LC-MS/MS analysis of isolated murine brain endothelial cells (EC) and full brain tissue (FT) preparations from 3-months-old mice followed by label-free quantification (LFQ)	timsTOF Pro	TRUE	single-cell	0.9	protocol_text	Mus musculus (mouse)	mouse	DZNE Munich, Neuroproteomics, Feodor-Lynen Str. 17, 81377 Munich, Germany	Stefan F. Lichtenthaler	brain	2024-02-15				
1717	PXD065438	CSF and brain proteomics of Trem2-mKate2 KI/wt.APPSAA/SAA.hTfR KI/KI mice	timsTOF Pro	FALSE	diaPASEF	0.95	protocol_text	Mus musculus (mouse)	mouse	DZNE Munich, Neuroproteomics, Feodor-Lynen-Str. 17, 81377 München, Germany	Dr. Stefan F. Lichtenthaler	brain	2025-12-08				mixed_instruments
1718	PXD052362	Multimodal cell maps as a foundation for structural and functional genomics	timsTOF	TRUE	diaPASEF	0.95	protocol_text	Homo sapiens (human)	human	Biochemistry and Molecular Biology, Michael Smith Laboratories, University of British Columbia, Canada	Leonard J. Foster		2025-01-08				
1719	PXD038916	Spry1 as a potential new hypoxia modulator in cutaneous melanoma	timsTOF fleX	TRUE	PASEF	0.9	protocol_text	Homo sapiens (human)	human	Head of Proteomics	Tuula Nyman		2025-05-06				
1720	PXD058036	AfBPP of Navtemadlin probes in MCF-7 cells	timsTOF HT	TRUE	PASEF	0.9	protocol_text	Homo sapiens (human)	human	Imperial College London	Anna Barnard		2025-04-28				
1721	PXD060299	RNF10 and RIOK3 Facilitate 40S Ribosomal Subunit Degradation upon 60S Biogenesis Disruption or Amino Acid Starvation [Fig. S6B]	timsTOF Pro 2	TRUE	diaPASEF	0.95	protocol_text	Homo sapiens (human)	human	UCSD	Eric Bennett	cell culture	2025-02-07				
1722	PXD055400	A Kinetic Scout Approach Accelerates  Targeted Protein Degrader Discovery	timsTOF Pro 2	TRUE	diaPASEF	0.95	protocol_text	Homo sapiens (human)	human	Department of Cancer Biology, Dana-Farber Cancer Institute, Boston, MA 02215, USA., Department of Biological Chemistry and Molecular Pharmacology, Harvard Medical School, Boston, MA 02115, USA	Eric Fischer	cell culture	2025-08-08				
1723	PXD041750	The Hidden Culprit of Visceral Fat: Dysfunctional Subcutaneous Adipose Tissue – Serum proteomics	timsTOF Pro	TRUE	diaPASEF	0.95	protocol_text	Homo sapiens (human)	human	Proteomics Core Facility and Research Group Proteomics, CEITEC-MU, Masaryk University, Brno, Czech Republic	Zbynek Zdrahal	blood serum	2024-05-24				
1724	PXD063444	Proteomics reveals differential diagnosis biomarkers between sepsis and hemophagocytic syndrome	timsTOF Pro	TRUE	PASEF	0.9	protocol_text	Homo sapiens (human)	human	Proteomics Platform CIC bioGUNE Bizkaia Tech. Park Build. 800 Derio 48160 Spain	Felix Elortza		2026-01-05				
1725	PXD056253	RNA interactome capture identifies key proteins for herpesviral gene expression	timsTOF Pro	FALSE	PASEF	0.9	protocol_text	"Homo sapiens (human); Human gammaherpesvirus 8"	"human; human_gammaherpesvirus_8"	Cellular Proteomics, Helmholtz Centre for Infection Research, Braunschweig, Germany	Lothar Jaensch		2026-01-23				"mixed_instruments; multi_organism"
1726	PXD049012	Phosphorylation of cytosolic hPGK1 affects protein stability and ligand binding: implications for its subcellular targeting in cancer	timsTOF Pro	TRUE	PASEF	0.9	protocol_text	Homo sapiens (human)	human	Institute of Microbiology - BioCeV, Academy of Sciences of the Czech Republic	Petr Man		2024-09-07				
1727	PXD022372	A ciliopathy complex restrains centriolar length and builds distal appendages to initiate ciliogenesis.	timsTOF Pro	TRUE	PASEF	0.9	protocol_text	Homo sapiens (human)	human	UCSF	Nevan Krogan		2021-06-15				
1728	PXD021770	Identification of proximal SUMO-dependent interactors using SUMO-ID	timsTOF Pro	TRUE	PASEF	0.9	protocol_text	Homo sapiens (human)	human	Proteomics Service CIC bioGUNE Bizkaia Tech. Park Build. 800 Derio 48160 Spain	Felix Elortza		2021-09-20				
1729	PXD060334	RNF10 and RIOK3 Facilitate 40S Ribosomal Subunit Degradation upon 60S Biogenesis Disruption or Amino Acid Starvation [Fig. 4D, S4D]	timsTOF Pro 2	TRUE	diaPASEF	0.95	protocol_text	Homo sapiens (human)	human	UCSD	Eric Bennett	cell culture	2025-02-07				
1730	PXD055399	A Kinetic Scout Approach Accelerates  Targeted Protein Degrader Discovery	timsTOF Pro 2	TRUE	diaPASEF	0.95	protocol_text	Homo sapiens (human)	human	Department of Cancer Biology, Dana-Farber Cancer Institute, Boston, MA 02215, USA., Department of Biological Chemistry and Molecular Pharmacology, Harvard Medical School, Boston, MA 02115, USA	Eric Fischer	cell culture	2025-05-06				
1731	PXD044267	Trypanosoma cruzi, oral infection, cruzipain, gp85/Trans- sialidase family	timsTOF Pro 2	FALSE	diaPASEF	0.95	protocol_text	"Homo sapiens (human); Anisakis simplex; Trypanosoma cruzi"	"human; anisakis_simplex; trypanosoma_cruzi"	Biochemistry and Molecular Biology, Michael Smith Laboratories, University of British Columbia, Canada	Leonard J. Foster		2024-05-21				"mixed_instruments; multi_organism"
1732	PXD056249	Proteomic analysis of bone-marrow derived macrophages from NPC1 KO mice	timsTOF Pro	TRUE	diaPASEF	0.95	protocol_text	Mus musculus (mouse)	mouse	DZNE Munich, Neuroproteomics, Feodor-Lynen-Str. 17, 81377 München, Germany	Stefan F. Lichtenthaler	cell culture	2024-12-05				
1733	PXD060331	RNF10 and RIOK3 Facilitate 40S Ribosomal Subunit Degradation upon 60S Biogenesis Disruption or Amino Acid Starvation [Fig. 5A, S5A-B]	timsTOF Pro 2	TRUE	diaPASEF	0.95	protocol_text	Homo sapiens (human)	human	UCSD	Eric Bennett	cell culture	2025-02-07				
1734	PXD054761	Comprehensive profiling of degrader-protein interactions	timsTOF Pro 2	TRUE	diaPASEF	0.95	protocol_text	Homo sapiens (human)	human	Department of Cancer Biology, Dana-Farber Cancer Institute, Boston, MA 02215, USA., Department of Biological Chemistry and Molecular Pharmacology, Harvard Medical School, Boston, MA 02115, USA	Eric Fischer	cell culture	2025-07-21				
1735	PXD060296	RNF10 and RIOK3 Facilitate 40S Ribosomal Subunit Degradation upon 60S Biogenesis Disruption or Amino Acid Starvation [Fig. 5E-F, S5G-H]	timsTOF Pro 2	TRUE	diaPASEF	0.95	protocol_text	Homo sapiens (human)	human	UCSD	Eric Bennett	cell culture	2025-02-07				
1736	PXD053404	Analysis of changes in liver protein expression and quantification regarding to sex, treatment and genotype in C57BL/6J Wild-type and KO AhR mice: Unraveling the influence of AhR and Indoxyl sulfate in coagulation and liver metabolism	timsTOF Pro	TRUE	PASEF	0.9	protocol_text	Mus musculus (mouse)	mouse	Proteomics Core Facility and Research Group Proteomics, CEITEC-MU, Masaryk University, Brno, Czech Republic	Zbynek Zdrahal	liver	2025-05-07				
1737	PXD047665	Continuous evolution of compact protein degradation tags regulated by selective cereblon molecular glues	timsTOF Pro 2	TRUE	diaPASEF	0.95	protocol_text	Homo sapiens (human)	human	Department of Cancer Biology, Dana-Farber Cancer Institute, Boston, MA 02215, USA., Department of Biological Chemistry and Molecular Pharmacology, Harvard Medical School, Boston, MA 02115, USA	Eric Fischer	cell culture	2024-08-09				
1738	PXD041781	Plasma Instead of Serum Avoids Critical Confounding of Clinical Metabolomics Studies by Platelets – serum and plasma	timsTOF Pro	TRUE	PASEF	0.9	protocol_text	Homo sapiens (human)	human	University of Vienna, Faculty of Chemistry, Department of Analytical Chemistry	Christopher Gerner	blood serum	2024-03-25				
1739	PXD060294	RNF10 and RIOK3 Facilitate 40S Ribosomal Subunit Degradation upon 60S Biogenesis Disruption or Amino Acid Starvation [Fig. S6C-D]	timsTOF Pro 2	TRUE	diaPASEF	0.95	protocol_text	Homo sapiens (human)	human	UCSD	Eric Bennett	cell culture	2025-02-07				
1740	PXD047455	Ubiquitin-specific proximity labeling for the identification of E3 ubiquitin ligase substrates	timsTOF Pro 2	TRUE	diaPASEF	0.95	protocol_text	Homo sapiens (human)	human	Department of Cancer Biology, Dana-Farber Cancer Institute, Boston, MA 02215, USA., Department of Biological Chemistry and Molecular Pharmacology, Harvard Medical School, Boston, MA 02115, USA	Eric Fischer	cell culture	2024-03-20				
1741	PXD039469	Proteomic profiling of advanced melanoma to predict therapeutic response to anti-PD-1 therapy	timsTOF Pro	TRUE	PASEF	0.9	protocol_text	Homo sapiens (human)	human	University of Vienna, Faculty of Chemistry, Department of Analytical Chemistry	Christopher Gerner	blood serum	2023-08-18				
1742	PXD060208	RNF10 and RIOK3 Facilitate 40S Ribosomal Subunit Degradation upon 60S Biogenesis Disruption or Amino Acid Starvation [Fig. 6B-D]	timsTOF Pro 2	TRUE	diaPASEF	0.95	protocol_text	Homo sapiens (human)	human	UCSD	Eric Bennett	cell culture	2025-02-07				
1743	PXD047138	Template-assisted covalent modification of DCAF16 underlies activity of BRD4 molecular glue degraders	timsTOF Pro 2	TRUE	diaPASEF	0.95	protocol_text	Homo sapiens (human)	human	Department of Cancer Biology, Dana-Farber Cancer Institute, Boston, MA 02215, USA., Department of Biological Chemistry and Molecular Pharmacology, Harvard Medical School, Boston, MA 02115, USA	Eric Fischer	cell culture	2024-08-09				
1744	PXD041751	Mass spectrometry analysis of extracellular vesicles from malignant ascites in ovarian cancer patients	timsTOF Pro	TRUE	single-cell	0.9	protocol_text	Homo sapiens (human)	human	Proteomics Core Facility and Research Group Proteomics, CEITEC-MU, Masaryk University, Brno, Czech Republic	Zbynek Zdrahal		2024-05-24				
1745	PXD060207	RNF10 and RIOK3 Facilitate 40S Ribosomal Subunit Degradation upon 60S Biogenesis Disruption or Amino Acid Starvation [Fig. 5C, S5F]	timsTOF Pro 2	TRUE	diaPASEF	0.95	protocol_text	Homo sapiens (human)	human	UCSD	Eric Bennett	cell culture	2025-02-07				
1746	PXD046264	Proteolysis Targeting Chimeras With Reduced Off-targets	timsTOF Pro 2	TRUE	diaPASEF	0.95	protocol_text	Homo sapiens (human)	human	Department of Cancer Biology, Dana-Farber Cancer Institute, Boston, MA 02215, USA., Department of Biological Chemistry and Molecular Pharmacology, Harvard Medical School, Boston, MA 02115, USA	Eric Fischer	cell culture	2023-12-20				
1747	PXD060054	Plectin-mediated cytoskeletal crosstalk as a target for inhibition of hepatocellular carcinoma growth and metastasis – in vivo profiling	timsTOF Pro	TRUE	PASEF	0.9	protocol_text	Mus musculus (mouse)	mouse	University of Vienna, Faculty of Chemistry, Department of Analytical Chemistry	Christopher Gerner	liver	2025-04-22				
1748	PXD060206	RNF10 and RIOK3 Facilitate 40S Ribosomal Subunit Degradation upon 60S Biogenesis Disruption or Amino Acid Starvation [Fig. 5B, S5C-E]	timsTOF Pro 2	TRUE	diaPASEF	0.95	protocol_text	Homo sapiens (human)	human	UCSD	Eric Bennett	cell culture	2025-02-07				
1749	PXD044940	Continuous evolution of compact protein degradation tags regulated by selective cereblon molecular glues	timsTOF Pro 2	TRUE	diaPASEF	0.95	protocol_text	Homo sapiens (human)	human	Department of Cancer Biology, Dana-Farber Cancer Institute, Boston, MA 02215, USA., Department of Biological Chemistry and Molecular Pharmacology, Harvard Medical School, Boston, MA 02115, USA	Eric Fischer	cell culture	2024-08-09				
1750	PXD059773	Selectivity for TP53 signalling drives the mode of action of a highly potent N,O,O-tridentate naphthoquinone-based organoruthenium anticancer drug candidate - in vivo tissue	timsTOF Pro	TRUE	PASEF	0.9	protocol_text	Mus musculus (mouse)	mouse	University of Vienna, Faculty of Chemistry, Department of Analytical Chemistry	Christopher Gerner	liver	2025-08-24				
1751	PXD060177	RNF10 and RIOK3 Facilitate 40S Ribosomal Subunit Degradation upon 60S Biogenesis Disruption or Amino Acid Starvation [Fig. 5E-F, S5G-H, siRPS26]	timsTOF Pro 2	TRUE	diaPASEF	0.95	protocol_text	Homo sapiens (human)	human	UCSD	Eric Bennett	cell culture	2025-02-07				
1752	PXD042657	Ubiquitin-specific proximity labeling for the identification of E3 ubiquitin ligase substrates	timsTOF Pro 2	TRUE	diaPASEF	0.95	protocol_text	Homo sapiens (human)	human	Department of Cancer Biology, Dana-Farber Cancer Institute, Boston, MA 02215, USA., Department of Biological Chemistry and Molecular Pharmacology, Harvard Medical School, Boston, MA 02115, USA	Eric Fischer	cell culture	2024-03-20				
1753	PXD050891	Fibroblasts of healthy control and COA5 mutation carrying patient	timsTOF Pro 2	TRUE	diaPASEF	0.95	protocol_text	Homo sapiens (human)	human	Head of Proteomics	Tuula Nyman		2025-01-07				
1754	PXD060086	Plectin-mediated cytoskeletal crosstalk as a target for inhibition of hepatocellular carcinoma growth and metastasis – subcellular in vitro profiling	timsTOF Pro	TRUE	DDA	0.85	protocol_text	Homo sapiens (human)	human	University of Vienna, Faculty of Chemistry, Department of Analytical Chemistry	Christopher Gerner	liver	2025-04-22				
1755	PXD042702	Ubiquitin-specific proximity labeling for the identification of E3 ubiquitin ligase substrates	timsTOF Pro 2	TRUE	diaPASEF	0.95	protocol_text	Homo sapiens (human)	human	Department of Cancer Biology, Dana-Farber Cancer Institute, Boston, MA 02215, USA., Department of Biological Chemistry and Molecular Pharmacology, Harvard Medical School, Boston, MA 02115, USA	Eric Fischer	cell culture	2024-03-20				
1756	PXD042700	Ubiquitin-specific proximity labeling for the identification of E3 ubiquitin ligase substrates	timsTOF Pro 2	TRUE	diaPASEF	0.95	protocol_text	Homo sapiens (human)	human	Department of Cancer Biology, Dana-Farber Cancer Institute, Boston, MA 02215, USA., Department of Biological Chemistry and Molecular Pharmacology, Harvard Medical School, Boston, MA 02115, USA	Eric Fischer	cell culture	2024-03-20				
1757	PXD059761	Selectivity for TP53 signalling drives the mode of action of a highly potent N,O,O-tridentate naphthoquinone-based organoruthenium anticancer drug candidate – in vivo plasma	timsTOF Pro	TRUE	PASEF	0.9	protocol_text	Mus musculus (mouse)	mouse	University of Vienna, Faculty of Chemistry, Department of Analytical Chemistry	Christopher Gerner	blood plasma	2025-08-24				
1758	PXD042698	Ubiquitin-specific proximity labeling for the identification of E3 ubiquitin ligase substrates	timsTOF Pro 2	TRUE	diaPASEF	0.95	protocol_text	Homo sapiens (human)	human	Department of Cancer Biology, Dana-Farber Cancer Institute, Boston, MA 02215, USA., Department of Biological Chemistry and Molecular Pharmacology, Harvard Medical School, Boston, MA 02115, USA	Eric Fischer	cell culture	2024-03-20				
1759	PXD051013	Lipid class-specific kinetics of plasma fatty acids, oxylipins, endocannabinoids, lysophospholipids and bile acids upon a lipopolysaccharide challenge of healthy humans and their modulation by anti-oxidative supplements	timsTOF Pro	TRUE	DDA	0.6	software_inference:maxquant	Homo sapiens (human)	human	University of Vienna, Faculty of Chemistry, Department of Analytical Chemistry	Christopher Gerner	blood plasma	2025-06-02				
1760	PXD041735	Mezigdomide is effective alone and in combination with Menin inhibition in Acute Myeloid Leukemia	timsTOF Pro 2	TRUE	diaPASEF	0.95	protocol_text	Homo sapiens (human)	human	Department of Cancer Biology, Dana-Farber Cancer Institute, Boston, MA 02215, USA., Department of Biological Chemistry and Molecular Pharmacology, Harvard Medical School, Boston, MA 02115, USA	Eric Fischer	cell culture	2024-02-15				
1761	PXD041737	Mezigdomide is effective alone and in combination with Menin inhibition in Acute Myeloid Leukemia	timsTOF Pro 2	TRUE	diaPASEF	0.95	protocol_text	Homo sapiens (human)	human	Department of Cancer Biology, Dana-Farber Cancer Institute, Boston, MA 02215, USA., Department of Biological Chemistry and Molecular Pharmacology, Harvard Medical School, Boston, MA 02115, USA	Eric Fischer	cell culture	2024-02-15				
1762	PXD041595	HAPSTR1 localizes HUWE1 to the nucleus to limit stress signaling pathways	timsTOF Pro 2	TRUE	diaPASEF	0.95	protocol_text	Homo sapiens (human)	human	Department of Cancer Biology, Dana-Farber Cancer Institute, Boston, MA 02215, USA., Department of Biological Chemistry and Molecular Pharmacology, Harvard Medical School, Boston, MA 02115, USA	Eric Fischer	cell culture	2023-05-14				
1763	PXD040953	UBR5 Forms Ligand-Dependent Complexes on Chromatin to Regulate Nuclear Hormone Receptor Stability	timsTOF Pro 2	TRUE	diaPASEF	0.95	protocol_text	Homo sapiens (human)	human	Department of Cancer Biology, Dana-Farber Cancer Institute, Boston, MA 02215, USA., Department of Biological Chemistry and Molecular Pharmacology, Harvard Medical School, Boston, MA 02115, USA	Eric Fischer	cell culture	2023-07-20				
1764	PXD061079	Anti-Cancer potential of a new Derivative of Caffeic Acid Phenethyl Ester targeting the centrosome	timsTOF Pro	TRUE	diaPASEF	0.95	protocol_text	Homo sapiens (human)	human	Proteomics Core Facility and Research Group Proteomics, CEITEC-MU, Masaryk University, Brno, Czech Republic	Zbynek Zdrahal	cell culture	2025-03-06				
1765	PXD040941	Discovery of a Highly Potent and Selective HDAC3 and HDAC8 PROTAC Dual Degrader	timsTOF Pro 2	TRUE	diaPASEF	0.95	protocol_text	Homo sapiens (human)	human	Department of Cancer Biology, Dana-Farber Cancer Institute, Boston, MA 02215, USA., Department of Biological Chemistry and Molecular Pharmacology, Harvard Medical School, Boston, MA 02115, USA	Eric Fischer	cell culture	2023-07-18				
1766	PXD038013	Quantitative proteome analysis to map the targets of small molecule UM171	timsTOF Pro 2	TRUE	diaPASEF	0.95	protocol_text	Homo sapiens (human)	human	Department of Cancer Biology, Dana-Farber Cancer Institute, Boston, MA 02215, USA., Department of Biological Chemistry and Molecular Pharmacology, Harvard Medical School, Boston, MA 02115, USA	Eric Fischer	cell culture	2023-03-26				
1767	PXD036969	Multi-omics provide evidence for an anti-inflammatory immune signature and metabolic alterations in patients with Long COVID Syndrome – an exploratory study (plasma)	timsTOF Pro	TRUE	PASEF	0.9	protocol_text	Homo sapiens (human)	human	University of Vienna, Faculty of Chemistry, Department of Analytical Chemistry	Christopher Gerner	blood plasma	2023-03-10				
1768	PXD033493	The plasma proteome is favorably modified by a high protein diet but not by additional resistance training in older adults - a 17-week randomized controlled trial	timsTOF Pro	TRUE	PASEF	0.9	protocol_text	Homo sapiens (human)	human	University of Vienna, Faculty of Chemistry, Department of Analytical Chemistry	Christopher Gerner	blood plasma	2022-10-15				
1769	PXD063245	Serum-derived human serum albumin as a source of undeclared proteins and compositional variability in commercially available IVF media	timsTOF Pro 2	TRUE	PASEF	0.9	protocol_text	Homo sapiens (human)	human	Proteomics Core Facility and Research Group Proteomics, CEITEC-MU, Masaryk University, Brno, Czech Republic	Zbynek Zdrahal		2025-08-11				
1770	PXD059055	The combined action of suicide gene exosomes from pancreatic cancer-associated fibroblasts and from mesenchymal stem cells as a pancreatic ductal adenocarcinoma treatment approach	timsTOF Pro	TRUE	PASEF	0.9	protocol_text	Homo sapiens (human)	human	Proteomics Core Facility and Research Group Proteomics, CEITEC-MU, Masaryk University, Brno, Czech Republic	Zbynek Zdrahal	cell culture	2025-08-08				
1771	PXD037164	Head and neck squamous cell carcinoma extracelular vesicles proteome LC-MS	timsTOF Pro	TRUE	diaPASEF	0.95	protocol_text	Homo sapiens (human)	human	Proteomics Core Facility and Research Group Proteomics, CEITEC-MU, Masaryk University, Brno, Czech Republic	Zbynek Zdrahal		2023-05-25				
1772	PXD034472	An Anticancer Rhenium Tricarbonyl Targets Fe-S Biogenesis in Ovarian Cancer Cells – Profiling	timsTOF Pro	TRUE	PASEF	0.9	protocol_text	Homo sapiens (human)	human	University of Vienna, Faculty of Chemistry, Department of Analytical Chemistry	Christopher Gerner	cell culture	2025-04-22				
1773	PXD034466	An Anticancer Rhenium Tricarbonyl Targets Fe-S Biogenesis in Ovarian Cancer Cells – Pull-Down	timsTOF Pro	TRUE	PASEF	0.9	protocol_text	Homo sapiens (human)	human	University of Vienna, Faculty of Chemistry, Department of Analytical Chemistry	Christopher Gerner	cell culture	2025-04-22				